HOG	OG	Gene Tree Parent Clade	Bacillus_subtilis_aa	Deinococcus_radiodurans_aa	Rhodococcus_erythropolis_aa
N1.HOG0000000	OG0000000	n0			ALU72144.1, ALU68423.1, ALU73499.1, ALU69437.1, ALU72899.1, ALU70741.1, ALU72958.1, ALU73109.1, ALU72903.1, ALU70737.1, ALU72148.1, ALU72954.1, ALU73105.1, ALU72147.1, ALU70738.1, ALU72902.1, ALU72955.1, ALU73106.1, ALU73107.1, ALU72956.1, ALU72146.1, ALU70739.1, ALU72901.1, ALU73108.1, ALU72957.1, ALU72145.1, ALU70740.1, ALU72900.1, ALU70736.1, ALU72904.1, ALU72149.1, ALU73104.1, ALU72953.1
N1.HOG0000001	OG0000001	n0			ALU70336.1, ALU69501.1, ALU67887.1, ALU68443.1, ALU73420.1, ALU72665.1, ALU70365.1, ALU72997.1, ALU69267.1, ALU73434.1, ALU68903.1, ALU73428.1, ALU71821.1, ALU68302.1, ALU68633.1, ALU72059.1, ALU67757.1, ALU68741.1, ALU67771.1, ALU70223.1, ALU71815.1, ALU69706.1, ALU68501.1
N1.HOG0000002	OG0000002	n0			ALU69547.1, ALU69140.1, ALU72934.1, ALU72213.1, ALU69061.1, ALU68794.1, ALU69907.1, ALU69135.1, ALU73393.1, ALU69330.1, ALU69542.1, ALU68305.1, ALU72751.1, ALU68056.1, ALU68004.1, ALU73724.1, ALU69716.1, ALU72930.1, ALU68725.1, ALU69684.1, ALU68621.1, ALU67797.1, ALU72402.1
N1.HOG0000003	OG0000003	n1		UDL00643.1	ALU71496.1
N1.HOG0000004	OG0000003	n6			ALU71022.1, ALU69919.1, ALU73632.1, ALU73298.1
N1.HOG0000005	OG0000003	n15		UDL01313.1	ALU69713.1, ALU68048.1, ALU69753.1
N1.HOG0000006	OG0000003	n18		UDL00011.1	ALU72626.1
N1.HOG0000007	OG0000004	n0			ALU70462.1, ALU70666.1, ALU68529.1, ALU67822.1, ALU69324.1, ALU71782.1, ALU73068.1, ALU72361.1, ALU69181.1, ALU72071.1, ALU70713.1, ALU68612.1, ALU72448.1, ALU68125.1, ALU68364.1, ALU69834.1, ALU71649.1, ALU68273.1, ALU68664.1, ALU72861.1
N1.HOG0000008	OG0000005	n2		UDL00019.1	ALU69678.1, ALU72813.1
N1.HOG0000009	OG0000005	n4		UDL01758.1	ALU69649.1
N1.HOG0000010	OG0000005	n8			ALU72250.1
N1.HOG0000011	OG0000005	n13		UDL01691.1	ALU71944.1
N1.HOG0000012	OG0000005	n14		UDK99912.1	ALU72876.1, ALU72847.1
N1.HOG0000013	OG0000006	n0		UDL01507.1	ALU73583.1, ALU68954.1, ALU69347.1, ALU73437.1, ALU71855.1, ALU73425.1, ALU71126.1, ALU73077.1
N1.HOG0000014	OG0000007	n0		UDL02249.1	ALU71610.1, ALU72825.1, ALU72850.1, ALU67788.1, ALU71611.1, ALU72838.1, ALU68508.1, ALU71341.1
N1.HOG0000015	OG0000008	n0		UDL01516.1	ALU71603.1, ALU72124.1, ALU72893.1, ALU71012.1, ALU71440.1, ALU73318.1, ALU68749.1, ALU69911.1, ALU69012.1, ALU69031.1, ALU69301.1, ALU68689.1, ALU71546.1, ALU73132.1
N1.HOG0000016	OG0000009	n0			ALU69281.1, ALU68710.1, ALU69892.1, ALU69659.1, ALU69318.1, ALU73056.1, ALU68870.1, ALU68200.1, ALU70679.1, ALU73771.1, ALU67659.1, ALU68513.1, ALU70970.1, ALU73651.1, ALU68527.1
N1.HOG0000017	OG0000010	n0			ALU73072.1, ALU69148.1, ALU67840.1, ALU72909.1, ALU73528.1, ALU69284.1, ALU69198.1, ALU70088.1, ALU73074.1, ALU69126.1, ALU68076.1, ALU67841.1, ALU68754.1, ALU72976.1, ALU72973.1
N1.HOG0000018	OG0000011	n0			ALU67931.1, ALU71029.1, ALU72339.1, ALU72338.1, ALU70717.1, ALU69968.1, ALU72038.1, ALU72406.1, ALU70105.1, ALU69969.1, ALU68020.1, ALU68007.1, ALU70507.1, ALU68008.1, ALU68829.1
N1.HOG0000019	OG0000012	n0			ALU68937.1, ALU71118.1, ALU68071.1, ALU72852.1, ALU69844.1, ALU68835.1, ALU68779.1, ALU72834.1, ALU72763.1, ALU72966.1, ALU68933.1, ALU69843.1, ALU68540.1, ALU73180.1, ALU69493.1
N1.HOG0000020	OG0000013	n1		UDL00563.1	
N1.HOG0000021	OG0000013	n9		UDL02088.1	
N1.HOG0000022	OG0000013	n10		UDL00990.1	
N1.HOG0000023	OG0000013	n11		UDK99975.1, UDL01344.1	
N1.HOG0000024	OG0000014	n0			ALU72504.1, ALU73691.1, ALU69266.1, ALU69860.1, ALU70719.1, ALU73043.1, ALU69496.1, ALU73429.1, ALU70745.1, ALU69123.1, ALU72627.1, ALU71143.1, ALU73044.1
N1.HOG0000025	OG0000015	n2		UDL00500.1	
N1.HOG0000026	OG0000015	n3		UDL01775.1, UDL00718.1	ALU67854.1
N1.HOG0000027	OG0000015	n9		UDK99753.1	ALU68019.1
N1.HOG0000028	OG0000016	n4			ALU72283.1, ALU72809.1, ALU72255.1
N1.HOG0000029	OG0000016	n7		UDK99957.1	ALU73629.1
N1.HOG0000030	OG0000016	n8		UDL01734.1	ALU69351.1
N1.HOG0000031	OG0000016	n9			ALU73496.1, ALU70497.1
N1.HOG0000032	OG0000017	n0		UDL00494.1, UDL02250.1, UDL00497.1, UDL01415.1, UDK99285.1	ALU72756.1, ALU70818.1, ALU67851.1, ALU72212.1, ALU70624.1, ALU71412.1, ALU72047.1
N1.HOG0000033	OG0000018	n0		UDL01227.1	ALU68359.1, ALU69332.1, ALU69539.1, ALU68347.1, ALU73672.1, ALU68346.1, ALU73671.1, ALU73008.1, ALU73007.1, ALU71673.1, ALU70156.1
N1.HOG0000034	OG0000019	n0		UDL00991.1	ALU72265.1, ALU68644.1, ALU69339.1, ALU73607.1, ALU69113.1, ALU70657.1, ALU70293.1, ALU72478.1, ALU71916.1, ALU68611.1, ALU68974.1
N1.HOG0000035	OG0000020	n0		UDL00318.1, UDL01744.1, UDL00817.1, UDL02072.1, UDL02087.1, UDK99775.1, UDK99984.1, UDL00187.1, UDL02116.1, UDK99817.1, UDL01588.1, UDL00380.1, UDL00777.1	
N1.HOG0000036	OG0000021	n0			ALU73069.1, ALU69152.1, ALU67845.1, ALU68800.1, ALU73669.1, ALU72932.1, ALU72933.1, ALU67981.1, ALU69127.1, ALU68080.1, ALU69298.1, ALU69690.1, ALU68607.1
N1.HOG0000037	OG0000022	n0			ALU67926.1, ALU70671.1, ALU71453.1, ALU71211.1, ALU73088.1, ALU72335.1, ALU68565.1, ALU68582.1, ALU71506.1, ALU69564.1, ALU69971.1, ALU70386.1, ALU70344.1
N1.HOG0000038	OG0000024	n1		UDL01299.1	ALU71290.1
N1.HOG0000039	OG0000024	n6		UDK99745.1	
N1.HOG0000040	OG0000024	n9		UDL01185.1, UDL00169.1	
N1.HOG0000041	OG0000025	n1		UDL00649.1	
N1.HOG0000042	OG0000025	n5			ALU72794.1, ALU71948.1, ALU67815.1, ALU71949.1
N1.HOG0000043	OG0000025	n9			ALU68123.1, ALU68827.1
N1.HOG0000044	OG0000026	n1			ALU71849.1
N1.HOG0000045	OG0000026	n2		UDK99963.1	ALU71856.1, ALU71859.1, ALU72920.1, ALU67971.1, ALU72919.1, ALU69497.1, ALU72918.1, ALU71851.1
N1.HOG0000046	OG0000027	n0		UDL01538.1	ALU70733.1, ALU72937.1, ALU72364.1, ALU73014.1, ALU72730.1, ALU70726.1, ALU73398.1
N1.HOG0000047	OG0000028	n0		UDK99338.1	ALU73194.1, ALU67985.1, ALU68921.1, ALU71365.1, ALU70048.1, ALU73536.1, ALU68648.1, ALU73526.1, ALU68548.1, ALU69343.1, ALU68521.1
N1.HOG0000048	OG0000029	n0		UDL00557.1, UDL02244.1, UDL01072.1, UDL00835.1, UDL01442.1, UDL01707.1, UDL02275.1, UDL02272.1, UDL01663.1, UDL01719.1, UDL02303.1, UDL02276.1	
N1.HOG0000049	OG0000030	n0		UDL01179.1	ALU71025.1, ALU68686.1, ALU69237.1, ALU68977.1, ALU68135.1, ALU72241.1, ALU68617.1, ALU68973.1, ALU71144.1, ALU71139.1, ALU70299.1
N1.HOG0000050	OG0000031	n0			ALU68551.1, ALU68552.1, ALU68026.1, ALU73086.1, ALU73085.1, ALU72723.1, ALU71952.1, ALU72273.1, ALU72274.1, ALU68027.1, ALU71953.1, ALU72724.1
N1.HOG0000051	OG0000032	n0			ALU71452.1, ALU73087.1, ALU69836.1, ALU68072.1, ALU72853.1, ALU68563.1, ALU68507.1, ALU73053.1, ALU69158.1, ALU69518.1, ALU70685.1, ALU68778.1
N1.HOG0000052	OG0000033	n0		UDL00213.1, UDL00691.1, UDL01697.1, UDL00349.1	ALU73163.1, ALU73435.1
N1.HOG0000053	OG0000034	n1			ALU69306.1
N1.HOG0000054	OG0000034	n3		UDL01018.1	ALU68547.1
N1.HOG0000055	OG0000035	n2		UDL01178.1	ALU71608.1
N1.HOG0000056	OG0000035	n3		UDL01639.1	ALU68021.1, ALU72982.1
N1.HOG0000057	OG0000036	n0			ALU71411.1, ALU68834.1, ALU72668.1, ALU69672.1, ALU69936.1, ALU69166.1, ALU69447.1, ALU70409.1, ALU72524.1, ALU70617.1
N1.HOG0000058	OG0000037	n0		UDL01116.1, UDL01005.1, UDL00816.1, UDL00182.1, UDK99563.1, UDL01619.1, UDL00912.1	ALU71078.1, ALU68370.1
N1.HOG0000059	OG0000038	n0		UDL01250.1, UDL02187.1, UDL02089.1, UDL00407.1, UDL02155.1, UDL02018.1, UDL02256.1, UDL02238.1, UDK99226.1, UDL02228.1, UDL02186.1	
N1.HOG0000060	OG0000039	n0			ALU69131.1, ALU72507.1, ALU70724.1, ALU73063.1, ALU67806.1, ALU67807.1, ALU72506.1, ALU69621.1, ALU70634.1, ALU68967.1, ALU72073.1
N1.HOG0000061	OG0000040	n1		UDK99380.1	ALU68230.1, ALU73602.1, ALU70016.1
N1.HOG0000062	OG0000040	n5			ALU69536.1, ALU70100.1
N1.HOG0000063	OG0000041	n0		UDL00966.1	ALU68737.1, ALU68804.1, ALU72798.1, ALU68630.1, ALU71706.1, ALU68244.1, ALU72925.1
N1.HOG0000064	OG0000042	n3			ALU71602.1
N1.HOG0000065	OG0000042	n5			ALU72452.1
N1.HOG0000066	OG0000042	n7		UDL01425.1	ALU72167.1
N1.HOG0000067	OG0000044	n0			ALU71031.1
N1.HOG0000068	OG0000045	n1			ALU70086.1, ALU71766.1, ALU72742.1
N1.HOG0000069	OG0000045	n4		UDL02179.1	
N1.HOG0000070	OG0000045	n5		UDK99658.1, UDK99669.1	
N1.HOG0000071	OG0000046	n1		UDL00825.1, UDL00444.1	ALU69677.1, ALU70555.1, ALU70554.1, ALU69446.1
N1.HOG0000072	OG0000046	n7		UDL00475.1	
N1.HOG0000073	OG0000047	n0			ALU71172.1, ALU73126.1, ALU71580.1, ALU71769.1, ALU70958.1, ALU70460.1, ALU72837.1, ALU71665.1
N1.HOG0000074	OG0000048	n1		UDL00738.1, UDL00400.1	ALU69333.1, ALU68360.1
N1.HOG0000075	OG0000048	n5			ALU68348.1, ALU73773.1, ALU68429.1, ALU69537.1
N1.HOG0000076	OG0000049	n0		UDL01207.1, UDL02253.1, UDL02252.1	ALU70995.1, ALU70996.1
N1.HOG0000077	OG0000050	n0			ALU68717.1, ALU71218.1, ALU68718.1, ALU70133.1
N1.HOG0000078	OG0000051	n0		UDL01630.1, UDL01523.1, UDL00917.1, UDL00367.1	ALU68187.1, ALU70568.1, ALU68186.1, ALU70445.1, ALU71937.1
N1.HOG0000079	OG0000052	n5		UDL01686.1	ALU67875.1, ALU71045.1
N1.HOG0000080	OG0000052	n7		UDL02016.1	ALU68756.1, ALU72132.1
N1.HOG0000081	OG0000053	n1		UDL00466.1	ALU68350.1, ALU71253.1, ALU72981.1, ALU72734.1
N1.HOG0000082	OG0000053	n7		UDL00445.1	ALU68934.1
N1.HOG0000083	OG0000054	n0		UDL01395.1	ALU70700.1, ALU72776.1, ALU72971.1, ALU72315.1, ALU73564.1, ALU67849.1, ALU68500.1
N1.HOG0000084	OG0000055	n3			ALU72254.1, ALU72293.1, ALU70013.1
N1.HOG0000085	OG0000055	n7		UDK99884.1	ALU70557.1
N1.HOG0000086	OG0000055	n8		UDL00025.1	ALU72551.1
N1.HOG0000087	OG0000056	n0		UDK99346.1, UDL02158.1, UDL02307.1, UDL02241.1, UDL01693.1, UDL01637.1, UDL02227.1, UDL02141.1, UDL02258.1, UDL02185.1	
N1.HOG0000088	OG0000057	n0		UDK99906.1	ALU70410.1, ALU68987.1, ALU71621.1, ALU73010.1, ALU72714.1, ALU69845.1, ALU69609.1, ALU69312.1, ALU69310.1
N1.HOG0000089	OG0000058	n0		UDL01505.1	ALU70972.1, ALU67711.1, ALU68732.1, ALU69725.1, ALU69726.1, ALU68672.1, ALU67904.1, ALU68855.1, ALU69656.1
N1.HOG0000090	OG0000059	n0			ALU67850.1, ALU70625.1, ALU73062.1, ALU73250.1, ALU69846.1, ALU68651.1, ALU68248.1, ALU69978.1, ALU67686.1, ALU73525.1
N1.HOG0000091	OG0000060	n0			ALU70701.1, ALU68847.1, ALU72508.1, ALU73535.1, ALU73539.1, ALU68816.1, ALU69340.1, ALU69531.1, ALU70050.1, ALU67811.1
N1.HOG0000092	OG0000061	n0			ALU68237.1, ALU68810.1, ALU73725.1, ALU73320.1, ALU70068.1, ALU67825.1, ALU73055.1, ALU72842.1, ALU71520.1, ALU73720.1
N1.HOG0000093	OG0000062	n0			ALU72151.1, ALU70734.1, ALU72906.1, ALU73102.1, ALU72951.1, ALU70735.1, ALU72905.1, ALU72150.1, ALU72952.1, ALU73103.1
N1.HOG0000094	OG0000064	n0		UDL01981.1	ALU70189.1, ALU71866.1
N1.HOG0000095	OG0000065	n0		UDL00440.1, UDL00533.1, UDL00814.1	ALU68705.1, ALU71511.1
N1.HOG0000096	OG0000066	n0			ALU71213.1
N1.HOG0000097	OG0000067	n2		UDL00477.1	ALU71720.1, ALU70920.1
N1.HOG0000098	OG0000067	n4		UDL01262.1, UDL00652.1	ALU69203.1
N1.HOG0000099	OG0000068	n0		UDL00443.1	ALU70160.1, ALU69623.1, ALU68112.1, ALU69578.1, ALU71340.1, ALU69568.1
N1.HOG0000100	OG0000069	n0		UDL01228.1	ALU73006.1, ALU71672.1, ALU70155.1, ALU69538.1, ALU69334.1, ALU68345.1, ALU73670.1
N1.HOG0000101	OG0000070	n1		UDL01986.1	ALU73064.1
N1.HOG0000102	OG0000070	n3			ALU68786.1, ALU71468.1, ALU71369.1, ALU73048.1, ALU69676.1
N1.HOG0000103	OG0000071	n0		UDL01817.1	
N1.HOG0000104	OG0000072	n0		UDL02056.1	ALU70208.1, ALU70051.1, ALU72967.1, ALU69533.1, ALU71710.1, ALU69873.1
N1.HOG0000105	OG0000073	n0		UDL01571.1, UDL00587.1	ALU69402.1, ALU73162.1, ALU71764.1, ALU68041.1
N1.HOG0000106	OG0000074	n1		UDK99457.1	ALU69983.1
N1.HOG0000107	OG0000074	n2		UDK99951.1, UDK99950.1, UDK99303.1, UDK99731.1, UDL00033.1, UDL00120.1	ALU72962.1
N1.HOG0000108	OG0000075	n0			ALU73273.1, ALU68871.1, ALU69850.1, ALU71899.1, ALU68505.1, ALU69584.1, ALU67821.1, ALU69093.1, ALU72133.1
N1.HOG0000109	OG0000076	n0			ALU69323.1, ALU70424.1, ALU73019.1, ALU70220.1, ALU72128.1, ALU67958.1, ALU73413.1, ALU70746.1, ALU72983.1
N1.HOG0000110	OG0000077	n0			ALU69062.1, ALU68349.1, ALU71560.1, ALU72670.1, ALU73542.1, ALU69085.1, ALU72947.1, ALU72494.1, ALU73531.1
N1.HOG0000111	OG0000078	n0			ALU70819.1, ALU72190.1, ALU73059.1, ALU69582.1, ALU68585.1, ALU72037.1, ALU69829.1, ALU69746.1, ALU72036.1
N1.HOG0000112	OG0000079	n0			ALU68812.1, ALU68769.1, ALU71390.1, ALU69412.1, ALU72055.1, ALU70463.1, ALU70496.1, ALU73523.1, ALU68830.1
N1.HOG0000113	OG0000080	n0			ALU72865.1, ALU70936.1, ALU73487.1, ALU73277.1, ALU73341.1, ALU73278.1, ALU69874.1, ALU69420.1, ALU68844.1
N1.HOG0000114	OG0000081	n0		UDL00156.1	ALU70000.1, ALU71147.1, ALU72391.1, ALU70055.1
N1.HOG0000115	OG0000082	n1		UDK99488.1	
N1.HOG0000116	OG0000082	n3		UDK99968.1	ALU73441.1, ALU70924.1, ALU72607.1
N1.HOG0000117	OG0000083	n1		UDL02203.1	ALU71274.1
N1.HOG0000118	OG0000083	n3			ALU67717.1
N1.HOG0000119	OG0000085	n0		UDL00061.1	ALU67735.1, ALU69826.1, ALU68936.1, ALU72598.1
N1.HOG0000120	OG0000086	n0		UDK99316.1	ALU67902.1, ALU72053.1, ALU70459.1, ALU72889.1, ALU72788.1, ALU71915.1
N1.HOG0000121	OG0000087	n5		UDK99659.1	ALU69634.1
N1.HOG0000122	OG0000087	n6		UDL00720.1	ALU71026.1
N1.HOG0000123	OG0000088	n1		UDL01028.1, UDL01990.1	ALU70973.1, ALU71249.1
N1.HOG0000124	OG0000088	n5		UDK99882.1	
N1.HOG0000125	OG0000089	n1		UDK99800.1	
N1.HOG0000126	OG0000089	n2		UDL01662.1	ALU72843.1, ALU69519.1
N1.HOG0000127	OG0000090	n1			ALU71829.1
N1.HOG0000128	OG0000090	n3		UDL00789.1, UDK99531.1	ALU73418.1, ALU68442.1
N1.HOG0000129	OG0000091	n1		UDK99286.1	ALU68760.1, ALU73375.1, ALU72747.1
N1.HOG0000130	OG0000091	n5			ALU69006.1, ALU68061.1
N1.HOG0000131	OG0000092	n0			ALU68473.1, ALU70533.1, ALU71928.1, ALU68472.1, ALU68424.1, ALU68132.1, ALU70772.1
N1.HOG0000132	OG0000093	n1		UDL01978.1, UDL00102.1	ALU73514.1, ALU68155.1
N1.HOG0000133	OG0000093	n5			ALU67747.1
N1.HOG0000134	OG0000094	n0		UDL00831.1, UDL00131.1	ALU70018.1, ALU69788.1
N1.HOG0000135	OG0000095	n0		UDL01321.1, UDK99650.1	ALU67893.1, ALU68671.1, ALU68087.1, ALU69905.1, ALU69904.1
N1.HOG0000136	OG0000096	n1			ALU67763.1
N1.HOG0000137	OG0000096	n2		UDK99389.1, UDK99537.1	ALU72206.1
N1.HOG0000138	OG0000097	n0		UDK99657.1	ALU72741.1, ALU71767.1, ALU70085.1, ALU73052.1
N1.HOG0000139	OG0000098	n0		UDK99891.1	ALU69270.1, ALU71363.1, ALU73463.1, ALU71920.1, ALU72474.1, ALU70658.1
N1.HOG0000140	OG0000099	n1		UDL02054.1	ALU70791.1
N1.HOG0000141	OG0000099	n4			ALU71903.1
N1.HOG0000142	OG0000100	n0		UDL01318.1	ALU72768.1, ALU68792.1, ALU72262.1, ALU69707.1, ALU72916.1, ALU70563.1
N1.HOG0000143	OG0000101	n0		UDK99451.1, UDL00055.1	ALU72678.1, ALU69950.1, ALU72795.1
N1.HOG0000144	OG0000102	n0		UDL01902.1	ALU69773.1, ALU70723.1, ALU72771.1, ALU73519.1, ALU67727.1, ALU73325.1
N1.HOG0000145	OG0000103	n0		UDL01911.1	ALU70043.1, ALU69291.1, ALU69289.1
N1.HOG0000146	OG0000104	n0		UDL01616.1, UDK99600.1	ALU69739.1, ALU69738.1, ALU70159.1, ALU68537.1, ALU67769.1
N1.HOG0000147	OG0000105	n0		UDL01544.1	ALU69034.1, ALU70385.1, ALU72926.1, ALU72946.1, ALU73319.1, ALU73131.1, ALU68426.1
N1.HOG0000148	OG0000106	n0			ALU67676.1, ALU69234.1, ALU69233.1, ALU72844.1, ALU67687.1, ALU72856.1, ALU72641.1, ALU72414.1
N1.HOG0000149	OG0000107	n0			ALU68324.1, ALU67685.1, ALU69681.1, ALU67991.1, ALU69549.1, ALU70616.1, ALU67984.1, ALU68788.1
N1.HOG0000150	OG0000108	n0			ALU71685.1, ALU71721.1, ALU69670.1, ALU72591.1, ALU69709.1, ALU71961.1, ALU67781.1, ALU71756.1
N1.HOG0000151	OG0000109	n0			ALU71445.1, ALU72883.1, ALU72602.1, ALU71817.1, ALU73616.1, ALU72590.1, ALU72696.1, ALU73392.1
N1.HOG0000152	OG0000110	n0			ALU73480.1, ALU73656.1, ALU73378.1, ALU73379.1, ALU73422.1, ALU73410.1, ALU73442.1, ALU73559.1
N1.HOG0000153	OG0000111	n0		UDL00184.1	ALU73135.1, ALU68935.1, ALU72194.1, ALU69471.1, ALU72481.1
N1.HOG0000154	OG0000112	n1		UDK99694.1	
N1.HOG0000155	OG0000112	n2		UDL01696.1	ALU67684.1, ALU70773.1
N1.HOG0000156	OG0000113	n0			ALU70631.1, ALU72789.1, ALU67768.1, ALU68978.1, ALU73608.1
N1.HOG0000157	OG0000114	n0		UDL01284.1	ALU67725.1, ALU70093.1, ALU69176.1
N1.HOG0000158	OG0000115	n0		UDL01184.1, UDL02205.1, UDL01601.1, UDK99744.1	
N1.HOG0000159	OG0000116	n0		UDK99829.1	ALU67760.1, ALU73245.1, ALU72695.1, ALU70489.1, ALU68577.1
N1.HOG0000160	OG0000117	n0			ALU72594.1, ALU68405.1, ALU73506.1, ALU72297.1
N1.HOG0000161	OG0000119	n1		UDL01850.1	ALU70435.1, ALU70708.1
N1.HOG0000162	OG0000119	n4		UDL00700.1	ALU70621.1
N1.HOG0000163	OG0000120	n1			ALU68446.1
N1.HOG0000164	OG0000120	n2		UDL00294.1	ALU69190.1, ALU68940.1, ALU68866.1
N1.HOG0000165	OG0000121	n0		UDK99725.1	ALU72803.1, ALU72421.1
N1.HOG0000166	OG0000122	n2		UDK99294.1	
N1.HOG0000167	OG0000122	n3		UDK99248.1	
N1.HOG0000168	OG0000123	n1		UDL01398.1	
N1.HOG0000169	OG0000123	n2		UDL02096.1	ALU70312.1
N1.HOG0000170	OG0000124	n0		UDL02170.1, UDL02219.1, UDK99785.1	ALU68151.1, ALU72435.1, ALU70640.1
N1.HOG0000171	OG0000125	n0		UDL01653.1	ALU68375.1, ALU68316.1
N1.HOG0000172	OG0000126	n0		UDL01794.1	ALU72219.1, ALU70216.1, ALU68096.1, ALU70396.1
N1.HOG0000173	OG0000127	n0		UDL00647.1, UDK99274.1, UDL00964.1, UDL01034.1	ALU70374.1
N1.HOG0000174	OG0000128	n0		UDL00658.1	ALU68153.1, ALU73512.1, ALU67724.1
N1.HOG0000175	OG0000129	n0		UDL00095.1	ALU69742.1, ALU68654.1, ALU70981.1
N1.HOG0000176	OG0000130	n1			ALU71334.1
N1.HOG0000177	OG0000130	n2			ALU72580.1, ALU71446.1
N1.HOG0000178	OG0000131	n0		UDL00149.1, UDL00150.1	ALU72880.1
N1.HOG0000179	OG0000132	n0		UDL00080.1	ALU73505.1, ALU68404.1, ALU72587.1, ALU72517.1
N1.HOG0000180	OG0000133	n1			ALU68184.1
N1.HOG0000181	OG0000133	n3		UDL01504.1	ALU70588.1, ALU69425.1
N1.HOG0000182	OG0000134	n0		UDL01265.1	ALU67888.1, ALU68953.1, ALU70879.1, ALU70004.1
N1.HOG0000183	OG0000135	n0		UDK99269.1	ALU72454.1, ALU70794.1, ALU70515.1, ALU68806.1, ALU69827.1
N1.HOG0000184	OG0000136	n0		UDL01261.1, UDL00474.1, UDL01350.1, UDK99929.1, UDL00384.1, UDL01900.1	
N1.HOG0000185	OG0000137	n0		UDL00808.1	ALU69098.1, ALU72630.1, ALU71257.1, ALU70074.1, ALU68193.1
N1.HOG0000186	OG0000138	n0		UDL01540.1	ALU69465.1, ALU72645.1, ALU72359.1, ALU69272.1, ALU68632.1
N1.HOG0000187	OG0000139	n0		UDK99365.1	ALU72845.1, ALU69229.1, ALU69107.1, ALU72846.1
N1.HOG0000188	OG0000140	n0		UDL02243.1, UDK99827.1, UDL01414.1	ALU69658.1, ALU68158.1, ALU68543.1
N1.HOG0000189	OG0000141	n0		UDL01813.1	ALU72543.1, ALU72554.1, ALU73213.1, ALU73214.1
N1.HOG0000190	OG0000142	n0		UDL01338.1	ALU72189.1, ALU73060.1, ALU72035.1, ALU69583.1, ALU68586.1
N1.HOG0000191	OG0000143	n0		UDL01847.1	ALU71823.1, ALU72944.1, ALU68947.1, ALU72671.1, ALU72041.1
N1.HOG0000192	OG0000144	n0		UDL01940.1, UDL01004.1, UDL01003.1, UDL01736.1, UDK99348.1, UDL01801.1, UDL01117.1	
N1.HOG0000193	OG0000145	n0		UDK99477.1, UDL01156.1, UDL00178.1	ALU72515.1, ALU69699.1, ALU70769.1, ALU72313.1
N1.HOG0000194	OG0000146	n0		UDK99978.1	ALU70500.1, ALU69442.1, ALU72279.1, ALU67710.1, ALU68763.1, ALU71675.1
N1.HOG0000195	OG0000147	n0		UDL00138.1	ALU73399.1, ALU73453.1, ALU73031.1, ALU72104.1, ALU70326.1, ALU71435.1
N1.HOG0000196	OG0000148	n0		UDL00217.1	ALU69070.1, ALU69477.1, ALU73075.1, ALU69426.1, ALU69124.1, ALU68574.1
N1.HOG0000197	OG0000149	n0		UDL02156.1	ALU73443.1, ALU73423.1, ALU73560.1, ALU73409.1, ALU73481.1, ALU73743.1
N1.HOG0000198	OG0000150	n0			ALU69297.1, ALU72161.1, ALU68608.1, ALU67848.1, ALU67847.1, ALU69149.1, ALU73071.1
N1.HOG0000199	OG0000151	n0			ALU68143.1, ALU72835.1, ALU71059.1, ALU71793.1, ALU68980.1, ALU71364.1, ALU71235.1
N1.HOG0000200	OG0000152	n0			ALU68146.1, ALU71437.1, ALU71441.1, ALU69632.1, ALU68578.1, ALU69617.1, ALU68228.1
N1.HOG0000201	OG0000153	n0			ALU72260.1, ALU69026.1, ALU69033.1, ALU69032.1, ALU69027.1, ALU68433.1, ALU68432.1
N1.HOG0000202	OG0000154	n0			ALU68833.1, ALU72240.1, ALU68476.1, ALU69804.1, ALU68735.1, ALU69189.1, ALU70869.1
N1.HOG0000203	OG0000155	n0			ALU71205.1, ALU72344.1, ALU72345.1, ALU72622.1, ALU72242.1, ALU71735.1, ALU72692.1
N1.HOG0000204	OG0000156	n1		UDL00170.1	ALU67672.1
N1.HOG0000205	OG0000156	n3		UDL01566.1	
N1.HOG0000206	OG0000157	n1			ALU68993.1
N1.HOG0000207	OG0000157	n2		UDK99614.1	ALU68995.1, ALU71694.1
N1.HOG0000208	OG0000158	n1		UDK99723.1	
N1.HOG0000209	OG0000158	n2		UDL01120.1	ALU68053.1
N1.HOG0000210	OG0000159	n0		UDL00490.1	ALU70319.1
N1.HOG0000211	OG0000160	n1		UDL01791.1	ALU71427.1
N1.HOG0000212	OG0000160	n4		UDK99952.1	
N1.HOG0000213	OG0000161	n0			ALU73027.1, ALU72491.1, ALU72948.1, ALU69115.1, ALU73532.1
N1.HOG0000214	OG0000162	n1			ALU71896.1
N1.HOG0000215	OG0000162	n2		UDL00597.1	ALU71325.1
N1.HOG0000216	OG0000164	n0		UDL00004.1	ALU67716.1, ALU68366.1
N1.HOG0000217	OG0000165	n1			ALU71566.1
N1.HOG0000218	OG0000165	n2		UDL00854.1, UDL00754.1	ALU70775.1
N1.HOG0000219	OG0000166	n0		UDL02108.1	ALU68387.1
N1.HOG0000220	OG0000168	n0		UDL01897.1	ALU72325.1, ALU68858.1, ALU72407.1
N1.HOG0000221	OG0000169	n0		UDL01017.1	ALU69292.1
N1.HOG0000222	OG0000170	n0		UDK99262.1	
N1.HOG0000223	OG0000171	n0			ALU71355.1, ALU71210.1, ALU68902.1, ALU67662.1, ALU69342.1
N1.HOG0000224	OG0000172	n0		UDK99455.1, UDL02013.1	ALU69419.1, ALU69567.1, ALU70311.1
N1.HOG0000225	OG0000173	n0		UDK99741.1	
N1.HOG0000226	OG0000174	n0			ALU69248.1
N1.HOG0000227	OG0000175	n1		UDK99832.1	
N1.HOG0000228	OG0000175	n2		UDL01731.1, UDL00113.1	ALU69344.1
N1.HOG0000229	OG0000176	n0		UDL01547.1	ALU70210.1, ALU70298.1, ALU73396.1, ALU71436.1
N1.HOG0000230	OG0000177	n0		UDL00707.1	ALU73115.1, ALU72840.1, ALU72864.1, ALU71185.1
N1.HOG0000231	OG0000178	n0		UDL00659.1	ALU68154.1, ALU73513.1
N1.HOG0000232	OG0000179	n0		UDL01026.1	ALU71432.1, ALU72415.1
N1.HOG0000233	OG0000180	n0		UDL00548.1, UDK99649.1, UDL00642.1, UDL00154.1	
N1.HOG0000234	OG0000181	n0		UDL01610.1	ALU72651.1, ALU71609.1, ALU69638.1
N1.HOG0000235	OG0000182	n0		UDL00997.1	ALU70469.1
N1.HOG0000236	OG0000183	n0		UDK99323.1	ALU72045.1, ALU71789.1, ALU71723.1
N1.HOG0000237	OG0000184	n0		UDL00333.1, UDK99634.1	ALU72257.1, ALU69922.1, ALU69986.1
N1.HOG0000238	OG0000185	n0		UDK99747.1	ALU70615.1, ALU71918.1, ALU68777.1, ALU69916.1
N1.HOG0000239	OG0000186	n0		UDL01949.1	ALU71803.1
N1.HOG0000240	OG0000187	n1			ALU70265.1
N1.HOG0000241	OG0000187	n2		UDL00017.1	ALU73383.1, ALU70553.1
N1.HOG0000242	OG0000188	n0		UDL00648.1	ALU72766.1, ALU71597.1
N1.HOG0000243	OG0000189	n0		UDL00127.1, UDL00126.1, UDL00796.1	ALU70304.1
N1.HOG0000244	OG0000190	n0		UDL01199.1, UDK99656.1	ALU71638.1
N1.HOG0000245	OG0000191	n1		UDL02260.1	ALU73333.1
N1.HOG0000246	OG0000191	n3			ALU71887.1, ALU70187.1
N1.HOG0000247	OG0000192	n0		UDL01648.1, UDL00459.1	ALU69711.1, ALU71736.1, ALU68743.1
N1.HOG0000248	OG0000193	n2		UDL01482.1	ALU67750.1, ALU73518.1
N1.HOG0000249	OG0000193	n4		UDK99644.1	ALU69622.1
N1.HOG0000250	OG0000194	n0		UDL00631.1, UDL01527.1	ALU72341.1, ALU68896.1, ALU68924.1
N1.HOG0000251	OG0000195	n2		UDL01334.1	
N1.HOG0000252	OG0000195	n3		UDL00621.1, UDL01834.1	
N1.HOG0000253	OG0000196	n0		UDK99352.1	ALU67695.1, ALU71034.1, ALU69861.1, ALU67961.1
N1.HOG0000254	OG0000197	n3		UDL01578.1	ALU68890.1
N1.HOG0000255	OG0000197	n4		UDL02152.1	ALU70886.1
N1.HOG0000256	OG0000198	n0		UDL01908.1	ALU70046.1, ALU70047.1, ALU69288.1
N1.HOG0000257	OG0000199	n0		UDK99792.1, UDL02083.1	ALU69502.1, ALU68301.1, ALU71822.1
N1.HOG0000258	OG0000200	n0		UDK99618.1	ALU71579.1, ALU70959.1, ALU71173.1, ALU71768.1
N1.HOG0000259	OG0000201	n0		UDK99313.1, UDL02268.1, UDL01327.1, UDK99371.1, UDL00965.1, UDL01548.1	
N1.HOG0000260	OG0000202	n0		UDK99594.1, UDL01436.1, UDL01974.1, UDL01912.1, UDK99902.1, UDL01829.1	
N1.HOG0000261	OG0000203	n0		UDL01272.1	ALU67692.1, ALU67920.1, ALU67803.1, ALU73584.1, ALU73586.1
N1.HOG0000262	OG0000204	n0		UDL01903.1	ALU67810.1, ALU71954.1, ALU71209.1, ALU72854.1, ALU70952.1
N1.HOG0000263	OG0000205	n0		UDL02248.1	ALU69159.1, ALU71339.1, ALU71500.1, ALU72683.1, ALU68512.1
N1.HOG0000264	OG0000206	n0			ALU67680.1, ALU69311.1, ALU72332.1, ALU68852.1, ALU71426.1, ALU68722.1
N1.HOG0000265	OG0000207	n0			ALU68000.1, ALU68659.1, ALU71919.1, ALU70629.1, ALU70664.1, ALU67833.1
N1.HOG0000266	OG0000208	n0			ALU71463.1, ALU70803.1, ALU68441.1, ALU67889.1, ALU68067.1, ALU68631.1
N1.HOG0000267	OG0000209	n0			ALU68005.1, ALU73287.1, ALU71389.1, ALU68166.1, ALU73364.1, ALU73049.1
N1.HOG0000268	OG0000210	n0			ALU69680.1, ALU72264.1, ALU72688.1, ALU68900.1, ALU71931.1, ALU68097.1
N1.HOG0000269	OG0000211	n0			ALU69421.1, ALU73517.1, ALU69478.1, ALU72214.1, ALU68157.1, ALU68161.1
N1.HOG0000270	OG0000212	n0			ALU68207.1, ALU69529.1, ALU72099.1, ALU68694.1, ALU73461.1, ALU68418.1
N1.HOG0000271	OG0000213	n0			ALU68393.1, ALU69180.1, ALU69224.1, ALU72728.1, ALU72667.1, ALU69122.1
N1.HOG0000272	OG0000214	n0			ALU68655.1, ALU73448.1, ALU68483.1, ALU69262.1, ALU73444.1, ALU73467.1
N1.HOG0000273	OG0000215	n0			ALU68526.1, ALU68545.1, ALU71810.1, ALU68729.1, ALU69532.1, ALU69213.1
N1.HOG0000274	OG0000216	n0			ALU69116.1, ALU73026.1, ALU73533.1, ALU72492.1, ALU69064.1, ALU70313.1
N1.HOG0000275	OG0000217	n0			ALU69715.1, ALU69717.1, ALU72653.1, ALU70786.1, ALU70393.1, ALU69429.1
N1.HOG0000276	OG0000218	n0			ALU69457.1, ALU71788.1, ALU71784.1, ALU69456.1, ALU69455.1, ALU71785.1
N1.HOG0000277	OG0000219	n0			ALU71140.1, ALU69820.1, ALU69821.1, ALU69553.1, ALU72961.1, ALU71678.1
N1.HOG0000278	OG0000220	n1			ALU67912.1
N1.HOG0000279	OG0000220	n2		UDL01622.1	ALU68929.1
N1.HOG0000280	OG0000221	n2		UDK99249.1	ALU71131.1
N1.HOG0000281	OG0000221	n3		UDL01518.1	ALU68351.1
N1.HOG0000282	OG0000222	n1		UDK99443.1	ALU70236.1
N1.HOG0000283	OG0000222	n3		UDK99652.1	
N1.HOG0000284	OG0000223	n2		UDL01512.1	
N1.HOG0000285	OG0000223	n3		UDL01667.1	
N1.HOG0000286	OG0000225	n1		UDL01926.1	
N1.HOG0000287	OG0000225	n3		UDL01603.1	
N1.HOG0000288	OG0000226	n0			ALU72912.1, ALU72661.1, ALU70196.1
N1.HOG0000289	OG0000227	n0		UDL02257.1	
N1.HOG0000290	OG0000228	n1			ALU71314.1
N1.HOG0000291	OG0000228	n2			ALU72917.1, ALU69734.1
N1.HOG0000292	OG0000229	n0		UDL01253.1, UDL01249.1	ALU70103.1, ALU67655.1
N1.HOG0000293	OG0000230	n0			ALU73402.1, ALU68643.1, ALU72996.1
N1.HOG0000294	OG0000231	n0			ALU72268.1, ALU70286.1, ALU69247.1, ALU70407.1
N1.HOG0000295	OG0000232	n0		UDL01428.1	ALU68290.1, ALU72463.1, ALU71633.1
N1.HOG0000296	OG0000235	n0		UDL01270.1	ALU72249.1
N1.HOG0000297	OG0000236	n0		UDL01783.1	ALU73573.1, ALU69750.1, ALU67666.1
N1.HOG0000298	OG0000237	n0		UDL00290.1	ALU68942.1, ALU68822.1, ALU69101.1
N1.HOG0000299	OG0000238	n0		UDL00166.1, UDK99220.1, UDK99523.1	ALU71612.1
N1.HOG0000300	OG0000239	n0		UDL00360.1	ALU70709.1
N1.HOG0000301	OG0000240	n0		UDL00710.1	ALU70080.1, ALU71714.1
N1.HOG0000302	OG0000241	n0		UDL01039.1	ALU68197.1, ALU70271.1
N1.HOG0000303	OG0000242	n0		UDL02161.1	
N1.HOG0000304	OG0000243	n0		UDL00415.1	ALU70630.1, ALU72125.1
N1.HOG0000305	OG0000244	n0		UDL00363.1	ALU72083.1, ALU68502.1, ALU72043.1
N1.HOG0000306	OG0000245	n0		UDL00171.1, UDL00678.1	ALU71825.1
N1.HOG0000307	OG0000246	n0		UDL01714.1	ALU70453.1
N1.HOG0000308	OG0000247	n2		UDL00007.1	ALU68922.1
N1.HOG0000309	OG0000247	n3		UDL01040.1	ALU70381.1
N1.HOG0000310	OG0000249	n0		UDL02245.1	ALU67923.1
N1.HOG0000311	OG0000250	n0		UDL02247.1	ALU68509.1, ALU69840.1, ALU68111.1
N1.HOG0000312	OG0000251	n0		UDL01042.1	ALU71659.1, ALU68931.1
N1.HOG0000313	OG0000252	n0		UDL01418.1, UDL02105.1	ALU70038.1, ALU69238.1
N1.HOG0000314	OG0000254	n0		UDL01361.1	ALU72656.1, ALU67800.1
N1.HOG0000315	OG0000255	n0		UDL00858.1	ALU70608.1
N1.HOG0000316	OG0000256	n0		UDL00136.1	ALU71425.1
N1.HOG0000317	OG0000257	n0		UDL01898.1	ALU68335.1, ALU71264.1
N1.HOG0000318	OG0000258	n0		UDL00161.1	ALU71819.1, ALU69588.1, ALU71296.1
N1.HOG0000319	OG0000259	n0		UDL01576.1	ALU68023.1, ALU68024.1, ALU71591.1
N1.HOG0000320	OG0000260	n0		UDL01165.1, UDL01382.1	ALU72758.1
N1.HOG0000321	OG0000261	n0		UDL00999.1, UDL00998.1	ALU72738.1
N1.HOG0000322	OG0000262	n0		UDK99475.1, UDL00504.1, UDL01963.1	ALU71717.1
N1.HOG0000323	OG0000263	n0		UDL00071.1	ALU69915.1
N1.HOG0000324	OG0000264	n0		UDL00014.1, UDL01608.1	ALU71046.1
N1.HOG0000325	OG0000265	n0		UDL00923.1	ALU69453.1, ALU73665.1
N1.HOG0000326	OG0000266	n0		UDL01365.1	ALU69206.1, ALU70873.1
N1.HOG0000327	OG0000268	n0		UDL01957.1	ALU73572.1
N1.HOG0000328	OG0000269	n0		UDL01302.1	ALU71272.1, ALU68328.1, ALU68336.1
N1.HOG0000329	OG0000270	n0		UDL00995.1	ALU73323.1, ALU69021.1, ALU68753.1
N1.HOG0000330	OG0000271	n0		UDL02287.1	ALU70833.1, ALU71498.1
N1.HOG0000331	OG0000272	n0			ALU70764.1
N1.HOG0000332	OG0000273	n0		UDL01521.1	ALU71391.1
N1.HOG0000333	OG0000274	n0		UDL00479.1	ALU67828.1
N1.HOG0000334	OG0000276	n0			ALU71450.1, ALU71451.1
N1.HOG0000335	OG0000277	n0			ALU69794.1, ALU72566.1
N1.HOG0000336	OG0000279	n0		UDK99584.1	ALU71200.1
N1.HOG0000337	OG0000280	n0		UDL00705.1, UDK99225.1, UDK99241.1	ALU72752.1
N1.HOG0000338	OG0000281	n0		UDL01789.1	ALU69482.1, ALU68283.1
N1.HOG0000339	OG0000282	n0		UDL01790.1	ALU68284.1, ALU69481.1
N1.HOG0000340	OG0000283	n0		UDL02095.1	ALU72056.1, ALU68516.1, ALU72066.1
N1.HOG0000341	OG0000284	n0		UDL00232.1	ALU68036.1, ALU70484.1, ALU70372.1
N1.HOG0000342	OG0000285	n0		UDL01551.1	ALU71867.1, ALU73567.1
N1.HOG0000343	OG0000286	n0		UDL01472.1	ALU67928.1, ALU69099.1, ALU70691.1
N1.HOG0000344	OG0000287	n0		UDK99436.1, UDL01772.1, UDL00953.1	ALU68198.1
N1.HOG0000345	OG0000288	n0		UDL01754.1	ALU69450.1, ALU68217.1
N1.HOG0000346	OG0000289	n0		UDL01500.1	ALU72870.1, ALU69228.1
N1.HOG0000347	OG0000290	n1			ALU69211.1
N1.HOG0000348	OG0000290	n2		UDL00379.1	ALU71996.1
N1.HOG0000349	OG0000291	n0		UDL00026.1	ALU71890.1, ALU73447.1, ALU70762.1
N1.HOG0000350	OG0000292	n0		UDL01045.1	ALU67932.1, ALU70178.1, ALU68696.1
N1.HOG0000351	OG0000293	n0		UDL00297.1, UDL01394.1, UDL01739.1	ALU69920.1
N1.HOG0000352	OG0000294	n1			ALU72350.1
N1.HOG0000353	OG0000294	n2			ALU70824.1, ALU72422.1
N1.HOG0000354	OG0000295	n0		UDL01729.1, UDK99372.1	ALU68014.1, ALU73676.1
N1.HOG0000355	OG0000296	n2		UDK99461.1	ALU70636.1
N1.HOG0000356	OG0000296	n3		UDK99591.1	ALU71606.1
N1.HOG0000357	OG0000297	n0		UDL02206.1, UDK99259.1	ALU72868.1, ALU69226.1
N1.HOG0000358	OG0000298	n2		UDL01355.1	ALU71689.1
N1.HOG0000359	OG0000298	n3		UDK99993.1	ALU69204.1
N1.HOG0000360	OG0000299	n0		UDL00556.1	ALU73412.1, ALU73424.1, ALU73695.1
N1.HOG0000361	OG0000300	n0		UDL01426.1, UDL01670.1	ALU70982.1, ALU68865.1
N1.HOG0000362	OG0000301	n2		UDL02003.1	ALU68392.1
N1.HOG0000363	OG0000301	n3		UDL02001.1	ALU68338.1
N1.HOG0000364	OG0000302	n0		UDL01183.1	ALU70030.1, ALU68311.1
N1.HOG0000365	OG0000303	n0		UDL00542.1	ALU69249.1, ALU68314.1, ALU70029.1
N1.HOG0000366	OG0000304	n0			ALU72286.1, ALU68308.1, ALU71305.1
N1.HOG0000367	OG0000305	n0		UDL01814.1	ALU69883.1, ALU72562.1, ALU72553.1
N1.HOG0000368	OG0000306	n0			ALU72541.1, ALU72544.1, ALU72555.1
N1.HOG0000369	OG0000307	n0		UDL00352.1, UDK99629.1	ALU72548.1, ALU72168.1
N1.HOG0000370	OG0000308	n0		UDL00314.1	ALU70620.1, ALU70718.1, ALU70675.1
N1.HOG0000371	OG0000309	n2		UDL00730.1	ALU67766.1
N1.HOG0000372	OG0000309	n3		UDL01381.1	ALU73702.1
N1.HOG0000373	OG0000310	n0		UDL01846.1	ALU72672.1, ALU72040.1, ALU68948.1
N1.HOG0000374	OG0000311	n0		UDL00104.1, UDK99992.1, UDL01494.1, UDL00802.1	ALU68378.1
N1.HOG0000375	OG0000312	n0		UDL00382.1, UDL01973.1	ALU68463.1, ALU69867.1, ALU71575.1
N1.HOG0000376	OG0000313	n0		UDL00410.1, UDL02011.1, UDL00790.1, UDL01006.1	ALU73243.1
N1.HOG0000377	OG0000314	n0			ALU72496.1, ALU73023.1, ALU73511.1, ALU69329.1, ALU67665.1
N1.HOG0000378	OG0000315	n0			ALU68674.1, ALU68928.1, ALU68018.1, ALU67668.1, ALU69774.1
N1.HOG0000379	OG0000316	n0			ALU69058.1, ALU67787.1, ALU68909.1, ALU72927.1, ALU70732.1
N1.HOG0000380	OG0000317	n0			ALU67983.1, ALU69868.1, ALU68270.1, ALU73403.1, ALU73674.1
N1.HOG0000381	OG0000318	n0			ALU71271.1, ALU69300.1, ALU69039.1, ALU68015.1, ALU69534.1
N1.HOG0000382	OG0000319	n0			ALU69220.1, ALU73035.1, ALU68982.1, ALU72681.1, ALU68064.1
N1.HOG0000383	OG0000320	n0			ALU69673.1, ALU68723.1, ALU73440.1, ALU73332.1, ALU68239.1
N1.HOG0000384	OG0000321	n0			ALU73000.1, ALU70184.1, ALU73373.1, ALU71526.1, ALU68396.1
N1.HOG0000385	OG0000322	n0			ALU73497.1, ALU68421.1, ALU72992.1, ALU73588.1, ALU69937.1
N1.HOG0000386	OG0000323	n0			ALU69443.1, ALU69444.1, ALU68538.1, ALU72191.1, ALU73407.1
N1.HOG0000387	OG0000324	n0			ALU73395.1, ALU68606.1, ALU71801.1, ALU70793.1, ALU71927.1
N1.HOG0000388	OG0000325	n0			ALU72977.1, ALU72978.1, ALU68755.1, ALU70089.1, ALU69199.1
N1.HOG0000389	OG0000326	n0			ALU68831.1, ALU69490.1, ALU69235.1, ALU72867.1, ALU72351.1
N1.HOG0000390	OG0000327	n0			ALU72633.1, ALU72449.1, ALU68864.1, ALU69685.1, ALU71940.1
N1.HOG0000391	OG0000328	n0			ALU70065.1, ALU69505.1, ALU72928.1, ALU69068.1, ALU69030.1
N1.HOG0000392	OG0000329	n0			ALU69259.1, ALU72985.1, ALU69261.1, ALU72127.1, ALU69260.1
N1.HOG0000393	OG0000330	n0			ALU70855.1, ALU69278.1, ALU72427.1, ALU72423.1, ALU69273.1
N1.HOG0000394	OG0000331	n0			ALU69686.1, ALU69305.1, ALU70760.1, ALU71177.1, ALU71175.1
N1.HOG0000395	OG0000332	n0			ALU69612.1, ALU70338.1, ALU72331.1, ALU73438.1, ALU69414.1
N1.HOG0000396	OG0000333	n0			ALU69642.1, ALU71653.1, ALU72669.1, ALU73628.1, ALU70440.1
N1.HOG0000397	OG0000334	n0			ALU69731.1, ALU70707.1, ALU70613.1, ALU72939.1, ALU71361.1
N1.HOG0000398	OG0000335	n0			ALU73285.1, ALU70650.1, ALU71804.1, ALU73172.1, ALU73627.1
N1.HOG0000399	OG0000336	n0			ALU72202.1, ALU73640.1, ALU73289.1, ALU71497.1, ALU72708.1
N1.HOG0000400	OG0000337	n0		UDL01674.1	ALU68205.1
N1.HOG0000401	OG0000338	n0			ALU71876.1
N1.HOG0000402	OG0000341	n0		UDK99763.1, UDL00162.1	ALU73155.1
N1.HOG0000403	OG0000342	n0		UDL00860.1	ALU70749.1
N1.HOG0000404	OG0000343	n0		UDL00839.1	ALU68188.1, ALU68813.1
N1.HOG0000405	OG0000344	n0		UDK99368.1	ALU73457.1, ALU73153.1
N1.HOG0000406	OG0000345	n0		UDL01453.1	ALU69403.1
N1.HOG0000407	OG0000346	n0		UDL00431.1	ALU72005.1, ALU71448.1
N1.HOG0000408	OG0000347	n0			ALU70985.1
N1.HOG0000409	OG0000348	n1			ALU68394.1
N1.HOG0000410	OG0000348	n2			ALU72663.1
N1.HOG0000411	OG0000349	n0		UDK99498.1	ALU71978.1
N1.HOG0000412	OG0000350	n0		UDL01573.1	ALU68996.1
N1.HOG0000413	OG0000351	n0		UDL02296.1	ALU72076.1
N1.HOG0000414	OG0000352	n0			ALU68150.1, ALU73594.1, ALU69109.1
N1.HOG0000415	OG0000353	n0		UDL01484.1, UDL00800.1	ALU69214.1
N1.HOG0000416	OG0000354	n0		UDK99853.1, UDK99854.1	ALU70099.1
N1.HOG0000417	OG0000355	n0		UDL00712.1	ALU70531.1
N1.HOG0000418	OG0000357	n0		UDL00110.1	ALU70903.1
N1.HOG0000419	OG0000358	n0		UDK99969.1	ALU70925.1
N1.HOG0000420	OG0000359	n0		UDL01372.1	ALU73436.1, ALU68600.1
N1.HOG0000421	OG0000360	n0		UDK99756.1	ALU71738.1
N1.HOG0000422	OG0000361	n0		UDL00076.1	ALU69745.1
N1.HOG0000423	OG0000362	n0		UDK99789.1	
N1.HOG0000424	OG0000363	n0		UDK99791.1	ALU71136.1, ALU71137.1
N1.HOG0000425	OG0000364	n0		UDK99977.1	ALU69488.1
N1.HOG0000426	OG0000365	n0			ALU71189.1
N1.HOG0000427	OG0000366	n0		UDL01809.1	ALU67667.1, ALU68676.1
N1.HOG0000428	OG0000367	n0		UDL00787.1	ALU69059.1
N1.HOG0000429	OG0000368	n0		UDL02045.1	ALU69000.1, ALU73082.1
N1.HOG0000430	OG0000369	n0		UDK99400.1	ALU73274.1
N1.HOG0000431	OG0000370	n0		UDL00488.1	ALU67733.1
N1.HOG0000432	OG0000371	n0			ALU72830.1
N1.HOG0000433	OG0000372	n0		UDL00221.1	ALU71975.1
N1.HOG0000434	OG0000373	n0		UDL01745.1	ALU69541.1
N1.HOG0000435	OG0000374	n0			ALU71921.1
N1.HOG0000436	OG0000375	n0		UDL00907.1	ALU69810.1
N1.HOG0000437	OG0000376	n0			ALU72815.1
N1.HOG0000438	OG0000377	n0		UDL02176.1	ALU71910.1
N1.HOG0000439	OG0000378	n0		UDL01828.1	
N1.HOG0000440	OG0000379	n0			ALU70676.1
N1.HOG0000441	OG0000380	n0		UDL00068.1, UDK99798.1	ALU71021.1
N1.HOG0000442	OG0000381	n0		UDL01955.1	ALU69566.1
N1.HOG0000443	OG0000382	n0		UDL01209.1	ALU72841.1, ALU68944.1
N1.HOG0000444	OG0000383	n0		UDL00537.1	ALU72855.1
N1.HOG0000445	OG0000384	n0		UDK99437.1	ALU71219.1
N1.HOG0000446	OG0000385	n0		UDL01895.1, UDL01289.1, UDL01896.1	
N1.HOG0000447	OG0000386	n0		UDL00543.1	ALU70028.1, ALU68313.1
N1.HOG0000448	OG0000388	n0		UDL02199.1	ALU68082.1, ALU73466.1
N1.HOG0000449	OG0000390	n0			ALU70992.1, ALU70990.1, ALU71631.1
N1.HOG0000450	OG0000391	n0			ALU69683.1, ALU69864.1, ALU68927.1
N1.HOG0000451	OG0000392	n0			ALU72486.1
N1.HOG0000452	OG0000393	n0		UDL00190.1, UDL00946.1	ALU69373.1
N1.HOG0000453	OG0000394	n0		UDL00329.1	ALU68400.1
N1.HOG0000454	OG0000395	n0			ALU71517.1
N1.HOG0000455	OG0000396	n0		UDK99735.1	ALU72208.1
N1.HOG0000456	OG0000397	n0		UDL01044.1	ALU67799.1
N1.HOG0000457	OG0000398	n0		UDK99687.1, UDL01798.1	ALU67929.1
N1.HOG0000458	OG0000399	n0		UDL01604.1, UDL00708.1	ALU70904.1
N1.HOG0000459	OG0000400	n0		UDL00986.1	ALU69587.1, ALU71820.1
N1.HOG0000460	OG0000401	n0		UDK99802.1	ALU71994.1, ALU71620.1
N1.HOG0000461	OG0000402	n0		UDK99385.1	ALU71641.1, ALU71640.1
N1.HOG0000462	OG0000404	n0		UDK99335.1	ALU70401.1
N1.HOG0000463	OG0000405	n0		UDL00282.1	ALU71237.1
N1.HOG0000464	OG0000406	n0		UDK99630.1, UDK99469.1	ALU73117.1
N1.HOG0000465	OG0000407	n0		UDL02077.1	ALU71863.1, ALU73037.1
N1.HOG0000466	OG0000408	n0		UDL00696.1	ALU73401.1, ALU71565.1
N1.HOG0000467	OG0000409	n0			ALU70541.1
N1.HOG0000468	OG0000410	n0		UDK99958.1	
N1.HOG0000469	OG0000411	n0		UDL01795.1	ALU70398.1
N1.HOG0000470	OG0000412	n0		UDK99960.1	ALU70811.1
N1.HOG0000471	OG0000413	n0		UDK99856.1	ALU71089.1
N1.HOG0000472	OG0000414	n0		UDK99841.1	ALU71088.1
N1.HOG0000473	OG0000415	n0		UDL00661.1, UDK99553.1	ALU72922.1
N1.HOG0000474	OG0000416	n0		UDL00103.1	ALU67748.1
N1.HOG0000475	OG0000417	n0		UDL00717.1	ALU72048.1
N1.HOG0000476	OG0000418	n0		UDL01947.1	ALU72395.1
N1.HOG0000477	OG0000419	n0		UDL01291.1	ALU71708.1
N1.HOG0000478	OG0000422	n0		UDL00045.1	ALU70154.1
N1.HOG0000479	OG0000423	n0		UDL00075.1	ALU70511.1, ALU72183.1
N1.HOG0000480	OG0000424	n0			ALU70668.1, ALU72862.1
N1.HOG0000481	OG0000425	n0		UDL01640.1, UDL02231.1	ALU68628.1
N1.HOG0000482	OG0000426	n0			ALU70079.1, ALU72282.1, ALU67671.1
N1.HOG0000483	OG0000427	n0		UDL01290.1	ALU69995.1
N1.HOG0000484	OG0000428	n0			ALU71277.1, ALU70193.1
N1.HOG0000485	OG0000429	n0		UDL02202.1	ALU70194.1, ALU71273.1
N1.HOG0000486	OG0000430	n0		UDK99681.1	ALU70721.1, ALU70201.1
N1.HOG0000487	OG0000431	n0		UDL01268.1	ALU71259.1, ALU70475.1
N1.HOG0000488	OG0000432	n0		UDK99287.1	ALU71628.1, ALU69795.1
N1.HOG0000489	OG0000433	n0		UDL01848.1	ALU71313.1
N1.HOG0000490	OG0000434	n0		UDL00124.1	ALU70173.1, ALU68258.1
N1.HOG0000491	OG0000435	n0		UDL01389.1	ALU69598.1
N1.HOG0000492	OG0000436	n0		UDL01385.1	ALU71538.1, ALU69784.1
N1.HOG0000493	OG0000437	n0		UDL00931.1	ALU70581.1
N1.HOG0000494	OG0000438	n0		UDL01730.1	ALU70583.1
N1.HOG0000495	OG0000439	n0		UDK99493.1	ALU70584.1, ALU67835.1
N1.HOG0000496	OG0000440	n0		UDL00901.1	ALU70586.1, ALU70204.1
N1.HOG0000497	OG0000442	n0		UDL00975.1	ALU69545.1, ALU71544.1
N1.HOG0000498	OG0000443	n0		UDK99872.1	ALU70247.1
N1.HOG0000499	OG0000444	n0		UDL01458.1	ALU70432.1, ALU69926.1
N1.HOG0000500	OG0000445	n0		UDL00389.1	ALU71422.1, ALU73020.1
N1.HOG0000501	OG0000446	n0		UDL00868.1	ALU71405.1, ALU70352.1
N1.HOG0000502	OG0000447	n0		UDK99587.1	ALU71311.1
N1.HOG0000503	OG0000448	n0		UDL01366.1	ALU70638.1
N1.HOG0000504	OG0000449	n0		UDL02232.1	ALU71617.1
N1.HOG0000505	OG0000450	n0		UDL02233.1	ALU71616.1
N1.HOG0000506	OG0000451	n0		UDL02234.1	ALU71613.1
N1.HOG0000507	OG0000452	n0		UDL00628.1	ALU73067.1, ALU71454.1
N1.HOG0000508	OG0000453	n0			ALU69710.1
N1.HOG0000509	OG0000454	n0		UDL02091.1	ALU68849.1, ALU71270.1
N1.HOG0000510	OG0000455	n0		UDK99382.1	ALU70758.1, ALU68167.1
N1.HOG0000511	OG0000456	n0		UDK99383.1	ALU68168.1, ALU70757.1
N1.HOG0000512	OG0000457	n0		UDL00619.1	ALU72238.1
N1.HOG0000513	OG0000458	n0		UDK99339.1	ALU67834.1
N1.HOG0000514	OG0000459	n0		UDL01033.1, UDK99619.1	ALU72866.1
N1.HOG0000515	OG0000460	n0		UDL00409.1	ALU70363.1
N1.HOG0000516	OG0000461	n0		UDL00640.1, UDL01972.1	ALU72379.1
N1.HOG0000517	OG0000462	n0			ALU69671.1, ALU73653.1, ALU69240.1
N1.HOG0000518	OG0000463	n0		UDL01844.1	ALU71557.1
N1.HOG0000519	OG0000464	n0			ALU70425.1
N1.HOG0000520	OG0000465	n0		UDK99621.1	ALU72779.1, ALU70546.1
N1.HOG0000521	OG0000466	n0		UDL01611.1	ALU71553.1, ALU68916.1
N1.HOG0000522	OG0000467	n0		UDK99540.1	ALU72203.1
N1.HOG0000523	OG0000468	n0		UDL00053.1	ALU70837.1
N1.HOG0000524	OG0000469	n0		UDL00833.1	ALU70229.1, ALU70291.1
N1.HOG0000525	OG0000470	n0			ALU70042.1, ALU73576.1
N1.HOG0000526	OG0000471	n0		UDL01113.1	ALU70122.1, ALU69029.1
N1.HOG0000527	OG0000472	n0		UDL00684.1	ALU71049.1, ALU73475.1
N1.HOG0000528	OG0000473	n0		UDK99284.1	ALU72401.1
N1.HOG0000529	OG0000474	n0		UDL00207.1	ALU70258.1, ALU72673.1
N1.HOG0000530	OG0000475	n0			ALU73430.1, ALU69053.1, ALU69637.1
N1.HOG0000531	OG0000476	n0		UDL01106.1	ALU72105.1, ALU72579.1
N1.HOG0000532	OG0000477	n0		UDL01652.1, UDL00370.1	ALU71096.1
N1.HOG0000533	OG0000478	n0		UDL01539.1	ALU71248.1, ALU71395.1
N1.HOG0000534	OG0000479	n0		UDL00402.1	ALU69328.1, ALU68060.1
N1.HOG0000535	OG0000480	n0		UDL00066.1	ALU71234.1, ALU71245.1
N1.HOG0000536	OG0000481	n0		UDL00531.1	ALU72518.1, ALU70405.1
N1.HOG0000537	OG0000482	n0		UDL01612.1, UDK99617.1	ALU69635.1
N1.HOG0000538	OG0000483	n0		UDL00307.1	ALU69500.1, ALU70340.1
N1.HOG0000539	OG0000484	n0		UDL00237.1	ALU72456.1, ALU68049.1
N1.HOG0000540	OG0000485	n0		UDK99811.1	ALU69515.1, ALU70651.1
N1.HOG0000541	OG0000486	n0		UDL00954.1	ALU69516.1
N1.HOG0000542	OG0000488	n0		UDL00732.1	ALU70778.1, ALU71288.1
N1.HOG0000543	OG0000489	n0		UDL00963.1	ALU70070.1, ALU73003.1
N1.HOG0000544	OG0000490	n0		UDK99415.1	ALU71590.1
N1.HOG0000545	OG0000491	n0		UDK99748.1, UDL00035.1	ALU71159.1
N1.HOG0000546	OG0000492	n0		UDK99532.1, UDL01567.1	ALU70349.1
N1.HOG0000547	OG0000493	n1		UDL01022.1	
N1.HOG0000548	OG0000493	n2		UDK99541.1	
N1.HOG0000549	OG0000494	n0		UDL00853.1, UDL00701.1	ALU71558.1
N1.HOG0000550	OG0000495	n0		UDL00097.1	ALU68708.1, ALU71845.1
N1.HOG0000551	OG0000496	n0		UDL00771.1	ALU68740.1, ALU68137.1
N1.HOG0000552	OG0000497	n0		UDL01376.1	ALU70802.1
N1.HOG0000553	OG0000498	n0		UDL00553.1	
N1.HOG0000554	OG0000499	n0		UDL01118.1	ALU71186.1
N1.HOG0000555	OG0000500	n0		UDL00785.1	ALU70770.1, ALU68998.1
N1.HOG0000556	OG0000501	n0		UDL00342.1	ALU69625.1, ALU68329.1
N1.HOG0000557	OG0000502	n0		UDL01625.1	ALU70822.1
N1.HOG0000558	OG0000503	n0		UDL02038.1, UDL01572.1	
N1.HOG0000559	OG0000504	n0		UDL01125.1	ALU71548.1, ALU72126.1
N1.HOG0000560	OG0000505	n0		UDL01770.1	ALU68266.1, ALU73078.1
N1.HOG0000561	OG0000506	n0		UDL00768.1	ALU70014.1
N1.HOG0000562	OG0000507	n0		UDL00101.1	ALU67804.1
N1.HOG0000563	OG0000508	n1		UDK99450.1	
N1.HOG0000564	OG0000508	n2		UDK99449.1	
N1.HOG0000565	OG0000509	n0		UDK99887.1, UDL01993.1	ALU70182.1
N1.HOG0000566	OG0000510	n0		UDL00293.1, UDL00295.1	ALU71796.1
N1.HOG0000567	OG0000511	n0		UDL01951.1	ALU71799.1, ALU70715.1
N1.HOG0000568	OG0000512	n0		UDL00753.1	ALU72352.1, ALU72416.1
N1.HOG0000569	OG0000513	n0		UDL00472.1, UDL00473.1	ALU69146.1
N1.HOG0000570	OG0000514	n0		UDL01490.1, UDL00534.1	ALU68757.1
N1.HOG0000571	OG0000515	n0		UDL01577.1, UDL02143.1	ALU68891.1
N1.HOG0000572	OG0000516	n0		UDL01942.1	ALU70389.1, ALU69522.1
N1.HOG0000573	OG0000517	n0		UDL01712.1	ALU70788.1, ALU68484.1
N1.HOG0000574	OG0000518	n0		UDK99921.1, UDL01063.1	ALU68045.1
N1.HOG0000575	OG0000519	n0		UDL01929.1	ALU67678.1, ALU72223.1
N1.HOG0000576	OG0000520	n0		UDL01234.1	ALU69535.1, ALU68867.1
N1.HOG0000577	OG0000521	n0		UDL01910.1	ALU69290.1
N1.HOG0000578	OG0000522	n0		UDL01824.1	ALU71763.1
N1.HOG0000579	OG0000523	n0		UDK99655.1	ALU70006.1, ALU70005.1
N1.HOG0000580	OG0000524	n0		UDL01845.1	ALU70195.1, ALU72913.1
N1.HOG0000581	OG0000525	n0		UDL01632.1	ALU68383.1
N1.HOG0000582	OG0000526	n0		UDK99864.1	ALU67868.1, ALU71530.1
N1.HOG0000583	OG0000527	n0		UDL00469.1	ALU72849.1, ALU68011.1
N1.HOG0000584	OG0000528	n0			ALU69651.1
N1.HOG0000585	OG0000529	n0		UDL00714.1	ALU69462.1, ALU71359.1
N1.HOG0000586	OG0000530	n0		UDL02067.1	ALU69394.1, ALU67942.1
N1.HOG0000587	OG0000531	n0		UDL00259.1	ALU70251.1
N1.HOG0000588	OG0000532	n0		UDL00655.1	ALU68332.1, ALU71834.1
N1.HOG0000589	OG0000533	n0		UDK99254.1	ALU69929.1, ALU70238.1
N1.HOG0000590	OG0000534	n0		UDL00927.1	ALU72727.1, ALU70237.1
N1.HOG0000591	OG0000535	n0		UDL00679.1	ALU72460.1
N1.HOG0000592	OG0000536	n0		UDL01985.1	ALU68663.1, ALU68645.1
N1.HOG0000593	OG0000537	n0		UDK99826.1	ALU69094.1
N1.HOG0000594	OG0000538	n0			ALU73737.1, ALU71850.1, ALU71871.1
N1.HOG0000595	OG0000539	n0		UDL00008.1	ALU69924.1
N1.HOG0000596	OG0000540	n0		UDK99545.1	ALU72384.1, ALU71881.1
N1.HOG0000597	OG0000541	n0		UDK99310.1	ALU69778.1, ALU68384.1
N1.HOG0000598	OG0000542	n0		UDK99229.1	ALU68221.1, ALU70834.1
N1.HOG0000599	OG0000543	n0		UDL00041.1, UDK99917.1	ALU72374.1
N1.HOG0000600	OG0000544	n0			ALU68149.1, ALU70861.1, ALU70987.1
N1.HOG0000601	OG0000545	n0		UDK99258.1, UDL02204.1	ALU72869.1, ALU69227.1
N1.HOG0000602	OG0000546	n0		UDK99402.1, UDK99676.1, UDL01295.1	ALU68926.1
N1.HOG0000603	OG0000547	n0		UDK99442.1, UDK99847.1, UDK99848.1, UDK99849.1	
N1.HOG0000604	OG0000548	n0		UDK99571.1, UDL00163.1, UDL00251.1, UDL00317.1	
N1.HOG0000605	OG0000549	n0		UDK99598.1	ALU69191.1, ALU71652.1, ALU69641.1
N1.HOG0000606	OG0000550	n0		UDK99627.1, UDL00298.1, UDL01013.1	ALU67742.1
N1.HOG0000607	OG0000551	n1		UDK99782.1	ALU68152.1
N1.HOG0000608	OG0000551	n2		UDL01561.1	ALU72207.1
N1.HOG0000609	OG0000552	n0		UDK99803.1	ALU69369.1, ALU69368.1, ALU69367.1
N1.HOG0000610	OG0000553	n0		UDK99892.1	ALU72698.1, ALU68129.1, ALU72354.1
N1.HOG0000611	OG0000554	n0		UDL00383.1, UDL00105.1, UDL02046.1, UDL00239.1	
N1.HOG0000612	OG0000555	n0		UDL00376.1	ALU67691.1, ALU69072.1, ALU70876.1
N1.HOG0000613	OG0000556	n0		UDL00446.1, UDL01133.1	ALU71217.1, ALU68716.1
N1.HOG0000614	OG0000557	n0		UDL00465.1	ALU69063.1, ALU69417.1, ALU73025.1
N1.HOG0000615	OG0000558	n0		UDL00763.1	ALU69956.1, ALU70906.1, ALU69431.1
N1.HOG0000616	OG0000559	n0		UDL01549.1, UDL00974.1, UDL02160.1	ALU69763.1
N1.HOG0000617	OG0000560	n0		UDL01062.1, UDL01069.1	ALU70282.1, ALU68101.1
N1.HOG0000618	OG0000561	n0		UDL01094.1, UDL01934.1, UDL01269.1	ALU69401.1
N1.HOG0000619	OG0000562	n0		UDL01248.1	ALU73170.1, ALU67646.1, ALU73165.1
N1.HOG0000620	OG0000563	n0		UDL01300.1	ALU70776.1, ALU72642.1, ALU72417.1
N1.HOG0000621	OG0000564	n0		UDL02216.1, UDL01347.1	ALU70935.1, ALU69787.1
N1.HOG0000622	OG0000565	n0		UDL02015.1, UDL01380.1	ALU72744.1, ALU68459.1
N1.HOG0000623	OG0000566	n0		UDL01657.1	ALU69886.1, ALU72559.1, ALU71599.1
N1.HOG0000624	OG0000567	n0		UDL02165.1, UDL01975.1, UDL01764.1, UDL01690.1	
N1.HOG0000625	OG0000568	n0		UDL01988.1	ALU73667.1, ALU73658.1, ALU67776.1
N1.HOG0000626	OG0000569	n0		UDL02026.1	ALU72516.1, ALU72314.1, ALU69701.1
N1.HOG0000627	OG0000570	n0		UDL02195.1, UDL02042.1, UDL02192.1, UDL02194.1	
N1.HOG0000628	OG0000571	n0		UDL02081.1	ALU68182.1, ALU70868.1, ALU68181.1
N1.HOG0000629	OG0000572	n0			ALU68713.1, ALU73168.1, ALU67648.1, ALU73167.1
N1.HOG0000630	OG0000573	n0			ALU67663.1, ALU73354.1, ALU72211.1, ALU69610.1
N1.HOG0000631	OG0000574	n0			ALU67674.1, ALU72743.1, ALU72888.1, ALU71471.1
N1.HOG0000632	OG0000575	n0			ALU69467.1, ALU69486.1, ALU68907.1, ALU67688.1
N1.HOG0000633	OG0000576	n0			ALU68714.1, ALU70303.1, ALU67696.1, ALU70470.1
N1.HOG0000634	OG0000577	n0			ALU72326.1, ALU68243.1, ALU69616.1, ALU67709.1
N1.HOG0000635	OG0000578	n0			ALU67786.1, ALU72650.1, ALU69517.1, ALU69359.1
N1.HOG0000636	OG0000579	n0			ALU68702.1, ALU68639.1, ALU67812.1, ALU72116.1
N1.HOG0000637	OG0000580	n0			ALU67830.1, ALU70217.1, ALU72221.1, ALU70686.1
N1.HOG0000638	OG0000581	n0			ALU68985.1, ALU67832.1, ALU71457.1, ALU73377.1
N1.HOG0000639	OG0000582	n0			ALU67839.1, ALU69150.1, ALU73073.1, ALU72910.1
N1.HOG0000640	OG0000583	n0			ALU69088.1, ALU69682.1, ALU67874.1, ALU72263.1
N1.HOG0000641	OG0000584	n0			ALU68297.1, ALU67876.1, ALU68605.1, ALU69460.1
N1.HOG0000642	OG0000585	n0			ALU69410.1, ALU68379.1, ALU67894.1, ALU68789.1
N1.HOG0000643	OG0000586	n0			ALU69212.1, ALU67903.1, ALU71120.1, ALU72078.1
N1.HOG0000644	OG0000587	n0			ALU67969.1, ALU72863.1, ALU69313.1, ALU69223.1
N1.HOG0000645	OG0000588	n0			ALU72755.1, ALU69296.1, ALU68078.1, ALU72160.1
N1.HOG0000646	OG0000589	n0			ALU68083.1, ALU69999.1, ALU71178.1, ALU69132.1
N1.HOG0000647	OG0000590	n0			ALU72220.1, ALU68095.1, ALU70215.1, ALU70397.1
N1.HOG0000648	OG0000591	n0			ALU68742.1, ALU68975.1, ALU68746.1, ALU68100.1
N1.HOG0000649	OG0000592	n0			ALU72684.1, ALU72773.1, ALU68109.1, ALU71914.1
N1.HOG0000650	OG0000593	n0			ALU68162.1, ALU73282.1, ALU70049.1, ALU69802.1
N1.HOG0000651	OG0000594	n0			ALU68409.1, ALU72693.1, ALU68164.1, ALU73029.1
N1.HOG0000652	OG0000595	n0			ALU69363.1, ALU71582.1, ALU68201.1, ALU73369.1
N1.HOG0000653	OG0000596	n0			ALU71418.1, ALU72935.1, ALU72497.1, ALU68250.1
N1.HOG0000654	OG0000597	n0			ALU68524.1, ALU68994.1, ALU68971.1, ALU68286.1
N1.HOG0000655	OG0000598	n0			ALU68427.1, ALU69022.1, ALU69040.1, ALU68325.1
N1.HOG0000656	OG0000599	n0			ALU68368.1, ALU71802.1, ALU71674.1, ALU71670.1
N1.HOG0000657	OG0000600	n0			ALU73717.1, ALU68499.1, ALU68397.1, ALU72677.1
N1.HOG0000658	OG0000601	n0			ALU69801.1, ALU68416.1, ALU69480.1, ALU69747.1
N1.HOG0000659	OG0000602	n0			ALU68417.1, ALU70218.1, ALU69703.1, ALU69934.1
N1.HOG0000660	OG0000603	n0			ALU68422.1, ALU73498.1, ALU68610.1, ALU70429.1
N1.HOG0000661	OG0000604	n0			ALU73376.1, ALU68440.1, ALU70677.1, ALU70604.1
N1.HOG0000662	OG0000605	n0			ALU73120.1, ALU73321.1, ALU70804.1, ALU68561.1
N1.HOG0000663	OG0000606	n0			ALU68593.1, ALU71455.1, ALU70854.1, ALU69508.1
N1.HOG0000664	OG0000607	n0			ALU68596.1, ALU68595.1, ALU71367.1, ALU69014.1
N1.HOG0000665	OG0000608	n0			ALU72451.1, ALU68615.1, ALU69037.1, ALU72970.1
N1.HOG0000666	OG0000609	n0			ALU71748.1, ALU71564.1, ALU68780.1, ALU73034.1
N1.HOG0000667	OG0000610	n0			ALU73452.1, ALU73701.1, ALU73446.1, ALU68781.1
N1.HOG0000668	OG0000611	n0			ALU73001.1, ALU70415.1, ALU68868.1, ALU73058.1
N1.HOG0000669	OG0000612	n0			ALU68874.1, ALU68880.1, ALU68879.1, ALU71977.1
N1.HOG0000670	OG0000613	n0			ALU68899.1, ALU70860.1, ALU71513.1, ALU72679.1
N1.HOG0000671	OG0000614	n0			ALU69028.1, ALU69285.1, ALU69294.1, ALU69302.1
N1.HOG0000672	OG0000615	n0			ALU69299.1, ALU73397.1, ALU73394.1, ALU69038.1
N1.HOG0000673	OG0000616	n0			ALU69056.1, ALU69130.1, ALU72732.1, ALU69155.1
N1.HOG0000674	OG0000617	n0			ALU73534.1, ALU73024.1, ALU69065.1, ALU72493.1
N1.HOG0000675	OG0000618	n0			ALU69268.1, ALU69696.1, ALU69112.1, ALU69134.1
N1.HOG0000676	OG0000619	n0			ALU69153.1, ALU69128.1, ALU73045.1, ALU70279.1
N1.HOG0000677	OG0000620	n0			ALU69143.1, ALU71732.1, ALU71731.1, ALU70301.1
N1.HOG0000678	OG0000621	n0			ALU70725.1, ALU70744.1, ALU69167.1, ALU69193.1
N1.HOG0000679	OG0000622	n0			ALU69170.1, ALU72532.1, ALU72531.1, ALU71102.1
N1.HOG0000680	OG0000623	n0			ALU72425.1, ALU69276.1, ALU72324.1, ALU72323.1
N1.HOG0000681	OG0000624	n0			ALU70558.1, ALU70134.1, ALU70076.1, ALU69525.1
N1.HOG0000682	OG0000625	n0			ALU71959.1, ALU72088.1, ALU72701.1, ALU69594.1
N1.HOG0000683	OG0000626	n0			ALU69599.1, ALU69859.1, ALU72067.1, ALU73123.1
N1.HOG0000684	OG0000627	n0			ALU70509.1, ALU72185.1, ALU72186.1, ALU70508.1
N1.HOG0000685	OG0000628	n0			ALU72897.1, ALU72959.1, ALU73110.1, ALU70743.1
N1.HOG0000686	OG0000629	n0			ALU73136.1, ALU72039.1, ALU71077.1, ALU73137.1
N1.HOG0000687	OG0000630	n0			ALU71134.1, ALU73308.1, ALU73186.1, ALU73184.1
N1.HOG0000688	OG0000631	n0			ALU72540.1, ALU73215.1, ALU71969.1, ALU72528.1
N1.HOG0000689	OG0000632	n0			ALU72188.1, ALU72536.1, ALU72275.1, ALU72347.1
N1.HOG0000690	OG0001285	-		UDL00751.1, UDK99253.1, UDL01835.1	
N1.HOG0000691	OG0001286	-		UDL01711.1, UDK99890.1, UDK99255.1	
N1.HOG0000692	OG0001287	-		UDK99322.1, UDL00260.1, UDL01569.1	
N1.HOG0000693	OG0001288	-		UDL00735.1, UDK99377.1, UDL00985.1	
N1.HOG0000694	OG0001289	-		UDL00734.1, UDL01440.1, UDK99378.1	
N1.HOG0000695	OG0001290	-		UDK99387.1	ALU68877.1, ALU68715.1
N1.HOG0000696	OG0001291	-		UDL01164.1, UDL01075.1, UDK99446.1	
N1.HOG0000697	OG0001292	-		UDK99852.1, UDK99447.1, UDL00875.1	
N1.HOG0000698	OG0001293	-		UDK99521.1, UDK99913.1	ALU67978.1
N1.HOG0000699	OG0001294	-		UDL01756.1, UDK99557.1	ALU70914.1
N1.HOG0000700	OG0001295	-		UDK99565.1, UDK99653.1, UDL00799.1	
N1.HOG0000701	OG0001296	-		UDK99677.1	ALU69852.1, ALU69577.1
N1.HOG0000702	OG0001297	-		UDK99680.1	ALU72737.1, ALU68231.1
N1.HOG0000703	OG0001298	-		UDK99716.1, UDK99749.1, UDL00887.1	
N1.HOG0000704	OG0001299	-		UDK99926.1, UDK99722.1	ALU68861.1
N1.HOG0000705	OG0001300	-		UDL00199.1, UDK99772.1	ALU72892.1
N1.HOG0000706	OG0001301	-		UDK99793.1, UDL00699.1, UDL01211.1	
N1.HOG0000707	OG0001302	-		UDL02172.1, UDK99860.1, UDK99857.1	
N1.HOG0000708	OG0001303	-		UDK99858.1, UDL02269.1	ALU68278.1
N1.HOG0000709	OG0001304	-		UDK99927.1	ALU71192.1, ALU73054.1
N1.HOG0000710	OG0001305	-		UDL01435.1, UDK99948.1	ALU69590.1
N1.HOG0000711	OG0001306	-		UDL00779.1, UDK99962.1, UDL01669.1	
N1.HOG0000712	OG0001307	-		UDL00030.1	ALU71885.1, ALU69066.1
N1.HOG0000713	OG0001308	-		UDL00078.1	ALU68960.1, ALU68739.1
N1.HOG0000714	OG0001309	-		UDL00206.1	ALU73609.1, ALU71309.1
N1.HOG0000715	OG0001310	-		UDL00236.1, UDL00220.1	ALU71490.1
N1.HOG0000716	OG0001311	-		UDL00250.1	ALU72623.1, ALU68412.1
N1.HOG0000717	OG0001312	-		UDL00278.1	ALU73327.1, ALU72713.1
N1.HOG0000718	OG0001313	-		UDL00301.1	ALU72462.1, ALU72461.1
N1.HOG0000719	OG0001314	-		UDL00351.1	ALU72603.1, ALU72034.1
N1.HOG0000720	OG0001315	-		UDL00375.1, UDL00438.1, UDL00639.1	
N1.HOG0000721	OG0001316	-		UDL00396.1	ALU67838.1, ALU69411.1
N1.HOG0000722	OG0001317	-		UDL00460.1	ALU69108.1, ALU72337.1
N1.HOG0000723	OG0001318	-		UDL00517.1	ALU69554.1, ALU73359.1
N1.HOG0000724	OG0001319	-		UDL00544.1	ALU68312.1, ALU70027.1
N1.HOG0000725	OG0001320	-		UDL00636.1	ALU72046.1, ALU72637.1
N1.HOG0000726	OG0001321	-		UDL00778.1	ALU70359.1, ALU67934.1
N1.HOG0000727	OG0001322	-		UDL00801.1, UDL01060.1	ALU69775.1
N1.HOG0000728	OG0001323	-		UDL00828.1	ALU71221.1, ALU71222.1
N1.HOG0000729	OG0001324	-		UDL00910.1	ALU71223.1, ALU70161.1
N1.HOG0000730	OG0001325	-		UDL00944.1	ALU72092.1, ALU72093.1
N1.HOG0000731	OG0001326	-		UDL01692.1, UDL01097.1, UDL01522.1	
N1.HOG0000732	OG0001327	-		UDL01218.1	ALU67860.1, ALU70678.1
N1.HOG0000733	OG0001328	-		UDL01386.1	ALU70142.1, ALU68159.1
N1.HOG0000734	OG0001329	-		UDL01508.1	ALU73575.1, ALU70170.1
N1.HOG0000735	OG0001330	-		UDL01600.1	ALU72597.1, ALU71877.1
N1.HOG0000736	OG0001331	-		UDL01806.1	ALU68330.1, ALU68444.1
N1.HOG0000737	OG0001332	-		UDL01899.1	ALU68482.1, ALU73042.1
N1.HOG0000738	OG0001333	-		UDL02008.1	ALU73595.1, ALU72703.1
N1.HOG0000739	OG0001334	-		UDL02041.1	ALU68122.1, ALU69089.1
N1.HOG0000740	OG0001335	-		UDL02099.1, UDL02100.1, UDL02133.1	
N1.HOG0000741	OG0001336	-		UDL02107.1	ALU68169.1, ALU68662.1
N1.HOG0000742	OG0001337	-		UDL02154.1	ALU72172.1, ALU68564.1
N1.HOG0000743	OG0001338	-		UDL02226.1	ALU73557.1, ALU73508.1
N1.HOG0000744	OG0001339	-			ALU73169.1, ALU73166.1, ALU67647.1
N1.HOG0000745	OG0001340	-			ALU67669.1, ALU69105.1, ALU70316.1
N1.HOG0000746	OG0001341	-			ALU72244.1, ALU67744.1, ALU72234.1
N1.HOG0000747	OG0001342	-			ALU70117.1, ALU72411.1, ALU67746.1
N1.HOG0000748	OG0001343	-			ALU73675.1, ALU67770.1, ALU73663.1
N1.HOG0000749	OG0001344	-			ALU73404.1, ALU73660.1, ALU67774.1
N1.HOG0000750	OG0001345	-			ALU73476.1, ALU67777.1, ALU68770.1
N1.HOG0000751	OG0001346	-			ALU71179.1, ALU73416.1, ALU67778.1
N1.HOG0000752	OG0001347	-			ALU67780.1, ALU70561.1, ALU67779.1
N1.HOG0000753	OG0001348	-			ALU68377.1, ALU67813.1, ALU67814.1
N1.HOG0000754	OG0001349	-			ALU67831.1, ALU71188.1, ALU72799.1
N1.HOG0000755	OG0001350	-			ALU69125.1, ALU72938.1, ALU67842.1
N1.HOG0000756	OG0001351	-			ALU73070.1, ALU69151.1, ALU67846.1
N1.HOG0000757	OG0001352	-			ALU71934.1, ALU67856.1, ALU72963.1
N1.HOG0000758	OG0001353	-			ALU69077.1, ALU69082.1, ALU67873.1
N1.HOG0000759	OG0001354	-			ALU67880.1, ALU72100.1, ALU71086.1
N1.HOG0000760	OG0001355	-			ALU72403.1, ALU68439.1, ALU67908.1
N1.HOG0000761	OG0001356	-			ALU68938.1, ALU67927.1, ALU68776.1
N1.HOG0000762	OG0001357	-			ALU67952.1, ALU67956.1, ALU67948.1
N1.HOG0000763	OG0001358	-			ALU67965.1, ALU68012.1, ALU67968.1
N1.HOG0000764	OG0001359	-			ALU67998.1, ALU67997.1, ALU70688.1
N1.HOG0000765	OG0001360	-			ALU68165.1, ALU70787.1, ALU68006.1
N1.HOG0000766	OG0001361	-			ALU68093.1, ALU68044.1, ALU70310.1
N1.HOG0000767	OG0001362	-			ALU70430.1, ALU68081.1, ALU72288.1
N1.HOG0000768	OG0001363	-			ALU68616.1, ALU68086.1, ALU69036.1
N1.HOG0000769	OG0001364	-			ALU69201.1, ALU68103.1, ALU68478.1
N1.HOG0000770	OG0001365	-			ALU69178.1, ALU68106.1, ALU68984.1
N1.HOG0000771	OG0001366	-			ALU68107.1, ALU68983.1, ALU69179.1
N1.HOG0000772	OG0001367	-			ALU69839.1, ALU71619.1, ALU68126.1
N1.HOG0000773	OG0001368	-			ALU68144.1, ALU72770.1, ALU71438.1
N1.HOG0000774	OG0001369	-			ALU68145.1, ALU71439.1, ALU72769.1
N1.HOG0000775	OG0001370	-			ALU69530.1, ALU68208.1, ALU68419.1
N1.HOG0000776	OG0001371	-			ALU68236.1, ALU68303.1, ALU68300.1
N1.HOG0000777	OG0001372	-			ALU70514.1, ALU72466.1, ALU68251.1
N1.HOG0000778	OG0001373	-			ALU68263.1, ALU68264.1, ALU73192.1
N1.HOG0000779	OG0001374	-			ALU68523.1, ALU68285.1, ALU68970.1
N1.HOG0000780	OG0001375	-			ALU70152.1, ALU68317.1, ALU70130.1
N1.HOG0000781	OG0001376	-			ALU68373.1, ALU68372.1, ALU68371.1
N1.HOG0000782	OG0001377	-			ALU72296.1, ALU72593.1, ALU68406.1
N1.HOG0000783	OG0001378	-			ALU68428.1, ALU70213.1, ALU72215.1
N1.HOG0000784	OG0001379	-			ALU71979.1, ALU71905.1, ALU68434.1
N1.HOG0000785	OG0001380	-			ALU68546.1, ALU68448.1, ALU69733.1
N1.HOG0000786	OG0001381	-			ALU68461.1, ALU68854.1, ALU73181.1
N1.HOG0000787	OG0001382	-			ALU72378.1, ALU72704.1, ALU68497.1
N1.HOG0000788	OG0001383	-			ALU68518.1, ALU70062.1, ALU70067.1
N1.HOG0000789	OG0001384	-			ALU73030.1, ALU71746.1, ALU68533.1
N1.HOG0000790	OG0001385	-			ALU68731.1, ALU68560.1, ALU69243.1
N1.HOG0000791	OG0001386	-			ALU68562.1, ALU71995.1, ALU72365.1
N1.HOG0000792	OG0001387	-			ALU68591.1, ALU69047.1, ALU71114.1
N1.HOG0000793	OG0001388	-			ALU71898.1, ALU71470.1, ALU68656.1
N1.HOG0000794	OG0001389	-			ALU70648.1, ALU70937.1, ALU68704.1
N1.HOG0000795	OG0001390	-			ALU68872.1, ALU69847.1, ALU68721.1
N1.HOG0000796	OG0001391	-			ALU68724.1, ALU72827.1, ALU72828.1
N1.HOG0000797	OG0001392	-			ALU70305.1, ALU68767.1, ALU68759.1
N1.HOG0000798	OG0001393	-			ALU68772.1, ALU72987.1, ALU70177.1
N1.HOG0000799	OG0001394	-			ALU68796.1, ALU70633.1, ALU70186.1
N1.HOG0000800	OG0001395	-			ALU73726.1, ALU68818.1, ALU73553.1
N1.HOG0000801	OG0001396	-			ALU68912.1, ALU68832.1, ALU71684.1
N1.HOG0000802	OG0001397	-			ALU68873.1, ALU68881.1, ALU71663.1
N1.HOG0000803	OG0001398	-			ALU69023.1, ALU69046.1, ALU68941.1
N1.HOG0000804	OG0001399	-			ALU71194.1, ALU69086.1, ALU70492.1
N1.HOG0000805	OG0001400	-			ALU73028.1, ALU69114.1, ALU72498.1
N1.HOG0000806	OG0001401	-			ALU69129.1, ALU73098.1, ALU73561.1
N1.HOG0000807	OG0001402	-			ALU73312.1, ALU69133.1, ALU73311.1
N1.HOG0000808	OG0001403	-			ALU69168.1, ALU70253.1, ALU72796.1
N1.HOG0000809	OG0001404	-			ALU69277.1, ALU72322.1, ALU72426.1
N1.HOG0000810	OG0001405	-			ALU69293.1, ALU73130.1, ALU72950.1
N1.HOG0000811	OG0001406	-			ALU69322.1, ALU70123.1, ALU72129.1
N1.HOG0000812	OG0001407	-			ALU69356.1, ALU71278.1, ALU70859.1
N1.HOG0000813	OG0001408	-			ALU72410.1, ALU70109.1, ALU69422.1
N1.HOG0000814	OG0001409	-			ALU72409.1, ALU69423.1, ALU70110.1
N1.HOG0000815	OG0001410	-			ALU70277.1, ALU69440.1, ALU73666.1
N1.HOG0000816	OG0001411	-			ALU71459.1, ALU69604.1, ALU72342.1
N1.HOG0000817	OG0001412	-			ALU72509.1, ALU72511.1, ALU69615.1
N1.HOG0000818	OG0001413	-			ALU69668.1, ALU69998.1, ALU70874.1
N1.HOG0000819	OG0001414	-			ALU72851.1, ALU69744.1, ALU70670.1
N1.HOG0000820	OG0001415	-			ALU70183.1, ALU72644.1, ALU69770.1
N1.HOG0000821	OG0001416	-			ALU72270.1, ALU72271.1, ALU69803.1
N1.HOG0000822	OG0001417	-			ALU72894.1, ALU69837.1, ALU73090.1
N1.HOG0000823	OG0001418	-			ALU73089.1, ALU72895.1, ALU69838.1
N1.HOG0000824	OG0001419	-			ALU69887.1, ALU72545.1, ALU72556.1
N1.HOG0000825	OG0001420	-			ALU72557.1, ALU69888.1, ALU72546.1
N1.HOG0000826	OG0001421	-			ALU70022.1, ALU70021.1, ALU69897.1
N1.HOG0000827	OG0001422	-			ALU71148.1, ALU70001.1, ALU72390.1
N1.HOG0000828	OG0001423	-			ALU73405.1, ALU70066.1, ALU71840.1
N1.HOG0000829	OG0001424	-			ALU70437.1, ALU71875.1, ALU70252.1
N1.HOG0000830	OG0001425	-			ALU72074.1, ALU70294.1, ALU72072.1
N1.HOG0000831	OG0001426	-			ALU72473.1, ALU70564.1, ALU72235.1
N1.HOG0000832	OG0001427	-			ALU70926.1, ALU71254.1, ALU71808.1
N1.HOG0000833	OG0001428	-			ALU71836.1, ALU72267.1, ALU71151.1
N1.HOG0000834	OG0001429	-			ALU72805.1, ALU72804.1, ALU71481.1
N1.HOG0000835	OG0001430	-			ALU71501.1, ALU73385.1, ALU73138.1
N1.HOG0000836	OG0001431	-			ALU71747.1, ALU73033.1, ALU73032.1
N1.HOG0000837	OG0001432	-			ALU71936.1, ALU73648.1, ALU73619.1
N1.HOG0000838	OG0001433	-			ALU72097.1, ALU73450.1, ALU72986.1
N1.HOG0000839	OG0001434	-			ALU72575.1, ALU72108.1, ALU72574.1
N1.HOG0000840	OG0001435	-			ALU72584.1, ALU72294.1, ALU72596.1
N1.HOG0000841	OG0001436	-			ALU72484.1, ALU72482.1, ALU72483.1
N1.HOG0000842	OG0001437	-			ALU73598.1, ALU72525.1, ALU72526.1
N1.HOG0000843	OG0001438	-			ALU73316.1, ALU73571.1, ALU72643.1
N1.HOG0000844	OG0001439	-			ALU72979.1, ALU72682.1, ALU73545.1
N1.HOG0000845	OG0001440	-			ALU73541.1, ALU72699.1, ALU73544.1
N1.HOG0000846	OG0001441	-			ALU73284.1, ALU73491.1, ALU73622.1
N1.HOG0000847	OG0001442	-			ALU73365.1, ALU73386.1, ALU73331.1
N1.HOG0000848	OG0001443	-			ALU73370.1, ALU73471.1, ALU73408.1
N1.HOG0000849	OG0001444	-			ALU73555.1, ALU73371.1, ALU73769.1
N1.HOG0000850	OG0001955	-		UDK99227.1	ALU72333.1
N1.HOG0000851	OG0001956	-		UDK99236.1	ALU70488.1
N1.HOG0000852	OG0001957	-		UDK99270.1	ALU70176.1
N1.HOG0000853	OG0001958	-		UDK99288.1	ALU70181.1
N1.HOG0000854	OG0001959	-		UDK99290.1	ALU70915.1
N1.HOG0000855	OG0001960	-		UDK99304.1	ALU70576.1
N1.HOG0000856	OG0001961	-		UDK99320.1	ALU69560.1
N1.HOG0000857	OG0001962	-		UDK99321.1	ALU73161.1
N1.HOG0000858	OG0001963	-		UDK99337.1	ALU72289.1
N1.HOG0000859	OG0001964	-		UDK99353.1	ALU73016.1
N1.HOG0000860	OG0001965	-		UDK99386.1	ALU73757.1
N1.HOG0000861	OG0001966	-		UDK99392.1	ALU69163.1
N1.HOG0000862	OG0001967	-		UDK99401.1	ALU69407.1
N1.HOG0000863	OG0001968	-		UDL00672.1, UDK99405.1	
N1.HOG0000864	OG0001969	-		UDK99408.1, UDK99406.1	
N1.HOG0000865	OG0001970	-		UDK99416.1	ALU71787.1
N1.HOG0000866	OG0001971	-		UDK99417.1	ALU71786.1
N1.HOG0000867	OG0001972	-		UDK99434.1	ALU69217.1
N1.HOG0000868	OG0001973	-		UDK99765.1, UDK99435.1	
N1.HOG0000869	OG0001974	-		UDK99440.1	ALU71238.1
N1.HOG0000870	OG0001975	-		UDK99453.1	ALU70471.1
N1.HOG0000871	OG0001976	-		UDK99472.1, UDL00942.1	
N1.HOG0000872	OG0001977	-		UDK99478.1	ALU69700.1
N1.HOG0000873	OG0001978	-		UDK99499.1	ALU71639.1
N1.HOG0000874	OG0001979	-		UDK99519.1	ALU71152.1
N1.HOG0000875	OG0001980	-		UDK99528.1	ALU69215.1
N1.HOG0000876	OG0001981	-		UDK99543.1	ALU70680.1
N1.HOG0000877	OG0001982	-		UDK99547.1	ALU68240.1
N1.HOG0000878	OG0001983	-		UDK99548.1	ALU69374.1
N1.HOG0000879	OG0001984	-		UDL01683.1, UDK99552.1	
N1.HOG0000880	OG0001985	-		UDK99555.1	ALU69992.1
N1.HOG0000881	OG0001986	-		UDK99567.1	ALU69205.1
N1.HOG0000882	OG0001987	-		UDK99575.1, UDL01081.1	
N1.HOG0000883	OG0001988	-		UDK99586.1	ALU71962.1
N1.HOG0000884	OG0001989	-		UDK99589.1	ALU71000.1
N1.HOG0000885	OG0001990	-		UDK99596.1	ALU70504.1
N1.HOG0000886	OG0001991	-		UDK99597.1	ALU68265.1
N1.HOG0000887	OG0001992	-		UDL00624.1, UDK99604.1	
N1.HOG0000888	OG0001993	-		UDK99605.1	ALU71267.1
N1.HOG0000889	OG0001994	-		UDK99607.1	ALU69287.1
N1.HOG0000890	OG0001995	-		UDL01628.1, UDK99609.1	
N1.HOG0000891	OG0001996	-		UDK99613.1	ALU69858.1
N1.HOG0000892	OG0001997	-		UDK99615.1, UDL01751.1	
N1.HOG0000893	OG0001998	-		UDK99616.1	ALU71508.1
N1.HOG0000894	OG0001999	-		UDL02037.1, UDK99620.1	
N1.HOG0000895	OG0002000	-		UDK99625.1	ALU71166.1
N1.HOG0000896	OG0002001	-		UDK99637.1	ALU71880.1
N1.HOG0000897	OG0002002	-		UDK99647.1	ALU70635.1
N1.HOG0000898	OG0002003	-		UDK99648.1	ALU70618.1
N1.HOG0000899	OG0002004	-		UDL00421.1, UDK99663.1	
N1.HOG0000900	OG0002005	-		UDK99665.1	ALU70083.1
N1.HOG0000901	OG0002006	-		UDK99673.1	ALU68528.1
N1.HOG0000902	OG0002007	-		UDK99678.1	ALU72431.1
N1.HOG0000903	OG0002008	-		UDK99767.1, UDK99690.1	
N1.HOG0000904	OG0002009	-		UDK99729.1, UDK99727.1	
N1.HOG0000905	OG0002010	-		UDK99784.1	ALU68380.1
N1.HOG0000906	OG0002011	-		UDL01315.1, UDK99810.1	
N1.HOG0000907	OG0002012	-		UDK99819.1, UDL01687.1	
N1.HOG0000908	OG0002013	-		UDK99830.1	ALU68279.1
N1.HOG0000909	OG0002014	-		UDK99837.1	ALU73593.1
N1.HOG0000910	OG0002015	-		UDK99842.1	ALU68771.1
N1.HOG0000911	OG0002016	-		UDL00874.1, UDK99851.1	
N1.HOG0000912	OG0002017	-		UDK99879.1, UDK99878.1	
N1.HOG0000913	OG0002018	-		UDK99900.1	ALU67798.1
N1.HOG0000914	OG0002019	-		UDK99931.1	ALU71922.1
N1.HOG0000915	OG0002020	-		UDK99932.1	ALU70525.1
N1.HOG0000916	OG0002021	-		UDL02285.1, UDK99934.1	
N1.HOG0000917	OG0002022	-		UDK99949.1	ALU70270.1
N1.HOG0000918	OG0002023	-		UDK99954.1	ALU70765.1
N1.HOG0000919	OG0002024	-		UDK99965.1	ALU71028.1
N1.HOG0000920	OG0002025	-		UDK99967.1	ALU71963.1
N1.HOG0000921	OG0002026	-		UDL01274.1, UDK99973.1	
N1.HOG0000922	OG0002027	-		UDK99986.1	ALU71233.1
N1.HOG0000923	OG0002028	-		UDK99991.1	ALU72301.1
N1.HOG0000924	OG0002029	-		UDK99998.1, UDL00861.1	
N1.HOG0000925	OG0002030	-		UDL00018.1	ALU68147.1
N1.HOG0000926	OG0002031	-		UDL00020.1	ALU70572.1
N1.HOG0000927	OG0002032	-		UDL00028.1, UDL00979.1	
N1.HOG0000928	OG0002033	-		UDL00029.1	ALU71886.1
N1.HOG0000929	OG0002034	-		UDL00032.1	ALU67706.1
N1.HOG0000930	OG0002035	-		UDL00057.1	ALU69051.1
N1.HOG0000931	OG0002036	-		UDL00072.1	ALU69020.1
N1.HOG0000932	OG0002037	-		UDL00073.1	ALU69730.1
N1.HOG0000933	OG0002038	-		UDL01079.1, UDL00079.1	
N1.HOG0000934	OG0002039	-		UDL00091.1	ALU67871.1
N1.HOG0000935	OG0002040	-		UDL00098.1	ALU71844.1
N1.HOG0000936	OG0002041	-		UDL00099.1	ALU71843.1
N1.HOG0000937	OG0002042	-		UDL00109.1	ALU72068.1
N1.HOG0000938	OG0002043	-		UDL00111.1, UDL01802.1	
N1.HOG0000939	OG0002044	-		UDL00112.1	ALU70574.1
N1.HOG0000940	OG0002045	-		UDL00982.1, UDL00114.1	
N1.HOG0000941	OG0002046	-		UDL00133.1	ALU68124.1
N1.HOG0000942	OG0002047	-		UDL00134.1, UDL00135.1	
N1.HOG0000943	OG0002048	-		UDL00144.1	ALU71038.1
N1.HOG0000944	OG0002049	-		UDL00145.1, UDL01728.1	
N1.HOG0000945	OG0002050	-		UDL00172.1	ALU67959.1
N1.HOG0000946	OG0002051	-		UDL00194.1	ALU73579.1
N1.HOG0000947	OG0002052	-		UDL00205.1	ALU70163.1
N1.HOG0000948	OG0002053	-		UDL01296.1, UDL00214.1	
N1.HOG0000949	OG0002054	-		UDL00216.1	ALU70009.1
N1.HOG0000950	OG0002055	-		UDL00219.1	ALU71003.1
N1.HOG0000951	OG0002056	-		UDL00225.1, UDL01954.1	
N1.HOG0000952	OG0002057	-		UDL00229.1	ALU72814.1
N1.HOG0000953	OG0002058	-		UDL00234.1	ALU72811.1
N1.HOG0000954	OG0002059	-		UDL00248.1, UDL00249.1	
N1.HOG0000955	OG0002060	-		UDL00273.1	ALU72465.1
N1.HOG0000956	OG0002061	-		UDL00313.1, UDL00280.1	
N1.HOG0000957	OG0002062	-		UDL02039.1, UDL00289.1	
N1.HOG0000958	OG0002063	-		UDL00302.1	ALU71688.1
N1.HOG0000959	OG0002064	-		UDL02079.1, UDL00311.1	
N1.HOG0000960	OG0002065	-		UDL00316.1	ALU70862.1
N1.HOG0000961	OG0002066	-		UDL02255.1, UDL00319.1	
N1.HOG0000962	OG0002067	-		UDL00322.1	ALU69466.1
N1.HOG0000963	OG0002068	-		UDL02103.1, UDL00324.1	
N1.HOG0000964	OG0002069	-		UDL00334.1	ALU69933.1
N1.HOG0000965	OG0002070	-		UDL00338.1, UDL00337.1	
N1.HOG0000966	OG0002071	-		UDL01925.1, UDL00344.1	
N1.HOG0000967	OG0002072	-		UDL00359.1	ALU73600.1
N1.HOG0000968	OG0002073	-		UDL00394.1	ALU69908.1
N1.HOG0000969	OG0002074	-		UDL00406.1	ALU71057.1
N1.HOG0000970	OG0002075	-		UDL02295.1, UDL00416.1	
N1.HOG0000971	OG0002076	-		UDL00417.1	ALU72453.1
N1.HOG0000972	OG0002077	-		UDL00424.1	ALU71477.1
N1.HOG0000973	OG0002078	-		UDL00590.1, UDL00428.1	
N1.HOG0000974	OG0002079	-		UDL00432.1	ALU68622.1
N1.HOG0000975	OG0002080	-		UDL00434.1, UDL00433.1	
N1.HOG0000976	OG0002081	-		UDL00503.1	ALU72408.1
N1.HOG0000977	OG0002082	-		UDL00507.1	ALU71396.1
N1.HOG0000978	OG0002083	-		UDL00520.1	ALU69869.1
N1.HOG0000979	OG0002084	-		UDL00532.1	ALU70751.1
N1.HOG0000980	OG0002085	-		UDL00586.1	ALU71208.1
N1.HOG0000981	OG0002086	-		UDL00591.1	ALU71332.1
N1.HOG0000982	OG0002087	-		UDL00592.1	ALU71331.1
N1.HOG0000983	OG0002088	-		UDL00593.1	ALU71329.1
N1.HOG0000984	OG0002089	-		UDL00594.1	ALU71328.1
N1.HOG0000985	OG0002090	-		UDL00595.1	ALU71327.1
N1.HOG0000986	OG0002091	-		UDL00596.1	ALU71326.1
N1.HOG0000987	OG0002092	-		UDL00598.1	ALU71324.1
N1.HOG0000988	OG0002093	-		UDL00599.1	ALU71323.1
N1.HOG0000989	OG0002094	-		UDL00601.1	ALU71322.1
N1.HOG0000990	OG0002095	-		UDL00602.1	ALU71321.1
N1.HOG0000991	OG0002096	-		UDL00603.1	ALU71320.1
N1.HOG0000992	OG0002097	-		UDL00604.1	ALU71319.1
N1.HOG0000993	OG0002098	-		UDL00629.1, UDL01485.1	
N1.HOG0000994	OG0002099	-		UDL00632.1	ALU73129.1
N1.HOG0000995	OG0002100	-		UDL00646.1	ALU69855.1
N1.HOG0000996	OG0002101	-		UDL01980.1, UDL00662.1	
N1.HOG0000997	OG0002102	-		UDL00668.1, UDL01043.1	
N1.HOG0000998	OG0002103	-		UDL00669.1	ALU67881.1
N1.HOG0000999	OG0002104	-		UDL00688.1	ALU69428.1
N1.HOG0001000	OG0002105	-		UDL01210.1, UDL00698.1	
N1.HOG0001001	OG0002106	-		UDL00726.1, UDL00727.1	
N1.HOG0001002	OG0002107	-		UDL00739.1	ALU71503.1
N1.HOG0001003	OG0002108	-		UDL00756.1, UDL01671.1	
N1.HOG0001004	OG0002109	-		UDL00766.1	ALU67892.1
N1.HOG0001005	OG0002110	-		UDL00823.1	ALU71002.1
N1.HOG0001006	OG0002111	-		UDL00838.1	ALU68950.1
N1.HOG0001007	OG0002112	-		UDL00850.1, UDL00849.1	
N1.HOG0001008	OG0002113	-		UDL00876.1	ALU70444.1
N1.HOG0001009	OG0002114	-		UDL00883.1	ALU69494.1
N1.HOG0001010	OG0002115	-		UDL00905.1	ALU69581.1
N1.HOG0001011	OG0002116	-		UDL01618.1, UDL00911.1	
N1.HOG0001012	OG0002117	-		UDL00924.1	ALU70957.1
N1.HOG0001013	OG0002118	-		UDL00947.1	ALU72711.1
N1.HOG0001014	OG0002119	-		UDL00948.1	ALU67809.1
N1.HOG0001015	OG0002120	-		UDL00972.1	ALU68489.1
N1.HOG0001016	OG0002121	-		UDL01010.1	ALU72748.1
N1.HOG0001017	OG0002122	-		UDL01011.1	ALU68016.1
N1.HOG0001018	OG0002123	-		UDL01023.1, UDL01278.1	
N1.HOG0001019	OG0002124	-		UDL01068.1	ALU71690.1
N1.HOG0001020	OG0002125	-		UDL01077.1	ALU70306.1
N1.HOG0001021	OG0002126	-		UDL01078.1	ALU70938.1
N1.HOG0001022	OG0002127	-		UDL01082.1	ALU70127.1
N1.HOG0001023	OG0002128	-		UDL01083.1	ALU70380.1
N1.HOG0001024	OG0002129	-		UDL01084.1	ALU70379.1
N1.HOG0001025	OG0002130	-		UDL01091.1	ALU69780.1
N1.HOG0001026	OG0002131	-		UDL01095.1	ALU71622.1
N1.HOG0001027	OG0002132	-		UDL01098.1	ALU70436.1
N1.HOG0001028	OG0002133	-		UDL01110.1	ALU72949.1
N1.HOG0001029	OG0002134	-		UDL01121.1	ALU71687.1
N1.HOG0001030	OG0002135	-		UDL01153.1	ALU69698.1
N1.HOG0001031	OG0002136	-		UDL01154.1	ALU69697.1
N1.HOG0001032	OG0002137	-		UDL01478.1, UDL01171.1	
N1.HOG0001033	OG0002138	-		UDL01175.1	ALU68363.1
N1.HOG0001034	OG0002139	-		UDL01212.1	ALU69646.1
N1.HOG0001035	OG0002140	-		UDL01220.1	ALU68968.1
N1.HOG0001036	OG0002141	-		UDL01230.1	ALU71087.1
N1.HOG0001037	OG0002142	-		UDL01235.1	ALU70025.1
N1.HOG0001038	OG0002143	-		UDL01243.1	ALU67652.1
N1.HOG0001039	OG0002144	-		UDL01246.1	ALU67651.1
N1.HOG0001040	OG0002145	-		UDL01247.1	ALU67653.1
N1.HOG0001041	OG0002146	-		UDL01251.1	ALU69903.1
N1.HOG0001042	OG0002147	-		UDL01254.1	ALU67656.1
N1.HOG0001043	OG0002148	-		UDL01264.1	ALU73101.1
N1.HOG0001044	OG0002149	-		UDL01792.1, UDL01267.1	
N1.HOG0001045	OG0002150	-		UDL01282.1	ALU69629.1
N1.HOG0001046	OG0002151	-		UDL01287.1	ALU73267.1
N1.HOG0001047	OG0002152	-		UDL01304.1	ALU71504.1
N1.HOG0001048	OG0002153	-		UDL01309.1	ALU70552.1
N1.HOG0001049	OG0002154	-		UDL01343.1	ALU68683.1
N1.HOG0001050	OG0002155	-		UDL02217.1, UDL01346.1	
N1.HOG0001051	OG0002156	-		UDL01349.1	ALU69994.1
N1.HOG0001052	OG0002157	-		UDL01352.1	ALU72990.1
N1.HOG0001053	OG0002158	-		UDL01378.1	ALU69768.1
N1.HOG0001054	OG0002159	-		UDL01390.1	ALU69764.1
N1.HOG0001055	OG0002160	-		UDL01786.1, UDL01396.1	
N1.HOG0001056	OG0002161	-		UDL01400.1	ALU68685.1
N1.HOG0001057	OG0002162	-		UDL01402.1	ALU68693.1
N1.HOG0001058	OG0002163	-		UDL01403.1	ALU68692.1
N1.HOG0001059	OG0002164	-		UDL01405.1	ALU68690.1
N1.HOG0001060	OG0002165	-		UDL01410.1	ALU69767.1
N1.HOG0001061	OG0002166	-		UDL02270.1, UDL01411.1	
N1.HOG0001062	OG0002167	-		UDL01417.1	ALU67922.1
N1.HOG0001063	OG0002168	-		UDL01427.1	ALU72291.1
N1.HOG0001064	OG0002169	-		UDL01429.1	ALU70322.1
N1.HOG0001065	OG0002170	-		UDL01443.1, UDL02035.1	
N1.HOG0001066	OG0002171	-		UDL01449.1	ALU71654.1
N1.HOG0001067	OG0002172	-		UDL01450.1, UDL01678.1	
N1.HOG0001068	OG0002173	-		UDL01459.1	ALU70364.1
N1.HOG0001069	OG0002174	-		UDL01468.1, UDL01534.1	
N1.HOG0001070	OG0002175	-		UDL01470.1	ALU68820.1
N1.HOG0001071	OG0002176	-		UDL01486.1, UDL02135.1	
N1.HOG0001072	OG0002177	-		UDL01509.1	ALU72832.1
N1.HOG0001073	OG0002178	-		UDL01513.1	ALU68618.1
N1.HOG0001074	OG0002179	-		UDL01530.1	ALU72336.1
N1.HOG0001075	OG0002180	-		UDL01533.1	ALU70179.1
N1.HOG0001076	OG0002181	-		UDL01536.1	ALU69769.1
N1.HOG0001077	OG0002182	-		UDL01579.1	ALU72687.1
N1.HOG0001078	OG0002183	-		UDL01583.1	ALU69766.1
N1.HOG0001079	OG0002184	-		UDL01584.1	ALU70287.1
N1.HOG0001080	OG0002185	-		UDL01585.1	ALU71113.1
N1.HOG0001081	OG0002186	-		UDL01614.1	ALU70227.1
N1.HOG0001082	OG0002187	-		UDL01723.1, UDL01629.1	
N1.HOG0001083	OG0002188	-		UDL01645.1	ALU72767.1
N1.HOG0001084	OG0002189	-		UDL01650.1	ALU70547.1
N1.HOG0001085	OG0002190	-		UDL01676.1	ALU69909.1
N1.HOG0001086	OG0002191	-		UDL01703.1, UDL02240.1	
N1.HOG0001087	OG0002192	-		UDL01733.1	ALU68919.1
N1.HOG0001088	OG0002193	-		UDL01735.1	ALU71555.1
N1.HOG0001089	OG0002194	-		UDL01782.1, UDL02138.1	
N1.HOG0001090	OG0002195	-		UDL01797.1	ALU72993.1
N1.HOG0001091	OG0002196	-		UDL01799.1	ALU69389.1
N1.HOG0001092	OG0002197	-		UDL01800.1	ALU70536.1
N1.HOG0001093	OG0002198	-		UDL01905.1	ALU72606.1
N1.HOG0001094	OG0002199	-		UDL01907.1	ALU72605.1
N1.HOG0001095	OG0002200	-		UDL01915.1	ALU69196.1
N1.HOG0001096	OG0002201	-		UDL01916.1	ALU68573.1
N1.HOG0001097	OG0002202	-		UDL02229.1, UDL01928.1	
N1.HOG0001098	OG0002203	-		UDL01943.1	ALU69257.1
N1.HOG0001099	OG0002204	-		UDL01953.1	ALU69973.1
N1.HOG0001100	OG0002205	-		UDL01964.1	ALU68990.1
N1.HOG0001101	OG0002206	-		UDL01965.1	ALU68748.1
N1.HOG0001102	OG0002207	-		UDL01966.1	ALU68750.1
N1.HOG0001103	OG0002208	-		UDL01969.1	ALU69045.1
N1.HOG0001104	OG0002209	-		UDL01970.1	ALU68758.1
N1.HOG0001105	OG0002210	-		UDL01995.1	ALU73470.1
N1.HOG0001106	OG0002211	-		UDL02004.1	ALU68391.1
N1.HOG0001107	OG0002212	-		UDL02005.1	ALU68390.1
N1.HOG0001108	OG0002213	-		UDL02006.1	ALU68901.1
N1.HOG0001109	OG0002214	-		UDL02007.1	ALU70535.1
N1.HOG0001110	OG0002215	-		UDL02020.1	ALU68695.1
N1.HOG0001111	OG0002216	-		UDL02021.1	ALU68029.1
N1.HOG0001112	OG0002217	-		UDL02030.1	ALU68667.1
N1.HOG0001113	OG0002218	-		UDL02196.1, UDL02043.1	
N1.HOG0001114	OG0002219	-		UDL02048.1	ALU67726.1
N1.HOG0001115	OG0002220	-		UDL02057.1	ALU68099.1
N1.HOG0001116	OG0002221	-		UDL02058.1	ALU68098.1
N1.HOG0001117	OG0002222	-		UDL02060.1	ALU67937.1
N1.HOG0001118	OG0002223	-		UDL02061.1	ALU67938.1
N1.HOG0001119	OG0002224	-		UDL02063.1	ALU71387.1
N1.HOG0001120	OG0002225	-		UDL02068.1	ALU72316.1
N1.HOG0001121	OG0002226	-		UDL02069.1	ALU72317.1
N1.HOG0001122	OG0002227	-		UDL02070.1	ALU72318.1
N1.HOG0001123	OG0002228	-		UDL02071.1	ALU72319.1
N1.HOG0001124	OG0002229	-		UDL02073.1	ALU72320.1
N1.HOG0001125	OG0002230	-		UDL02080.1, UDL02132.1	
N1.HOG0001126	OG0002231	-		UDL02084.1	ALU69348.1
N1.HOG0001127	OG0002232	-		UDL02085.1	ALU68774.1
N1.HOG0001128	OG0002233	-		UDL02086.1	ALU72871.1
N1.HOG0001129	OG0002234	-		UDL02090.1	ALU69005.1
N1.HOG0001130	OG0002235	-		UDL02092.1	ALU69675.1
N1.HOG0001131	OG0002236	-		UDL02109.1	ALU68013.1
N1.HOG0001132	OG0002237	-		UDL02111.1, UDL02137.1	
N1.HOG0001133	OG0002238	-		UDL02119.1	ALU72247.1
N1.HOG0001134	OG0002239	-		UDL02120.1	ALU72664.1
N1.HOG0001135	OG0002240	-		UDL02125.1	ALU69090.1
N1.HOG0001136	OG0002241	-		UDL02144.1	ALU71430.1
N1.HOG0001137	OG0002242	-		UDL02145.1	ALU71429.1
N1.HOG0001138	OG0002243	-		UDL02146.1	ALU70477.1
N1.HOG0001139	OG0002244	-		UDL02148.1	ALU71447.1
N1.HOG0001140	OG0002245	-		UDL02151.1	ALU70887.1
N1.HOG0001141	OG0002246	-		UDL02153.1	ALU70885.1
N1.HOG0001142	OG0002247	-		UDL02169.1	ALU69316.1
N1.HOG0001143	OG0002248	-		UDL02182.1	ALU69081.1
N1.HOG0001144	OG0002249	-		UDL02183.1	ALU69080.1
N1.HOG0001145	OG0002250	-		UDL02210.1	ALU70419.1
N1.HOG0001146	OG0002251	-		UDL02213.1	ALU70418.1
N1.HOG0001147	OG0002252	-		UDL02214.1	ALU70420.1
N1.HOG0001148	OG0002253	-		UDL02215.1	ALU70421.1
N1.HOG0001149	OG0002254	-		UDL02218.1	ALU72588.1
N1.HOG0001150	OG0002255	-		UDL02261.1	ALU73334.1
N1.HOG0001151	OG0002256	-		UDL02264.1	ALU70944.1
N1.HOG0001152	OG0002257	-		UDL02279.1	ALU73338.1
N1.HOG0001153	OG0002258	-			ALU73164.1, ALU67645.1
N1.HOG0001154	OG0002259	-			ALU69824.1, ALU67679.1
N1.HOG0001155	OG0002260	-			ALU73546.1, ALU67694.1
N1.HOG0001156	OG0002261	-			ALU67697.1, ALU67698.1
N1.HOG0001157	OG0002262	-			ALU68341.1, ALU67699.1
N1.HOG0001158	OG0002263	-			ALU68930.1, ALU67700.1
N1.HOG0001159	OG0002264	-			ALU67713.1, ALU70856.1
N1.HOG0001160	OG0002265	-			ALU73662.1, ALU67772.1
N1.HOG0001161	OG0002266	-			ALU67773.1, ALU73661.1
N1.HOG0001162	OG0002267	-			ALU73659.1, ALU67775.1
N1.HOG0001163	OG0002268	-			ALU67792.1, ALU73046.1
N1.HOG0001164	OG0002269	-			ALU67795.1, ALU69608.1
N1.HOG0001165	OG0002270	-			ALU69607.1, ALU67796.1
N1.HOG0001166	OG0002271	-			ALU67808.1, ALU69708.1
N1.HOG0001167	OG0002272	-			ALU67824.1, ALU71419.1
N1.HOG0001168	OG0002273	-			ALU67829.1, ALU71456.1
N1.HOG0001169	OG0002274	-			ALU73537.1, ALU67843.1
N1.HOG0001170	OG0002275	-			ALU73562.1, ALU67844.1
N1.HOG0001171	OG0002276	-			ALU69380.1, ALU67861.1
N1.HOG0001172	OG0002277	-			ALU69689.1, ALU67863.1
N1.HOG0001173	OG0002278	-			ALU67886.1, ALU70505.1
N1.HOG0001174	OG0002279	-			ALU67911.1, ALU72571.1
N1.HOG0001175	OG0002280	-			ALU67933.1, ALU68464.1
N1.HOG0001176	OG0002281	-			ALU67946.1, ALU67954.1
N1.HOG0001177	OG0002282	-			ALU67947.1, ALU67955.1
N1.HOG0001178	OG0002283	-			ALU67949.1, ALU67957.1
N1.HOG0001179	OG0002284	-			ALU67953.1, ALU73179.1
N1.HOG0001180	OG0002285	-			ALU67970.1, ALU71518.1
N1.HOG0001181	OG0002286	-			ALU72489.1, ALU67980.1
N1.HOG0001182	OG0002287	-			ALU67989.1, ALU70931.1
N1.HOG0001183	OG0002288	-			ALU67999.1, ALU69271.1
N1.HOG0001184	OG0002289	-			ALU68003.1, ALU69856.1
N1.HOG0001185	OG0002290	-			ALU68031.1, ALU71014.1
N1.HOG0001186	OG0002291	-			ALU68043.1, ALU68050.1
N1.HOG0001187	OG0002292	-			ALU70988.1, ALU68047.1
N1.HOG0001188	OG0002293	-			ALU71777.1, ALU68063.1
N1.HOG0001189	OG0002294	-			ALU68068.1, ALU72872.1
N1.HOG0001190	OG0002295	-			ALU72631.1, ALU68069.1
N1.HOG0001191	OG0002296	-			ALU68438.1, ALU68070.1
N1.HOG0001192	OG0002297	-			ALU68077.1, ALU72942.1
N1.HOG0001193	OG0002298	-			ALU68079.1, ALU69667.1
N1.HOG0001194	OG0002299	-			ALU68090.1, ALU72709.1
N1.HOG0001195	OG0002300	-			ALU68105.1, ALU68670.1
N1.HOG0001196	OG0002301	-			ALU68117.1, ALU68116.1
N1.HOG0001197	OG0002302	-			ALU68119.1, ALU70627.1
N1.HOG0001198	OG0002303	-			ALU69640.1, ALU68133.1
N1.HOG0001199	OG0002304	-			ALU73367.1, ALU68134.1
N1.HOG0001200	OG0002305	-			ALU73569.1, ALU68136.1
N1.HOG0001201	OG0002306	-			ALU68139.1, ALU70960.1
N1.HOG0001202	OG0002307	-			ALU73515.1, ALU68156.1
N1.HOG0001203	OG0002308	-			ALU68194.1, ALU70645.1
N1.HOG0001204	OG0002309	-			ALU68195.1, ALU69074.1
N1.HOG0001205	OG0002310	-			ALU68219.1, ALU73614.1
N1.HOG0001206	OG0002311	-			ALU68227.1, ALU72512.1
N1.HOG0001207	OG0002312	-			ALU71651.1, ALU68238.1
N1.HOG0001208	OG0002313	-			ALU71169.1, ALU68245.1
N1.HOG0001209	OG0002314	-			ALU69361.1, ALU68253.1
N1.HOG0001210	OG0002315	-			ALU71534.1, ALU68289.1
N1.HOG0001211	OG0002316	-			ALU71831.1, ALU68323.1
N1.HOG0001212	OG0002317	-			ALU68334.1, ALU68445.1
N1.HOG0001213	OG0002318	-			ALU68356.1, ALU68355.1
N1.HOG0001214	OG0002319	-			ALU68361.1, ALU70214.1
N1.HOG0001215	OG0002320	-			ALU68381.1, ALU68376.1
N1.HOG0001216	OG0002321	-			ALU68398.1, ALU73502.1
N1.HOG0001217	OG0002322	-			ALU68399.1, ALU73503.1
N1.HOG0001218	OG0002323	-			ALU73504.1, ALU68402.1
N1.HOG0001219	OG0002324	-			ALU72586.1, ALU68403.1
N1.HOG0001220	OG0002325	-			ALU68504.1, ALU68411.1
N1.HOG0001221	OG0002326	-			ALU73606.1, ALU68420.1
N1.HOG0001222	OG0002327	-			ALU68452.1, ALU70037.1
N1.HOG0001223	OG0002328	-			ALU68460.1, ALU68853.1
N1.HOG0001224	OG0002329	-			ALU68465.1, ALU69695.1
N1.HOG0001225	OG0002330	-			ALU73040.1, ALU68480.1
N1.HOG0001226	OG0002331	-			ALU68481.1, ALU73041.1
N1.HOG0001227	OG0002332	-			ALU70108.1, ALU68488.1
N1.HOG0001228	OG0002333	-			ALU68490.1, ALU69250.1
N1.HOG0001229	OG0002334	-			ALU69841.1, ALU68510.1
N1.HOG0001230	OG0002335	-			ALU69694.1, ALU68554.1
N1.HOG0001231	OG0002336	-			ALU70209.1, ALU68557.1
N1.HOG0001232	OG0002337	-			ALU68558.1, ALU69137.1
N1.HOG0001233	OG0002338	-			ALU68559.1, ALU71576.1
N1.HOG0001234	OG0002339	-			ALU68588.1, ALU71316.1
N1.HOG0001235	OG0002340	-			ALU71122.1, ALU68589.1
N1.HOG0001236	OG0002341	-			ALU68590.1, ALU72135.1
N1.HOG0001237	OG0002342	-			ALU68625.1, ALU71116.1
N1.HOG0001238	OG0002343	-			ALU68626.1, ALU71932.1
N1.HOG0001239	OG0002344	-			ALU68635.1, ALU70408.1
N1.HOG0001240	OG0002345	-			ALU68647.1, ALU71310.1
N1.HOG0001241	OG0002346	-			ALU68649.1, ALU73522.1
N1.HOG0001242	OG0002347	-			ALU68650.1, ALU73521.1
N1.HOG0001243	OG0002348	-			ALU68666.1, ALU70090.1
N1.HOG0001244	OG0002349	-			ALU68711.1, ALU69280.1
N1.HOG0001245	OG0002350	-			ALU68726.1, ALU69527.1
N1.HOG0001246	OG0002351	-			ALU68730.1, ALU72960.1
N1.HOG0001247	OG0002352	-			ALU68738.1, ALU70852.1
N1.HOG0001248	OG0002353	-			ALU72791.1, ALU68747.1
N1.HOG0001249	OG0002354	-			ALU68751.1, ALU71027.1
N1.HOG0001250	OG0002355	-			ALU70174.1, ALU68752.1
N1.HOG0001251	OG0002356	-			ALU70705.1, ALU68761.1
N1.HOG0001252	OG0002357	-			ALU68765.1, ALU73329.1
N1.HOG0001253	OG0002358	-			ALU73472.1, ALU68768.1
N1.HOG0001254	OG0002359	-			ALU73739.1, ALU68795.1
N1.HOG0001255	OG0002360	-			ALU68807.1, ALU73065.1
N1.HOG0001256	OG0002361	-			ALU68809.1, ALU73711.1
N1.HOG0001257	OG0002362	-			ALU68821.1, ALU73066.1
N1.HOG0001258	OG0002363	-			ALU68823.1, ALU73451.1
N1.HOG0001259	OG0002364	-			ALU68828.1, ALU73464.1
N1.HOG0001260	OG0002365	-			ALU68838.1, ALU72139.1
N1.HOG0001261	OG0002366	-			ALU68839.1, ALU69119.1
N1.HOG0001262	OG0002367	-			ALU68842.1, ALU73361.1
N1.HOG0001263	OG0002368	-			ALU68848.1, ALU70843.1
N1.HOG0001264	OG0002369	-			ALU69400.1, ALU68857.1
N1.HOG0001265	OG0002370	-			ALU71442.1, ALU68863.1
N1.HOG0001266	OG0002371	-			ALU68875.1, ALU69848.1
N1.HOG0001267	OG0002372	-			ALU68876.1, ALU69849.1
N1.HOG0001268	OG0002373	-			ALU72610.1, ALU68886.1
N1.HOG0001269	OG0002374	-			ALU72611.1, ALU68887.1
N1.HOG0001270	OG0002375	-			ALU68905.1, ALU68906.1
N1.HOG0001271	OG0002376	-			ALU68946.1, ALU68945.1
N1.HOG0001272	OG0002377	-			ALU68958.1, ALU71852.1
N1.HOG0001273	OG0002378	-			ALU68963.1, ALU70073.1
N1.HOG0001274	OG0002379	-			ALU69960.1, ALU68981.1
N1.HOG0001275	OG0002380	-			ALU69015.1, ALU69016.1
N1.HOG0001276	OG0002381	-			ALU69054.1, ALU71413.1
N1.HOG0001277	OG0002382	-			ALU69057.1, ALU72907.1
N1.HOG0001278	OG0002383	-			ALU69079.1, ALU69078.1
N1.HOG0001279	OG0002384	-			ALU69111.1, ALU70345.1
N1.HOG0001280	OG0002385	-			ALU72522.1, ALU69121.1
N1.HOG0001281	OG0002386	-			ALU72911.1, ALU69138.1
N1.HOG0001282	OG0002387	-			ALU69141.1, ALU71773.1
N1.HOG0001283	OG0002388	-			ALU70148.1, ALU69165.1
N1.HOG0001284	OG0002389	-			ALU69174.1, ALU71650.1
N1.HOG0001285	OG0002390	-			ALU71462.1, ALU69182.1
N1.HOG0001286	OG0002391	-			ALU72306.1, ALU69183.1
N1.HOG0001287	OG0002392	-			ALU71811.1, ALU69209.1
N1.HOG0001288	OG0002393	-			ALU69216.1, ALU71480.1
N1.HOG0001289	OG0002394	-			ALU72807.1, ALU69269.1
N1.HOG0001290	OG0002395	-			ALU73256.1, ALU69274.1
N1.HOG0001291	OG0002396	-			ALU69283.1, ALU72729.1
N1.HOG0001292	OG0002397	-			ALU69304.1, ALU72439.1
N1.HOG0001293	OG0002398	-			ALU69307.1, ALU72691.1
N1.HOG0001294	OG0002399	-			ALU69309.1, ALU72343.1
N1.HOG0001295	OG0002400	-			ALU69319.1, ALU69954.1
N1.HOG0001296	OG0002401	-			ALU70816.1, ALU69327.1
N1.HOG0001297	OG0002402	-			ALU69331.1, ALU70779.1
N1.HOG0001298	OG0002403	-			ALU70761.1, ALU69346.1
N1.HOG0001299	OG0002404	-			ALU69364.1, ALU69972.1
N1.HOG0001300	OG0002405	-			ALU69415.1, ALU70966.1
N1.HOG0001301	OG0002406	-			ALU70965.1, ALU69416.1
N1.HOG0001302	OG0002407	-			ALU71783.1, ALU69424.1
N1.HOG0001303	OG0002408	-			ALU69461.1, ALU73114.1
N1.HOG0001304	OG0002409	-			ALU73427.1, ALU69495.1
N1.HOG0001305	OG0002410	-			ALU69524.1, ALU72081.1
N1.HOG0001306	OG0002411	-			ALU69528.1, ALU72991.1
N1.HOG0001307	OG0002412	-			ALU69571.1, ALU72468.1
N1.HOG0001308	OG0002413	-			ALU69687.1, ALU71642.1
N1.HOG0001309	OG0002414	-			ALU69718.1, ALU72648.1
N1.HOG0001310	OG0002415	-			ALU69917.1, ALU69748.1
N1.HOG0001311	OG0002416	-			ALU69765.1, ALU70101.1
N1.HOG0001312	OG0002417	-			ALU69772.1, ALU70121.1
N1.HOG0001313	OG0002418	-			ALU70281.1, ALU69832.1
N1.HOG0001314	OG0002419	-			ALU70853.1, ALU69865.1
N1.HOG0001315	OG0002420	-			ALU69889.1, ALU72560.1
N1.HOG0001316	OG0002421	-			ALU69891.1, ALU73061.1
N1.HOG0001317	OG0002422	-			ALU69902.1, ALU72533.1
N1.HOG0001318	OG0002423	-			ALU70730.1, ALU69977.1
N1.HOG0001319	OG0002424	-			ALU70039.1, ALU71909.1
N1.HOG0001320	OG0002425	-			ALU70763.1, ALU70082.1
N1.HOG0001321	OG0002426	-			ALU70140.1, ALU70145.1
N1.HOG0001322	OG0002427	-			ALU70151.1, ALU72305.1
N1.HOG0001323	OG0002428	-			ALU70164.1, ALU72123.1
N1.HOG0001324	OG0002429	-			ALU73322.1, ALU70165.1
N1.HOG0001325	OG0002430	-			ALU72721.1, ALU70185.1
N1.HOG0001326	OG0002431	-			ALU70211.1, ALU72216.1
N1.HOG0001327	OG0002432	-			ALU72217.1, ALU70212.1
N1.HOG0001328	OG0002433	-			ALU70226.1, ALU72716.1
N1.HOG0001329	OG0002434	-			ALU70416.1, ALU70285.1
N1.HOG0001330	OG0002435	-			ALU71733.1, ALU70300.1
N1.HOG0001331	OG0002436	-			ALU73002.1, ALU70320.1
N1.HOG0001332	OG0002437	-			ALU70325.1, ALU70858.1
N1.HOG0001333	OG0002438	-			ALU70337.1, ALU73577.1
N1.HOG0001334	OG0002439	-			ALU73478.1, ALU70343.1
N1.HOG0001335	OG0002440	-			ALU72095.1, ALU70369.1
N1.HOG0001336	OG0002441	-			ALU73076.1, ALU70387.1
N1.HOG0001337	OG0002442	-			ALU70510.1, ALU72184.1
N1.HOG0001338	OG0002443	-			ALU70512.1, ALU70953.1
N1.HOG0001339	OG0002444	-			ALU71925.1, ALU70516.1
N1.HOG0001340	OG0002445	-			ALU70560.1, ALU71317.1
N1.HOG0001341	OG0002446	-			ALU71039.1, ALU70571.1
N1.HOG0001342	OG0002447	-			ALU70602.1, ALU71935.1
N1.HOG0001343	OG0002448	-			ALU70669.1, ALU72052.1
N1.HOG0001344	OG0002449	-			ALU70704.1, ALU71892.1
N1.HOG0001345	OG0002450	-			ALU70710.1, ALU70969.1
N1.HOG0001346	OG0002451	-			ALU71798.1, ALU70716.1
N1.HOG0001347	OG0002452	-			ALU70742.1, ALU72898.1
N1.HOG0001348	OG0002453	-			ALU70755.1, ALU70756.1
N1.HOG0001349	OG0002454	-			ALU70777.1, ALU72419.1
N1.HOG0001350	OG0002455	-			ALU70847.1, ALU70785.1
N1.HOG0001351	OG0002456	-			ALU72236.1, ALU70806.1
N1.HOG0001352	OG0002457	-			ALU71304.1, ALU70807.1
N1.HOG0001353	OG0002458	-			ALU71252.1, ALU70902.1
N1.HOG0001354	OG0002459	-			ALU70916.1, ALU70921.1
N1.HOG0001355	OG0002460	-			ALU71561.1, ALU70930.1
N1.HOG0001356	OG0002461	-			ALU71052.1, ALU71414.1
N1.HOG0001357	OG0002462	-			ALU71156.1, ALU71157.1
N1.HOG0001358	OG0002463	-			ALU71216.1, ALU71727.1
N1.HOG0001359	OG0002464	-			ALU71250.1, ALU73315.1
N1.HOG0001360	OG0002465	-			ALU71350.1, ALU71279.1
N1.HOG0001361	OG0002466	-			ALU71371.1, ALU73617.1
N1.HOG0001362	OG0002467	-			ALU71378.1, ALU71376.1
N1.HOG0001363	OG0002468	-			ALU71416.1, ALU73677.1
N1.HOG0001364	OG0002469	-			ALU71417.1, ALU73558.1
N1.HOG0001365	OG0002470	-			ALU71465.1, ALU71830.1
N1.HOG0001366	OG0002471	-			ALU71749.1, ALU71573.1
N1.HOG0001367	OG0002472	-			ALU73363.1, ALU71625.1
N1.HOG0001368	OG0002473	-			ALU71797.1, ALU71669.1
N1.HOG0001369	OG0002474	-			ALU73158.1, ALU71682.1
N1.HOG0001370	OG0002475	-			ALU72778.1, ALU71750.1
N1.HOG0001371	OG0002476	-			ALU72654.1, ALU71759.1
N1.HOG0001372	OG0002477	-			ALU72792.1, ALU71790.1
N1.HOG0001373	OG0002478	-			ALU71824.1, ALU72945.1
N1.HOG0001374	OG0002479	-			ALU71828.1, ALU72530.1
N1.HOG0001375	OG0002480	-			ALU72130.1, ALU71864.1
N1.HOG0001376	OG0002481	-			ALU71865.1, ALU73566.1
N1.HOG0001377	OG0002482	-			ALU71924.1, ALU72826.1
N1.HOG0001378	OG0002483	-			ALU72995.1, ALU72051.1
N1.HOG0001379	OG0002484	-			ALU72054.1, ALU73605.1
N1.HOG0001380	OG0002485	-			ALU72578.1, ALU72106.1
N1.HOG0001381	OG0002486	-			ALU72107.1, ALU72576.1
N1.HOG0001382	OG0002487	-			ALU72573.1, ALU72109.1
N1.HOG0001383	OG0002488	-			ALU73552.1, ALU72178.1
N1.HOG0001384	OG0002489	-			ALU73551.1, ALU72179.1
N1.HOG0001385	OG0002490	-			ALU72180.1, ALU73550.1
N1.HOG0001386	OG0002491	-			ALU72181.1, ALU73549.1
N1.HOG0001387	OG0002492	-			ALU72182.1, ALU73548.1
N1.HOG0001388	OG0002493	-			ALU72674.1, ALU72200.1
N1.HOG0001389	OG0002494	-			ALU72307.1, ALU72308.1
N1.HOG0001390	OG0002495	-			ALU72366.1, ALU72367.1
N1.HOG0001391	OG0002496	-			ALU73494.1, ALU72388.1
N1.HOG0001392	OG0002497	-			ALU72538.1, ALU72818.1
N1.HOG0001393	OG0002498	-			ALU72565.1, ALU73610.1
N1.HOG0001394	OG0002499	-			ALU72585.1, ALU72896.1
N1.HOG0001395	OG0002500	-			ALU73366.1, ALU72666.1
N1.HOG0001396	OG0002501	-			ALU73374.1, ALU72746.1
N1.HOG0001397	OG0002502	-			ALU73391.1, ALU72941.1
N1.HOG0001398	OG0002503	-			ALU73171.1, ALU73271.1
N1.HOG0001399	OG0002504	-			ALU73175.1, ALU73176.1
N1.HOG0001400	OG0002505	-			ALU73350.1, ALU73187.1
N1.HOG0001401	OG0002506	-			ALU73715.1, ALU73196.1
N1.HOG0001402	OG0002507	-			ALU73197.1, ALU73495.1
N1.HOG0001403	OG0002508	-			ALU73219.1, ALU73212.1
N1.HOG0001404	OG0002509	-			ALU73275.1, ALU73339.1
N1.HOG0001405	OG0002510	-			ALU73276.1, ALU73340.1
N1.HOG0001406	OG0002511	-			ALU73279.1, ALU73488.1
N1.HOG0001407	OG0002512	-			ALU73641.1, ALU73286.1
N1.HOG0001408	OG0002513	-			ALU73642.1, ALU73288.1
N1.HOG0001409	OG0002514	-			ALU73293.1, ALU73345.1
N1.HOG0001410	OG0002515	-			ALU73310.1, ALU73326.1
N1.HOG0001411	OG0002516	-			ALU73330.1, ALU73362.1
N1.HOG0001412	OG0002517	-			ALU73357.1, ALU73342.1
N1.HOG0001413	OG0002518	-			ALU73358.1, ALU73343.1
N1.HOG0001414	OG0002519	-			ALU73360.1, ALU73750.1
N1.HOG0001415	OG0002520	-			ALU73501.1, ALU73384.1
N1.HOG0001416	OG0002521	-			ALU73454.1, ALU73400.1
N1.HOG0001417	OG0002522	-			ALU73445.1, ALU73456.1
N1.HOG0001418	OG0002523	-			ALU73468.1, ALU73460.1
N1.HOG0001419	OG0002524	-			ALU73530.1, ALU73509.1
N1.HOG0001420	OG0002525	-			ALU73510.1, ALU73554.1
N1.HOG0001421	OG0002526	-			ALU73597.1, ALU73596.1
N1.HOG0001422	OG0002527	-			ALU73618.1, ALU73654.1
N1.HOG0001423	OG0002528	-			ALU73620.1, ALU73649.1
