Orthogroup	Bacillus_subtilis_aa	Deinococcus_radiodurans_aa
OG0000003	CAX52610.1, CAB13251.1	UDL00643.1
OG0000003	CAB15224.2	UDK99778.1, UDL01313.1, UDL00011.1
OG0000005	CAB14583.1	UDL01758.1
OG0000005	CAB12184.1, CAB13183.1	UDL01691.1, UDK99912.1
OG0000006	CAB12923.1, CAB15608.1, CAB14129.1, CAB14952.1, CAB13094.1, CAB16124.1, CAB13260.1, CAB12896.1	UDL01507.1
OG0000007	CAB12873.2, CAB12581.1, CAB15338.1, CAB15997.2, CAB12191.1, CAB11939.1, CAB12673.1	UDL02249.1
OG0000008	CAB12828.3	UDL01516.1
OG0000013	CAB13403.1	UDL00563.1
OG0000013	CAB12917.1	UDL02088.1
OG0000013	CAB15509.1	UDL00990.1
OG0000013	CAB15835.1	UDK99975.1, UDL01344.1
OG0000015	CAB11929.1	UDL00500.1
OG0000015	CAB14350.2, CAB15579.1, CAB13625.2, CAB14717.1	UDL01775.1, UDL00718.1
OG0000015	CAB15692.1, CAB15580.1	UDK99753.1
OG0000016	CAB15369.1	UDK99957.1, UDL01734.1
OG0000017	CAB12666.1	UDL00494.1, UDL02250.1, UDL00497.1, UDL01415.1, UDK99285.1
OG0000018	CAB12713.1	UDL01227.1
OG0000019	CAB14310.1	UDL00991.1
OG0000024	CAB14687.1, CAB14686.1	UDL01299.1
OG0000024	CAB14896.1, CAB12131.1, CAB12154.1	UDK99745.1
OG0000024	CAB14328.1	UDL01185.1, UDL00169.1
OG0000025	CAB12760.1	UDL00649.1
OG0000025	CAB15299.1, CAB12348.1, CAB15567.1	UDK99758.1
OG0000026	CAB12924.1	UDK99963.1
OG0000027	CAB14997.1, CAB13607.2, CAB14615.1, CAB13078.1	UDL01538.1
OG0000033	CAB13543.1, CAB11933.1, CAB12805.1, CAB12627.1, CAB13067.1	UDL00213.1, UDL00691.1, UDL01697.1, UDL00349.1
OG0000034	CAB12141.2, CAB16091.1, CAB12336.1, CAB13249.1, CAB14863.1, CAB12334.1	UDL01018.1
OG0000035	CAB12954.1, CAB12822.2, CAB13328.1, CAB12212.2, CAB15646.1, CAB15602.1	UDL01178.1, UDL01639.1
OG0000037	CAX52706.1, CAX52589.1	UDL01116.1, UDL01005.1, UDL00816.1, UDL00182.1, UDK99563.1, UDL01619.1, UDL00912.1
OG0000040	CAB11949.1	UDK99380.1
OG0000041	CAB15423.2, CAB12044.2	UDL00966.1
OG0000042	CAB12225.1, CAB16025.1, CAB12110.2, CAB14660.1	UDK99242.1
OG0000042	CAB14191.1	UDL01425.1
OG0000045	CAB12182.2	UDL02179.1
OG0000045	CAB15019.1, CAB13310.1, CAB15317.3	UDK99658.1, UDK99669.1
OG0000046	CAB12304.1	UDL00825.1, UDL00444.1
OG0000046	CAB13156.2	UDL00475.1
OG0000048	CAB12712.1	UDL00738.1, UDL00400.1
OG0000049	CAB12798.1, CAB15119.2, CAB12794.1, CAB14602.1, CAB14406.1	UDL01207.1, UDL02253.1, UDL02252.1
OG0000051	CAB13450.1	UDL01630.1, UDL01523.1, UDL00917.1, UDL00367.1
OG0000052	CAB13726.1	UDL01686.1, UDL02016.1
OG0000053	CAB15415.1, CAB15131.1	UDL00466.1
OG0000053	CAB14632.2	UDL00445.1
OG0000054	CAB14815.1, CAB15453.2	UDL01395.1
OG0000055	CAB15066.1, CAB15069.1	UDK99884.1, UDL00025.1
OG0000064	CAB15508.1, CAB12611.1, CAB16050.1, CAB12404.1, CAB12031.1, CAB15246.1	UDL01981.1
OG0000065	CAB12209.1, CAB14263.1, CAB13314.1, CAB12889.1	UDL00440.1, UDL00533.1, UDL00814.1
OG0000067	CAB14331.2, CAB12492.1, CAB14972.1	UDL00477.1, UDL01262.1, UDL00652.1
OG0000068	CAB13276.2, CAB12667.1	UDL00443.1
OG0000069	CAB12711.3	UDL01228.1
OG0000070	CAB13568.1	UDL01986.1
OG0000071	CAB15824.1, CAB13867.1, CAB15817.1, CAB15572.1, CAB15438.2, CAB15435.1, CAB15433.1, CAB15585.1	UDL01817.1
OG0000072	CAB15848.2, CAB14659.1	UDL02056.1
OG0000073	CAB15601.3, CAB15569.1, CAB15582.1	UDL01571.1, UDL00587.1
OG0000081	CAB12736.1, CAB12256.1, CAB12051.2	UDL00156.1
OG0000082	CAB12417.1, CAB12057.2	UDK99488.1
OG0000082	CAB13655.1	UDK99968.1
OG0000083	CAB12204.1	UDL02203.1
OG0000085	CAB14111.1, CAB12738.1, CAB12319.1	UDL00061.1
OG0000086	CAB12350.1	UDK99316.1
OG0000087	CAB12414.2, CAB12571.2, CAB13316.1	UDK99659.1, UDL00720.1
OG0000088	CAB15912.1	UDL01028.1, UDL01990.1
OG0000088	CAB12547.2	UDK99882.1
OG0000089	CAB14153.1	UDK99800.1
OG0000089	CAB13273.2, CAB12796.1, CAB15129.2	UDL01662.1
OG0000090	CAB12847.2	UDL00789.1, UDK99531.1
OG0000091	CAB12856.1	UDK99286.1
OG0000093	CAB12997.1	UDL01978.1, UDL00102.1
OG0000094	CAB13147.2, CAB15290.2, CAB16073.1, CAB14354.2	UDL00831.1, UDL00131.1
OG0000095	CAB13199.2	UDL01321.1, UDK99650.1
OG0000096	CAB14247.2, CAB13257.1, CAB13685.1	UDK99389.1, UDK99537.1
OG0000097	CAB15318.2, CAB13309.1, CAB15020.1	UDK99657.1
OG0000098	CAB13799.1	UDK99891.1
OG0000099	CAB14591.1, CAB14592.2	UDL02054.1
OG0000100	CAB14416.2	UDL01318.1
OG0000101	CAB15168.1, CAB15094.1, CAB14683.1	UDK99451.1, UDL00055.1
OG0000102	CAB15084.1	UDL01902.1
OG0000103	CAB15375.1, CAB15385.1, CAB15387.1, CAB15377.1	UDL01911.1
OG0000104	CAB15444.1	UDL01616.1, UDK99600.1
OG0000111	CAB11862.1	UDL00184.1
OG0000112	CAB12343.1	UDK99694.1
OG0000112	CAB12015.1, CAB12149.2	UDL01696.1
OG0000114	CAB16014.1, CAB12071.1, CAB12792.1	UDL01284.1
OG0000115	CAB12155.2, CAB12132.1, CAB15986.1	UDL01184.1, UDL02205.1, UDL01601.1, UDK99744.1
OG0000116	CAB12160.2	UDK99829.1
OG0000119	CAB13804.1	UDL01850.1
OG0000119	CAB12340.1	UDL00700.1
OG0000120	CAB12386.1	UDL00294.1
OG0000121	CAB14590.1, CAB12388.2, CAB13097.1, CAB15228.1	UDK99725.1
OG0000122	CAB13828.2	UDK99294.1
OG0000122	CAB14334.1, CAB12637.1, CAB13333.1	UDK99248.1
OG0000123	CAB15751.1	UDL01398.1
OG0000123	CAB12697.2, CAB13305.1, CAB12810.1	UDL02096.1
OG0000124	CAB12740.1	UDL02170.1, UDL02219.1, UDK99785.1
OG0000125	CAB15778.2, CAB14148.1, CAB12851.2, CAB15138.2	UDL01653.1
OG0000126	CAB13434.1, CAB12931.1	UDL01794.1
OG0000127	CAB15565.1, CAB12951.1	UDL00647.1, UDK99274.1, UDL00964.1, UDL01034.1
OG0000128	CAB13157.2, CAB13004.1, CAB12994.2	UDL00658.1
OG0000129	CAB15210.2, CAB15200.1, CAB13086.1	UDL00095.1
OG0000131	CAB15454.1, CAB13166.1, CAB13167.1, CAB15455.1	UDL00149.1, UDL00150.1
OG0000132	CAB13188.1, CAB13629.1	UDL00080.1
OG0000133	CAB15838.1	UDL01504.1
OG0000134	CAB13862.1, CAB13409.2	UDL01265.1
OG0000135	CAB13802.1	UDK99269.1
OG0000136	CAB14795.2	UDL01261.1, UDL00474.1, UDL01350.1, UDK99929.1, UDL00384.1, UDL01900.1
OG0000137	CAB14828.1	UDL00808.1
OG0000138	CAB14933.1	UDL01540.1
OG0000139	CAB15036.1, CAB15213.2	UDK99365.1
OG0000140	CAB15347.1	UDL02243.1, UDK99827.1, UDL01414.1
OG0000141	CAB15642.1, CAB15441.1	UDL01813.1
OG0000142	CAB15892.1	UDL01338.1
OG0000143	CAB15925.1	UDL01847.1
OG0000156	CAB11856.1	UDL00170.1
OG0000156	CAB14392.1, CAB15443.1	UDL01566.1
OG0000157	CAB11958.1	UDK99614.1
OG0000158	CAB14349.2	UDK99723.1
OG0000158	CAB12007.1, CAB12801.1	UDL01120.1
OG0000159	CAB15118.2, CAB15461.1, CAB12078.1, CAB12610.1	UDL00490.1
OG0000160	CAB12122.1, CAB13435.1	UDL01791.1
OG0000160	CAB14774.1	UDK99952.1
OG0000162	CAB14664.1, CAB13073.1	UDL00597.1
OG0000164	CAB12331.1, CAB12787.1, CAB12197.1	UDL00004.1
OG0000165	CAB14787.2	UDL00854.1
OG0000166	CAB12880.1, CAB12784.1, CAB12226.1, CAB12883.1	UDL02108.1
OG0000168	CAB15403.1, CAB12311.1	UDL01897.1
OG0000169	CAB12355.1, CAB12385.1, CAB13846.1, CAB12612.1	UDL01017.1
OG0000170	CAB14728.1, CAB12360.1, CAB13163.1, CAB12361.1, CAB12533.1	UDK99262.1
OG0000172	CAB12371.1	UDK99455.1, UDL02013.1
OG0000173	CAB12516.2, CAB14835.2, CAB15250.1, CAB15421.1, CAB15466.1	UDK99741.1
OG0000175	CAB12591.1	UDK99832.1
OG0000175	CAB16107.1	UDL01731.1, UDL00113.1
OG0000176	CAB12687.1	UDL01547.1
OG0000177	CAB12843.1	UDL00707.1
OG0000178	CAB13003.1, CAB13152.1, CAB12993.1	UDL00659.1
OG0000179	CAB16109.1, CAB16105.1, CAB13041.1	UDL01026.1
OG0000180	CAB13270.2, CAB13369.1	UDL00548.1, UDK99649.1, UDL00642.1, UDL00154.1
OG0000181	CAB13363.2, CAB15842.1	UDL01610.1
OG0000182	CAB13582.1, CAB13584.3, CAB13463.1, CAB13583.2	UDL00997.1
OG0000183	CAB13707.1, CAB14365.2	UDK99323.1
OG0000184	CAB13838.2	UDL00333.1, UDK99634.1
OG0000185	CAB14095.1	UDK99747.1
OG0000186	CAB14123.1, CAB15234.1, CAB15233.1, CAB15820.2	UDL01949.1
OG0000187	CAB14132.1	UDL00017.1
OG0000188	CAB14162.1, CAB15439.1, CAB14421.2	UDL00648.1
OG0000189	CAB15806.2, CAB14212.2	UDL00127.1, UDL00126.1, UDL00796.1
OG0000190	CAB15137.2, CAB14600.1, CAB14332.2	UDL01199.1, UDK99656.1
OG0000191	CAB14389.1	UDL02260.1
OG0000192	CAB14854.2	UDL01648.1, UDL00459.1
OG0000193	CAB14946.1	UDL01482.1, UDK99644.1
OG0000194	CAB15029.1	UDL00631.1, UDL01527.1
OG0000195	CAB15247.1	UDL01334.1
OG0000195	CAB15609.1	UDL00621.1, UDL01834.1
OG0000196	CAB15258.1	UDK99352.1
OG0000197	CAB15307.1	UDL01578.1, UDL02152.1
OG0000198	CAB15376.1, CAB15386.1	UDL01908.1
OG0000199	CAB15619.1	UDK99792.1, UDL02083.1
OG0000200	CAB15917.1	UDK99618.1
OG0000220	CAB13174.1	UDL01622.1
OG0000221	CAB11824.1	UDK99249.1, UDL01518.1
OG0000222	CAB15717.1	UDK99443.1
OG0000222	CAB11882.1	UDK99652.1
OG0000223	CAB13043.1	UDL01512.1
OG0000223	CAB11936.2	UDL01667.1
OG0000225	CAB13200.1, CAB13702.1	UDL01926.1
OG0000225	CAB12022.1	UDL01603.1
OG0000227	CAB12604.1, CAB14741.2, CAB13695.1, CAB12036.2	UDL02257.1
OG0000229	CAB12084.1	UDL01253.1, UDL01249.1
OG0000232	CAB12130.1	UDL01428.1
OG0000235	CAB12183.1, CAB14871.2, CAB16078.1	UDL01270.1
OG0000236	CAB12199.1	UDL01783.1
OG0000237	CAB12217.2	UDL00290.1
OG0000238	CAB12240.1	UDL00166.1, UDK99220.1, UDK99523.1
OG0000239	CAB12451.1, CAB12261.1, CAB12354.2	UDL00360.1
OG0000240	CAB12265.2, CAB15947.2	UDL00710.1
OG0000241	CAB12268.1, CAB14418.2	UDL01039.1
OG0000242	CAB12274.1, CAB14407.2, CAB13837.1, CAB13177.1	UDL02161.1
OG0000243	CAB12321.1, CAB15790.1	UDL00415.1
OG0000244	CAB12332.1	UDL00363.1
OG0000245	CAB12344.1, CAB12927.2	UDL00171.1, UDL00678.1
OG0000246	CAB13090.1, CAB13572.1, CAB12434.1	UDL01714.1
OG0000247	CAB12454.2	UDL00007.1, UDL01040.1
OG0000249	CAB12578.1, CAB15335.1, CAB15283.1	UDL02245.1
OG0000250	CAB12580.1	UDL02247.1
OG0000251	CAB13294.2, CAB12623.1	UDL01042.1
OG0000252	CAB12629.1	UDL01418.1, UDL02105.1
OG0000254	CAB12701.1, CAB14440.2	UDL01361.1
OG0000255	CAB13019.1, CAB12749.2, CAB13420.3	UDL00858.1
OG0000256	CAB13368.2, CAB12751.1, CAB14948.1	UDL00136.1
OG0000257	CAB13865.1, CAB12754.2	UDL01898.1
OG0000258	CAB12758.2	UDL00161.1
OG0000259	CAB12793.1	UDL01576.1
OG0000260	CAB15961.1, CAB12808.2	UDL01165.1, UDL01382.1
OG0000261	CAB12857.1, CAB12974.1	UDL00999.1, UDL00998.1
OG0000262	CAB12874.1	UDK99475.1, UDL00504.1, UDL01963.1
OG0000263	CAB13044.1, CAB13045.1, CAB14667.1	UDL00071.1
OG0000264	CAB13065.2, CAB13361.1	UDL00014.1, UDL01608.1
OG0000265	CAB13171.1, CAB13173.1	UDL00923.1
OG0000266	CAB13194.1, CAB13278.2	UDL01365.1
OG0000268	CAB13288.1, CAB13290.2, CAB15511.1	UDL01957.1
OG0000269	CAB13422.2	UDL01302.1
OG0000270	CAB13464.1	UDL00995.1
OG0000271	CAB14283.2, CAB13487.1	UDL02287.1
OG0000273	CAB13559.2, CAB15769.1, CAB13544.2	UDL01521.1
OG0000274	CAB13549.2, CAB14807.1, SOX90588.1	UDL00479.1
OG0000279	CAB16130.1, CAB15756.2, CAB13750.2	UDK99584.1
OG0000280	CAB13764.1	UDL00705.1, UDK99225.1, UDK99241.1
OG0000281	CAB15412.2, CAB13811.1	UDL01789.1
OG0000282	CAB13812.1, CAB15411.1	UDL01790.1
OG0000283	CAB13823.1	UDL02095.1
OG0000284	CAB14117.1	UDL00232.1
OG0000285	CAB16010.1, CAB14128.1	UDL01551.1
OG0000286	CAB14178.2	UDL01472.1
OG0000287	CAB14268.1	UDK99436.1, UDL01772.1, UDL00953.1
OG0000288	CAB16141.1, CAB14320.1	UDL01754.1
OG0000289	CAB15918.1, CAB14322.2	UDL01500.1
OG0000290	CAB14346.2	UDL00379.1
OG0000291	CAB14362.1	UDL00026.1
OG0000292	CAB14652.1	UDL01045.1
OG0000293	CAB14674.1	UDL00297.1, UDL01394.1, UDL01739.1
OG0000295	CAB14967.1	UDL01729.1, UDK99372.1
OG0000296	CAB14971.2	UDK99461.1, UDK99591.1
OG0000297	CAB15056.1	UDL02206.1, UDK99259.1
OG0000298	CAB15121.3	UDL01355.1, UDK99993.1
OG0000299	CAB15133.1	UDL00556.1
OG0000300	CAB15155.2	UDL01426.1, UDL01670.1
OG0000301	CAB15237.1	UDL02003.1, UDL02001.1
OG0000302	CAB15245.1, CAB15907.1	UDL01183.1
OG0000303	CAB15248.1	UDL00542.1
OG0000305	CAB15430.1	UDL01814.1
OG0000307	CAB15576.1	UDL00352.1, UDK99629.1
OG0000308	CAB15673.1	UDL00314.1
OG0000309	CAB15759.1	UDL00730.1, UDL01381.1
OG0000310	CAB15924.1	UDL01846.1
OG0000337	CAB11782.1, CAB13692.2	UDL01674.1
OG0000341	CAB11845.1	UDK99763.1, UDL00162.1
OG0000342	CAB14184.1, CAB11850.1	UDL00860.1
OG0000343	CAB11851.1	UDL00839.1
OG0000344	CAB11853.1	UDK99368.1
OG0000345	CAB12632.1, CAB11857.1	UDL01453.1
OG0000346	CAB11914.1	UDL00431.1
OG0000349	CAB11954.1, CAB11983.1	UDK99498.1
OG0000350	CAB12630.1, CAB11956.1	UDL01573.1
OG0000351	CAB11985.2, CAB15764.1	UDL02296.1
OG0000353	CAB12004.1	UDL01484.1, UDL00800.1
OG0000354	CAB12010.1	UDK99853.1, UDK99854.1
OG0000355	CAB15881.2, CAB12033.1	UDL00712.1
OG0000357	CAB12035.1, CAB12941.1	UDL00110.1
OG0000358	CAB12058.2, CAB12418.1	UDK99969.1
OG0000359	CAB12063.1	UDL01372.1
OG0000360	CAB12066.1, CAB15547.1	UDK99756.1
OG0000361	CAB12069.1, CAB12660.2	UDL00076.1
OG0000362	CAB15836.1, CAB12082.2, CAB14893.1	UDK99789.1
OG0000363	CAB12106.3	UDK99791.1
OG0000364	CAB12114.1, CAB15274.1	UDK99977.1
OG0000366	CAB12198.1	UDL01809.1
OG0000367	CAB12214.3, CAB12243.1	UDL00787.1
OG0000368	CAB12216.2	UDL02045.1
OG0000369	CAB12474.2, CAB12232.1	UDK99400.1
OG0000370	CAB12233.1, CAB13485.1	UDL00488.1
OG0000372	CAB12271.1, CAB13648.1	UDL00221.1
OG0000373	CAB12316.1, CAB12326.1	UDL01745.1
OG0000375	CAB12652.1, CAB12357.1	UDL00907.1
OG0000377	CAB12393.2, CAB12780.2	UDL02176.1
OG0000378	CAB13059.1, CAB15596.1, CAB12406.1	UDL01828.1
OG0000380	CAB12452.2	UDL00068.1, UDK99798.1
OG0000381	CAB12456.1, CAB14977.1	UDL01955.1
OG0000382	CAB12464.1	UDL01209.1
OG0000383	CAB12473.1, CAB15798.1	UDL00537.1
OG0000384	CAB12493.1, CAB12631.1	UDK99437.1
OG0000385	CAB12496.1	UDL01895.1, UDL01289.1, UDL01896.1
OG0000386	CAB12517.1	UDL00543.1
OG0000388	CAB12542.1	UDL02199.1
OG0000393	CAB12594.1	UDL00190.1, UDL00946.1
OG0000394	CAB14644.2, CAB12614.1	UDL00329.1
OG0000396	CAB14772.1, CAB12699.3	UDK99735.1
OG0000397	CAB15889.1, CAB12710.2	UDL01044.1
OG0000398	CAB12747.1	UDK99687.1, UDL01798.1
OG0000399	CAB12752.1	UDL01604.1, UDL00708.1
OG0000400	CAB12757.2	UDL00986.1
OG0000401	CAB12762.1	UDK99802.1
OG0000402	CAB12800.1	UDK99385.1
OG0000404	CAB12823.2, CAB14492.2	UDK99335.1
OG0000405	CAB12826.1, CAB14723.1	UDL00282.1
OG0000406	CAB12850.1	UDK99630.1, UDK99469.1
OG0000407	CAB12890.1	UDL02077.1
OG0000408	CAB12915.1	UDL00696.1
OG0000410	CAB14089.1, CAB13720.2, CAB12921.1	UDK99958.1
OG0000411	CAB12933.2, CAB13431.1	UDL01795.1
OG0000412	CAB16071.1, CAB12963.2	UDK99960.1
OG0000413	CAB12964.2, CAB13425.1	UDK99856.1
OG0000414	CAB13426.1, CAB12965.3	UDK99841.1
OG0000415	CAB12996.2	UDL00661.1, UDK99553.1
OG0000416	CAB13150.1, CAB13001.1	UDL00103.1
OG0000417	CAB13017.1, CAB15874.1	UDL00717.1
OG0000418	CAB15855.1, CAB13023.1	UDL01947.1
OG0000419	CAB13300.1, CAB13027.1	UDL01291.1
OG0000422	CAB14543.1, CAB13126.2	UDL00045.1
OG0000423	CAB13141.2	UDL00075.1
OG0000425	CAB13160.2	UDL01640.1, UDL02231.1
OG0000427	CAB15796.1, CAB13231.1	UDL01290.1
OG0000429	CAB13264.2	UDL02202.1
OG0000430	CAB13269.1	UDK99681.1
OG0000431	CAB13295.1	UDL01268.1
OG0000432	CAB13301.1	UDK99287.1
OG0000433	CAB13326.1, CAB13551.2	UDL01848.1
OG0000434	CAB13331.1	UDL00124.1
OG0000435	CAB14337.2, CAB13334.1	UDL01389.1
OG0000436	CAB13381.1	UDL01385.1
OG0000437	CAB15027.1, CAB13387.1	UDL00931.1
OG0000438	CAB13390.2, CAB13389.2	UDL01730.1
OG0000439	CAB13391.1	UDK99493.1
OG0000440	CAB13392.2	UDL00901.1
OG0000442	CAB13460.1	UDL00975.1
OG0000443	CAB15698.1, CAB13497.2	UDK99872.1
OG0000444	CAB13526.1	UDL01458.1
OG0000445	CAB13530.1	UDL00389.1
OG0000446	CAB13536.1	UDL00868.1
OG0000447	CAB13553.3, CAB14959.2	UDK99587.1
OG0000448	CAB13573.1, CAB15000.1	UDL01366.1
OG0000449	CAB13899.2, CAB13621.1	UDL02232.1
OG0000450	CAB13898.2, CAB13622.1	UDL02233.1
OG0000451	CAB13896.2, CAB13623.1	UDL02234.1
OG0000452	CAB13636.1	UDL00628.1
OG0000454	CAB13669.1	UDL02091.1
OG0000455	CAB13727.2	UDK99382.1
OG0000456	CAB13728.2	UDK99383.1
OG0000457	CAB13741.2, CAB14312.1	UDL00619.1
OG0000458	CAB15405.1, CAB13769.1	UDK99339.1
OG0000459	CAB13772.1	UDL01033.1, UDK99619.1
OG0000460	CAB14218.1, CAB13814.1	UDL00409.1
OG0000461	CAB13832.1	UDL00640.1, UDL01972.1
OG0000463	CAB14023.1, CAB14195.1	UDL01844.1
OG0000465	CAB14171.1	UDK99621.1
OG0000466	CAB14199.1	UDL01611.1
OG0000467	CAB14245.2, CAB14776.2	UDK99540.1
OG0000468	CAB14248.2, CAB14982.2	UDL00053.1
OG0000469	CAB14270.1	UDL00833.1
OG0000471	CAB14311.1	UDL01113.1
OG0000472	CAB14317.2	UDL00684.1
OG0000473	CAB14340.2, CAB15793.1	UDK99284.1
OG0000474	CAB14348.1	UDL00207.1
OG0000476	CAB14364.2	UDL01106.1
OG0000477	CAB14377.1	UDL01652.1, UDL00370.1
OG0000478	CAB14383.2	UDL01539.1
OG0000479	CAB14432.3	UDL00402.1
OG0000480	CAB14450.2	UDL00066.1
OG0000481	CAB14488.2	UDL00531.1
OG0000482	CAB14503.1	UDL01612.1, UDK99617.1
OG0000483	CAB14508.2	UDL00307.1
OG0000484	CAB14606.1	UDL00237.1
OG0000485	CAB14612.1	UDK99811.1
OG0000486	CAB14613.1, CAB15628.1	UDL00954.1
OG0000488	CAB14684.1	UDL00732.1
OG0000489	CAB14689.1	UDL00963.1
OG0000490	CAB14937.1, CAB14693.2	UDK99415.1
OG0000491	CAB14720.1	UDK99748.1, UDL00035.1
OG0000492	CAB14768.1	UDK99532.1, UDL01567.1
OG0000493	CAB14780.1	UDL01022.1
OG0000493	CAB14781.1	UDK99541.1
OG0000494	CAB14785.1	UDL00853.1, UDL00701.1
OG0000495	CAB14804.2	UDL00097.1
OG0000496	CAB14816.1	UDL00771.1
OG0000497	CAB14823.1, CAB14960.1	UDL01376.1
OG0000498	CAB16039.3, CAB15859.2, CAB14850.1	UDL00553.1
OG0000499	CAB15783.2, CAB14855.1	UDL01118.1
OG0000500	CAB14869.1	UDL00785.1
OG0000501	CAB14881.2	UDL00342.1
OG0000502	CAB15872.1, CAB14945.1	UDL01625.1
OG0000503	CAB15722.1, CAB14966.1	UDL02038.1, UDL01572.1
OG0000504	CAB15030.1	UDL01125.1
OG0000505	CAB15055.1	UDL01770.1
OG0000506	CAB15074.1, CAB15075.1	UDL00768.1
OG0000507	CAB15611.1, CAB15144.1	UDL00101.1
OG0000508	CAB15146.1	UDK99450.1
OG0000508	CAB15145.1	UDK99449.1
OG0000509	CAB15192.1	UDK99887.1, UDL01993.1
OG0000510	CAB15235.1	UDL00293.1, UDL00295.1
OG0000511	CAB15238.1	UDL01951.1
OG0000512	CAB15253.1	UDL00753.1
OG0000513	CAB15262.1	UDL00472.1, UDL00473.1
OG0000514	CAB15272.1	UDL01490.1, UDL00534.1
OG0000515	CAB15308.1	UDL01577.1, UDL02143.1
OG0000516	CAB15343.1	UDL01942.1
OG0000517	CAB15350.1	UDL01712.1
OG0000518	CAB15353.1	UDK99921.1, UDL01063.1
OG0000519	CAB15357.1	UDL01929.1
OG0000520	CAB15360.1	UDL01234.1
OG0000521	CAB15388.1, CAB15378.1	UDL01910.1
OG0000522	CAB15808.3, CAB15440.1	UDL01824.1
OG0000523	CAB15469.1	UDK99655.1
OG0000524	CAB15506.1	UDL01845.1
OG0000525	CAB16127.1, CAB15648.2	UDL01632.1
OG0000526	CAB15668.1	UDK99864.1
OG0000527	CAB15670.1	UDL00469.1
OG0000529	CAB15677.1	UDL00714.1
OG0000530	CAB15683.1	UDL02067.1
OG0000531	CAB15693.1, CAB15727.2	UDL00259.1
OG0000532	CAB15706.1	UDL00655.1
OG0000533	CAB15707.1	UDK99254.1
OG0000534	CAB15712.1	UDL00927.1
OG0000535	CAB16003.1, CAB15729.1	UDL00679.1
OG0000536	CAB15908.1	UDL01985.1
OG0000537	CAB16069.1, CAB15974.1	UDK99826.1
OG0000539	CAB16119.1, CAB16116.1	UDL00008.1
OG0000540	CAB16125.1	UDK99545.1
OG0000541	CAB16126.2	UDK99310.1
OG0000542	CAB16134.1	UDK99229.1
OG0000543	CAE01465.2	UDL00041.1, UDK99917.1
OG0000633	CAB11777.1	UDK99218.1
OG0000634	CAB11778.1	UDK99217.1
OG0000635	CAB11779.1	UDL01700.1
OG0000636	CAB11780.1	UDL00224.1
OG0000637	CAB11783.1	UDL00973.1
OG0000638	CAB11785.1	UDL00941.1
OG0000639	CAB11787.1	UDL00481.1
OG0000640	CAB11788.1	UDL00480.1
OG0000641	CAB11789.1	UDL00399.1
OG0000644	CAB11795.2	UDL01430.1
OG0000645	CAB11796.1	UDK99399.1
OG0000646	CAB11797.1	UDK99398.1
OG0000648	CAB11804.2	UDK99319.1
OG0000649	CAB11812.1	UDK99814.1
OG0000651	CAB11814.1	UDL00539.1
OG0000652	CAB11815.1	UDK99347.1
OG0000653	CAB11818.1	UDL01708.1
OG0000654	CAB11822.1	UDL01596.1
OG0000655	CAB11826.1	UDK99971.1
OG0000656	CAB11827.1	UDL00560.1
OG0000657	CAB11829.1	UDL01391.1
OG0000658	CAB11831.1	UDL00626.1
OG0000659	CAB11834.1	UDL00315.1
OG0000660	CAB11844.1	UDL00491.1
OG0000661	CAB11846.2	UDK99645.1
OG0000662	CAB12835.1, CAB11848.1	UDL00198.1
OG0000663	CAB11849.1	UDK99955.1
OG0000665	CAB11854.1	UDK99369.1
OG0000666	CAB11855.1	UDK99370.1
OG0000667	CAB11858.1	UDK99561.1
OG0000668	CAB11863.1	UDL00241.1
OG0000669	CAB11866.1	UDL01595.1
OG0000670	CAB11867.1	UDK99430.1
OG0000671	CAB11868.1	UDK99667.1
OG0000672	CAB11870.1	UDL00750.1
OG0000673	CAB11872.1	UDK99916.1
OG0000674	CAB11877.1	UDL01089.1
OG0000675	CAB11878.2	UDL01088.1
OG0000676	CAB11879.2	UDL01087.1
OG0000677	CAB11880.2	UDL01086.1
OG0000678	CAB11881.1	UDL01085.1
OG0000679	CAB11883.2	UDL00065.1
OG0000680	CAB11884.2	UDL00064.1
OG0000681	CAB11886.2	UDK99500.1
OG0000682	CAB11887.2	UDK99501.1
OG0000683	CAB11888.2	UDK99502.1
OG0000684	CAB11889.1	UDK99504.1
OG0000685	CAB11891.1	UDK99505.1
OG0000686	CAB11892.1	UDK99506.1
OG0000687	CAB11893.1	UDK99507.1
OG0000688	CAB11894.2	UDK99508.1
OG0000689	CAB11895.2	UDK99509.1
OG0000690	CAB11896.1	UDK99510.1
OG0000691	CAB11897.1	UDK99511.1
OG0000692	CAB11898.2	UDK99512.1
OG0000693	CAB11899.1	UDL01641.1
OG0000694	CAB11900.1	UDK99513.1
OG0000695	CAB11901.1	UDK99514.1
OG0000696	CAB11902.1	UDK99515.1
OG0000697	CAB11903.1	UDK99516.1
OG0000698	CAB11904.1	UDK99517.1
OG0000699	CAB11906.2	UDL01145.1
OG0000700	CAB11907.1	UDL01146.1
OG0000701	CAB11908.2	UDL01147.1
OG0000702	CAB11909.1	UDL01148.1
OG0000703	CAB11910.1	UDL01149.1
OG0000704	CAB11911.1	UDL01150.1
OG0000705	CAB11912.1	UDL01151.1
OG0000706	CAB11913.1	UDL01152.1
OG0000707	CAB11915.1	UDL01752.1
OG0000708	CAB11916.1	UDL01158.1
OG0000709	CAB11917.2	UDL01159.1
OG0000710	CAB11918.1	UDL01160.1
OG0000711	CAB11919.1	UDL01162.1
OG0000712	CAB11920.1	UDL01163.1
OG0000713	CAB11921.2	UDL01480.1
OG0000714	CAB11923.2	UDL01479.1
OG0000715	CAB11924.2	UDL01312.1
OG0000716	CAB11925.2	UDK99374.1
OG0000717	CAB11926.1	UDK99375.1
OG0000718	CAB11930.1	UDL00143.1
OG0000720	CAB11942.1	UDL00450.1
OG0000721	CAB11943.2	UDL01984.1
OG0000722	CAB11946.1	UDL01982.1
OG0000723	CAB11953.1	UDL01109.1
OG0000728	CAB12027.1	UDL00235.1
OG0000731	CAB12064.1, CAB12664.1	UDL01115.1
OG0000734	CAB12089.1	UDL02033.1
OG0000736	CAB12099.2	UDL01383.1
OG0000737	CAB12107.1	UDL01971.1
OG0000738	CAB12109.2	UDK99944.1
OG0000739	CAB12115.2, CAB15805.1	UDK99976.1
OG0000742	CAB12152.2, CAB16110.1	UDL00939.1
OG0000746	CAB12194.1, CAB15837.1	UDL00510.1
OG0000747	CAB12195.1	UDK99674.1
OG0000748	CAB12203.2	UDL02050.1
OG0000750	CAB12213.3	UDL02044.1
OG0000751	CAB12220.1	UDL00721.1
OG0000753	CAB12254.1	UDL01529.1
OG0000754	CAB12263.1	UDK99551.1
OG0000755	CAB12264.1	UDK99936.1
OG0000766	CAB12410.1	UDL01369.1
OG0000767	CAB12411.1	UDK99924.1
OG0000768	CAB12412.1	UDL01445.1
OG0000769	CAB12413.1	UDK99570.1
OG0000770	CAB12415.1	UDL01565.1
OG0000771	CAB12416.1	UDL00085.1
OG0000772	CAB12421.2	UDK99786.1
OG0000773	CAB12422.1	UDK99787.1
OG0000774	CAB12436.1	UDK99899.1
OG0000775	CAB15302.1, CAB12437.1	UDL00574.1
OG0000777	CAB12455.2	UDL00938.1
OG0000778	CAB12462.1	UDK99239.1
OG0000779	CAB12463.2	UDK99240.1
OG0000780	CAB12465.1	UDK99426.1
OG0000781	CAB12466.1	UDK99424.1
OG0000782	CAB12467.1	UDK99423.1
OG0000783	CAB12468.2	UDK99422.1
OG0000784	CAB12469.2	UDK99420.1
OG0000785	CAB12470.2	UDL00505.1
OG0000786	CAB12471.2	UDL01070.1
OG0000787	CAB12472.2	UDL00027.1
OG0000788	CAB12476.1, CAB13325.2	UDL02032.1
OG0000789	CAB12481.1	UDL00844.1
OG0000790	CAB12482.1	UDL01107.1
OG0000791	CAB12485.1	UDK99979.1
OG0000792	CAB12487.1	UDL00398.1
OG0000793	CAB12488.1	UDL00922.1
OG0000794	CAB12489.2	UDL01553.1
OG0000801	CAB12546.1	UDK99881.1
OG0000802	CAB12551.1	UDL01720.1
OG0000805	CAB12558.1	UDL01328.1
OG0000806	CAB12559.1	UDL01329.1
OG0000808	CAB12592.2	UDL01586.1
OG0000809	CAB12593.1	UDL00077.1
OG0000813	CAB12676.1	UDL00448.1
OG0000814	CAB12681.1	UDL00430.1
OG0000815	CAB12691.1	UDL01307.1
OG0000816	CAB12700.2	UDL00010.1
OG0000817	CAB12707.2	UDL01948.1
OG0000819	CAB12716.1	UDL01144.1
OG0000820	CAB12721.2	UDK99431.1
OG0000821	CAB13267.2, CAB12753.2	UDL01446.1
OG0000822	CAB12756.1	UDL00987.1
OG0000824	CAB12804.1	UDK99232.1
OG0000825	CAB12825.2	UDL00283.1
OG0000826	CAB12852.1	UDL00269.1
OG0000827	CAB12853.1	UDL00267.1
OG0000828	CAB12854.1	UDL00266.1
OG0000829	CAB12872.1	UDL00588.1
OG0000830	CAB12877.1	UDL01481.1
OG0000833	CAB12898.1, CAB14305.2	UDL02174.1
OG0000834	CAB12904.3	UDL00980.1
OG0000835	CAB12905.2	UDL00981.1
OG0000836	CAB12906.1	UDL01493.1, UDL01698.1
OG0000838	CAB12920.1	UDL00021.1
OG0000839	CAB12932.2, CAB13433.1	UDL01796.1
OG0000840	CAB12956.1	UDL01195.1
OG0000842	CAB12960.2	UDL00108.1
OG0000843	CAB12961.2	UDL00782.1
OG0000844	CAB12962.1	UDL01455.1
OG0000845	CAB12966.1	UDK99291.1
OG0000846	CAB12975.1	UDL00993.1
OG0000847	CAB12999.1	UDK99738.1
OG0000850	CAB13013.1	UDL00147.1
OG0000852	CAB13020.1	UDL01273.1
OG0000853	CAB13026.1	UDL01945.1
OG0000854	CAB13028.1	UDL01944.1
OG0000855	CAB13029.2	UDL01016.1
OG0000862	CAB13149.2	UDL00909.1
OG0000863	CAB13154.2, CAB13809.1	UDL01742.1
OG0000864	CAB13155.1	UDL00935.1
OG0000865	CAB13161.1	UDL02010.1
OG0000866	CAB13746.2, CAB13165.1	UDL01456.1
OG0000867	CAB13168.2	UDK99764.1
OG0000868	CAB13169.2	UDL00893.1
OG0000869	CAB13170.2	UDL00892.1
OG0000871	CAB13182.1	UDK99911.1
OG0000872	CAB13192.2, CAB14110.1	UDL00212.1
OG0000874	CAB13223.1, CAB15088.1	UDL00748.1
OG0000875	CAB13303.1	UDL01598.1
OG0000876	CAB13312.1	UDL02201.1
OG0000877	CAB13313.1	UDL02200.1
OG0000879	CAB15087.1, CAB13324.1	UDL00746.1
OG0000880	CAB13332.1	UDL00125.1
OG0000881	CAB13340.1	UDL00780.1
OG0000882	CAB13350.1	UDL00328.1
OG0000885	CAB13374.2	UDK99821.1
OG0000886	CAB13375.1	UDK99820.1
OG0000888	CAB13386.1	UDL00930.1
OG0000889	CAB13393.1	UDL01503.1
OG0000890	CAB13395.2	UDK99804.1
OG0000891	CAB13396.1	UDK99806.1
OG0000893	CAB13402.2	UDK99809.1
OG0000894	CAB13411.1	UDL01015.1
OG0000895	CAB13412.1	UDL00482.1
OG0000896	CAB13417.2	UDL00451.1
OG0000898	CAB13419.1	UDL01407.1
OG0000899	CAB13421.1	UDL00246.1
OG0000900	CAB13423.2	UDL00245.1
OG0000901	CAB13424.2	UDL00242.1
OG0000902	CAB13428.1	UDK99683.1
OG0000903	CAB13430.1	UDK99631.1
OG0000905	CAB13441.2	UDL01311.1
OG0000906	CAB13443.1	UDK99760.1
OG0000907	CAB13444.1	UDL01597.1
OG0000908	CAB13445.1	UDL01447.1
OG0000909	CAB13446.1	UDL01448.1
OG0000910	CAB13447.1	UDL01198.1
OG0000911	CAB13448.1	UDL00082.1
OG0000912	CAB13449.1	UDL01519.1
OG0000913	CAB13452.1	UDL00512.1
OG0000914	CAB13457.1	UDK99578.1
OG0000915	CAB13459.1	UDK99566.1
OG0000916	CAB13465.1	UDL00994.1
OG0000917	CAB13466.1	UDL01303.1
OG0000918	CAB13467.2	UDL00572.1
OG0000919	CAB13468.1	UDL01283.1
OG0000920	CAB13471.1	UDL00902.1
OG0000921	CAB13472.1	UDL00414.1
OG0000922	CAB13473.1	UDL01054.1
OG0000923	CAB13475.1	UDL01055.1
OG0000924	CAB13476.1	UDL01056.1
OG0000925	CAB13477.2	UDK99923.1
OG0000926	CAB13479.1	UDL01001.1
OG0000927	CAB13482.1	UDL00371.1
OG0000928	CAB13483.1	UDL00372.1
OG0000929	CAB13484.1	UDK99326.1
OG0000931	CAB13522.1	UDL00611.1
OG0000932	CAB13523.1	UDL00610.1
OG0000933	CAB13524.2	UDL00609.1
OG0000934	CAB13525.1	UDL00608.1
OG0000935	CAB13527.1	UDL00607.1
OG0000936	CAB13528.2	UDL00606.1
OG0000937	CAB13529.1	UDL00605.1
OG0000938	CAB13532.1	UDL00865.1
OG0000939	CAB13533.1	UDL00866.1
OG0000940	CAB13538.1	UDL00059.1
OG0000941	CAB13539.1	UDL00442.1
OG0000942	CAB13540.1	UDL00153.1
OG0000943	CAB13541.1	UDK99533.1
OG0000944	CAB13542.1	UDL01101.1
OG0000945	CAB13548.1	UDL01053.1
OG0000947	CAB13566.2	UDL01357.1
OG0000948	CAB13567.2	UDL01359.1
OG0000949	CAB13574.1	UDL00284.1
OG0000950	CAB13580.1	UDL00148.1
OG0000951	CAB13617.2	UDL00769.1
OG0000952	CAB13627.2	UDK99343.1
OG0000953	CAB13630.1	UDK99635.1
OG0000956	CAB13673.1	UDL01279.1
OG0000957	CAB13677.1	UDL00420.1
OG0000958	CAB13684.1	UDL00798.1
OG0000959	CAB13690.1	UDL01065.1, UDK99956.1
OG0000961	CAB13705.1	UDL00285.1
OG0000963	CAB13711.1	UDL01977.1, UDL01763.1
OG0000964	CAB13718.1	UDK99376.1
OG0000965	CAB15627.1, CAB13724.1	UDL00620.1
OG0000967	CAB13754.2	UDL01991.1
OG0000972	CAB13775.1, CAB15536.1	UDL02278.1
OG0000974	CAB13794.2	UDL02036.1
OG0000977	CAB13829.3	UDK99483.1
OG0000979	CAB13836.1	UDK99315.1
OG0000982	CAB13850.1, CAB15541.1	UDL00644.1
OG0000983	CAB13851.1	UDK99686.1
OG0000984	CAB14086.1	UDL00493.1
OG0000985	CAB14087.1	UDL00915.1
OG0000986	CAB14097.1	UDL00943.1
OG0000987	CAB14099.1	UDL01623.1
OG0000988	CAB14100.1	UDL01621.1
OG0000989	CAB14105.2	UDL00268.1
OG0000990	CAB14139.1	UDK99276.1
OG0000991	CAB14150.1	UDK99485.1
OG0000992	CAB14157.1	UDK99889.1
OG0000993	CAB14158.1	UDL01689.1
OG0000994	CAB14159.1	UDL01606.1
OG0000995	CAB14160.1	UDL01360.1
OG0000996	CAB14161.1	UDL00323.1
OG0000997	CAB14176.1	UDL00231.1
OG0000998	CAB14177.1	UDL00258.1
OG0000999	CAB14179.1	UDL00088.1
OG0001000	CAB14180.2	UDL00087.1
OG0001001	CAB14181.3	UDK99328.1
OG0001002	CAB14183.2	UDL00840.1
OG0001003	CAB14186.1	UDK99945.1
OG0001004	CAB14187.3	UDK99943.1
OG0001005	CAB14189.1	UDL01506.1
OG0001006	CAB14190.1	UDL01679.1
OG0001007	CAB14194.1	UDK99252.1
OG0001008	CAB14200.1	UDL01330.1
OG0001009	CAB14203.2	UDL00222.1
OG0001010	CAB14204.1	UDL01031.1
OG0001011	CAB14205.1	UDL01542.1
OG0001012	CAB14239.2	UDL00411.1
OG0001013	CAB14253.1	UDL00926.1
OG0001014	CAB14257.1	UDK99357.1
OG0001015	CAB14258.1	UDK99356.1
OG0001016	CAB14259.1	UDK99355.1
OG0001017	CAB14260.1	UDK99354.1
OG0001018	CAB14284.2	UDL00024.1
OG0001019	CAB14293.1	UDL00152.1
OG0001020	CAB15804.1, CAB14313.2	UDK99790.1
OG0001021	CAB14314.1	UDL01221.1
OG0001022	CAB14323.2	UDL00435.1
OG0001023	CAB14324.2	UDL01066.1
OG0001024	CAB14339.1	UDK99358.1
OG0001026	CAB14347.2	UDL00203.1
OG0001027	CAB14355.2	UDL00578.1
OG0001028	CAB14356.1	UDK99910.1
OG0001029	CAB14358.1	UDL00576.1
OG0001030	CAB14363.2	UDL01105.1
OG0001031	CAB14376.2	UDK99325.1
OG0001032	CAB14378.1	UDK99946.1
OG0001033	CAB14386.1	UDL00877.1
OG0001035	CAB14410.1	UDL01555.1
OG0001036	CAB14420.1	UDL00881.1
OG0001037	CAB14426.1	UDL01933.1
OG0001038	CAB14427.2	UDL01932.1
OG0001039	CAB14428.2	UDL01931.1
OG0001040	CAB14429.1	UDL01930.1
OG0001041	CAB14437.1	UDK99574.1
OG0001042	CAB14446.2	UDL01194.1
OG0001043	CAB14447.1	UDK99318.1
OG0001044	CAB14451.2	UDK99781.1
OG0001045	CAB14457.2	UDK99982.1
OG0001046	CAB14458.1	UDK99824.1
OG0001047	CAB14459.1	UDL01208.1
OG0001048	CAB14461.2	UDL01128.1
OG0001049	CAB14476.2	UDL01035.1
OG0001050	CAB14486.1	UDL00617.1
OG0001051	CAB14487.2	UDL00749.1, UDL00618.1
OG0001052	CAB14489.1	UDK99334.1
OG0001053	CAB14490.1	UDK99333.1
OG0001054	CAB14493.1	UDL00279.1
OG0001055	CAB14497.2	UDL00429.1
OG0001056	CAB14499.1	UDL00920.1
OG0001057	CAB14501.1	UDL00921.1
OG0001058	CAB14504.1	UDL01570.1
OG0001059	CAB14514.1	UDL00683.1
OG0001060	CAB14519.1	UDL02115.1
OG0001061	CAB14585.1, CAB16034.2	UDL01276.1
OG0001063	CAB14626.2	UDL01339.1
OG0001065	CAB14638.2	UDL01785.1
OG0001067	CAB14669.1	UDL01715.1, UDL00555.1
OG0001068	CAB14676.1, CAB14677.1	UDL01753.1
OG0001070	CAB14679.1	UDL01550.1
OG0001071	CAB14682.1	UDL01322.1
OG0001072	CAB14691.3	UDL00834.1
OG0001073	CAB14694.2	UDL01130.1
OG0001074	CAB14695.1	UDL00958.1
OG0001075	CAB14714.1	UDL00461.1
OG0001076	CAB14715.1	UDL00463.1
OG0001077	CAB14719.2	UDL00904.1
OG0001078	CAB14724.2	UDL00889.1
OG0001079	CAB14731.1	UDL01778.1
OG0001080	CAB14733.2	UDK99776.1
OG0001081	CAB14734.1	UDL00397.1
OG0001082	CAB14742.1	UDL01546.1
OG0001083	CAB14750.1	UDL00281.1
OG0001084	CAB14752.1	UDK99295.1
OG0001085	CAB14754.1	UDK99296.1
OG0001086	CAB14756.1	UDK99297.1
OG0001087	CAB14765.1	UDL00336.1
OG0001088	CAB14769.2	UDK99349.1
OG0001089	CAB14773.1	UDL01190.1
OG0001090	CAB14775.1	UDL01370.1
OG0001091	CAB14777.1	UDL01773.1
OG0001092	CAB14782.2	UDL01021.1
OG0001093	CAB14783.1	UDL01000.1
OG0001094	CAB14786.1	UDL00847.1
OG0001095	CAB14788.1	UDL00583.1, UDL00362.1
OG0001096	CAB14789.1	UDL00616.1
OG0001097	CAB14791.1	UDL00614.1
OG0001098	CAB14796.1	UDK99379.1
OG0001099	CAB14797.1	UDL00676.1
OG0001100	CAB14802.1	UDL01320.1
OG0001101	CAB14803.1	UDL00096.1
OG0001102	CAB14809.2	UDL00468.1
OG0001103	CAB14810.1	UDL00090.1
OG0001104	CAB14812.1	UDL00115.1
OG0001105	CAB14813.1	UDL00116.1
OG0001106	CAB14819.1	UDK99651.1
OG0001107	CAB14824.1	UDL01373.1
OG0001108	CAB14825.1	UDL00159.1
OG0001109	CAB14830.1	UDK99843.1
OG0001110	CAB14842.1, CAB14964.1	UDK99429.1
OG0001111	CAB14845.1	UDL01049.1
OG0001112	CAB14846.1	UDL01050.1
OG0001113	CAB14847.1	UDL01123.1
OG0001114	CAB14860.1	UDK99298.1
OG0001117	CAB14866.1	UDL00952.1
OG0001118	CAB14868.2	UDK99675.1
OG0001119	CAB14874.1	UDK99925.1
OG0001120	CAB14878.1	UDL01626.1
OG0001121	CAB14879.1	UDK99813.1
OG0001122	CAB14883.1	UDK99689.1
OG0001123	CAB14904.1	UDK99850.1
OG0001124	CAB14905.1	UDK99846.1
OG0001125	CAB14924.1	UDL00412.1
OG0001126	CAB14925.1	UDL01593.1
OG0001127	CAB14944.1	UDL01161.1
OG0001128	CAB14949.1	UDK99996.1
OG0001129	CAB14957.1	UDK99805.1
OG0001130	CAB14968.1	UDL00759.1
OG0001132	CAB15010.1	UDL01204.1
OG0001133	CAB15013.1	UDL00427.1
OG0001138	CAB15033.1	UDK99818.1
OG0001139	CAB15288.1, CAB15043.1	UDL01285.1
OG0001140	CAB15046.1	UDL01180.1
OG0001142	CAB15052.1	UDL01305.1
OG0001143	CAB15054.1	UDL01306.1
OG0001144	CAB15072.1	UDL01225.1
OG0001145	CAB15076.1	UDL00914.1
OG0001147	CAB15093.1	UDK99638.1
OG0001148	CAB15124.2	UDL00819.1
OG0001149	CAB15149.2	UDL00037.1
OG0001150	CAB15151.2	UDL00039.1
OG0001151	CAB15152.3	UDL00040.1
OG0001152	CAB15154.1	UDL00043.1
OG0001153	CAB15163.1	UDL02034.1
OG0001154	CAB15181.1	UDL00955.1
OG0001156	CAB15195.1	UDK99888.1
OG0001157	CAB15206.1	UDK99624.1
OG0001159	CAB15214.1	UDL01409.1
OG0001160	CAB15216.1	UDL00401.1
OG0001161	CAB15223.2	UDK99933.1
OG0001162	CAB15231.1	UDL00287.1
OG0001164	CAB15236.2	UDL00296.1
OG0001165	CAB15240.2	UDL01784.1
OG0001166	CAB15241.1	UDL01904.1
OG0001167	CAB15256.1	UDL01141.1
OG0001168	CAB15260.1	UDL01142.1
OG0001169	CAB15263.1	UDL00471.1
OG0001170	CAB15264.1	UDL00470.1
OG0001171	CAB15269.1	UDL00879.1
OG0001172	CAB15277.1	UDL02012.1
OG0001173	CAB15294.1	UDL01617.1
OG0001174	CAB15298.1	UDL00651.1
OG0001175	CAB15305.2	UDL00723.1
OG0001177	CAB15310.1	UDK99474.1
OG0001178	CAB15344.3	UDL01941.1
OG0001179	CAB15348.1	UDL01793.1
OG0001180	CAB15351.1	UDL01387.1
OG0001181	CAB15355.2	UDL01464.1
OG0001182	CAB15356.1	UDL01463.1
OG0001183	CAB15365.1	UDL00569.1
OG0001185	CAB15390.1	UDL01363.1
OG0001186	CAB15394.1	UDK99855.1
OG0001187	CAB15395.1	UDL01627.1
OG0001188	CAB15397.1	UDL00454.1
OG0001189	CAB15398.1	UDL00457.1
OG0001190	CAB15399.1	UDL00458.1
OG0001191	CAB15408.1	UDL00970.1
OG0001192	CAB15409.1	UDL00969.1
OG0001193	CAB15410.1	UDL00968.1
OG0001194	CAB15413.1	UDL01788.1
OG0001195	CAB15414.1	UDL01787.1
OG0001196	CAB15465.1, CAB15420.1	UDK99742.1
OG0001198	CAB15459.1	UDL01020.1
OG0001200	CAB15481.2	UDL00541.1
OG0001201	CAB15482.1	UDL00540.1
OG0001202	CAB15484.1	UDL01030.1
OG0001203	CAB15491.1	UDK99904.1
OG0001204	CAB15492.1	UDK99903.1
OG0001205	CAB15493.1	UDL01502.1
OG0001206	CAB15494.1	UDK99612.1
OG0001207	CAB15495.1	UDK99610.1
OG0001208	CAB15496.1	UDL01172.1
OG0001209	CAB15497.1	UDL00551.1
OG0001211	CAB15504.1	UDK99970.1
OG0001212	CAB15505.1	UDL02197.1
OG0001213	CAB15533.1	UDL00843.1
OG0001214	CAB15534.1	UDL01297.1
OG0001215	CAB15537.1	UDL00513.1
OG0001217	CAB15542.1	UDL01709.1
OG0001218	CAB15543.1	UDL01710.1
OG0001219	CAB15546.1	UDK99373.1
OG0001220	CAB15548.1	UDL00218.1
OG0001221	CAB15562.2	UDL00502.1
OG0001222	CAB15568.1	UDL01232.1
OG0001223	CAB15570.1	UDL00654.1
OG0001224	CAB15592.1	UDL00729.1
OG0001225	CAB15625.1	UDL01574.1
OG0001226	CAB15630.1, CAB15629.1	UDL01431.1
OG0001228	CAB15639.1	UDL01203.1, UDL01143.1
OG0001229	CAB15653.1	UDL01438.1
OG0001230	CAB15666.2	UDL01680.1
OG0001231	CAB15669.1	UDL01664.1
OG0001232	CAB15681.1	UDL02066.1
OG0001233	CAB15687.1	UDK99463.1
OG0001236	CAB15718.1	UDL00121.1
OG0001237	CAB15724.1	UDK99988.1
OG0001238	CAB15725.2	UDL00453.1
OG0001239	CAB15726.1	UDL01058.1
OG0001240	CAB15728.3	UDL00452.1
OG0001241	CAB15743.1	UDL00663.1
OG0001242	CAB15746.1	UDL01562.1
OG0001243	CAB15750.1	UDK99959.1
OG0001244	CAB15761.1	UDL01563.1
OG0001245	CAB15776.1	UDL01922.1
OG0001246	CAB15777.1	UDL00191.1
OG0001247	CAB15780.1	UDL00129.1
OG0001248	CAB15785.1	UDL02009.1
OG0001250	CAB15794.1	UDL00582.1
OG0001252	CAB15809.1	UDL01821.1
OG0001253	CAB15810.1	UDL01822.1
OG0001255	CAB15823.1	UDK99861.1
OG0001256	CAB15844.2	UDL01408.1
OG0001257	CAB15850.2	UDK99661.1
OG0001258	CAB15851.1	UDK99833.1
OG0001259	CAB15873.1	UDL02074.1
OG0001261	CAB15898.1	UDL00623.1
OG0001262	CAB15931.2	UDL02023.1
OG0001263	CAB15971.1	UDL01920.1
OG0001264	CAB15972.1	UDL01924.1
OG0001265	CAB15973.1	UDL01921.1
OG0001266	CAB15976.2	UDK99628.1
OG0001267	CAB15978.2	UDL00335.1
OG0001268	CAB15979.1	UDL00988.1
OG0001269	CAB16079.1	UDK99251.1
OG0001270	CAB16081.2	UDK99730.1
OG0001271	CAB16085.1	UDK99456.1
OG0001272	CAB16087.1	UDK99311.1
OG0001273	CAB16103.1	UDL01647.1
OG0001274	CAB16111.1	UDL01374.1
OG0001275	CAB16128.1	UDK99309.1
OG0001276	CAB16129.1	UDL00499.1
OG0001277	CAB16133.1	UDK99228.1
OG0001278	CAB16137.1	UDK99230.1
OG0001279	CAB16140.1	UDK99444.1
OG0001280	CAB16143.1	UDL01182.1
OG0001284	CAX52584.1	UDL01465.1
OG0001445	CAB11790.1	UDK99494.1
OG0001446	CAB11791.1	UDK99495.1
OG0001448	CAB11805.1	UDL00530.1
OG0001450	CAB11808.1	UDL01517.1
OG0001452	CAB11839.1	UDL00829.1
OG0001454	CAB11847.1	UDL00132.1
OG0001456	CAB11865.1	UDL00254.1
OG0001460	CAB11951.2	UDK99223.1
OG0001473	CAB12059.1	UDK99672.1
OG0001475	CAB12070.1	UDL01677.1
OG0001481	CAB12108.2	UDL00526.1
OG0001490	CAB12157.1	UDL01594.1
OG0001491	CAB12158.1	UDK99526.1
OG0001503	CAB12275.1	UDL02162.1
OG0001504	CAB12276.1	UDL02163.1
OG0001523	CAB12352.1	UDL00716.1
OG0001534	CAB12429.1	UDL02266.1
OG0001535	CAB12441.1	UDL00971.1
OG0001540	CAB12491.2	UDK99908.1
OG0001546	CAB12539.1	UDL00050.1
OG0001551	CAB12579.1	UDL02246.1
OG0001554	CAB12613.1	UDL00813.1
OG0001556	CAB12621.1	UDK99562.1
OG0001562	CAB12653.2	UDL00837.1
OG0001566	CAB12668.1	UDL00005.1
OG0001572	CAB12719.2	UDL00562.1
OG0001575	CAB12730.1	UDL01983.1
OG0001587	CAB12860.1	UDL00092.1
OG0001588	CAB12862.1	UDK99831.1
OG0001592	CAB12871.1	UDL00977.1
OG0001595	CAB12899.1	UDL02173.1
OG0001598	CAB12934.1	UDL00511.1
OG0001607	CAB13011.2	UDL00713.1
OG0001621	CAB13084.1	UDK99874.1
OG0001622	CAB13098.1	UDK99267.1
OG0001642	CAB13142.1	UDL00074.1
OG0001652	CAB13258.1	UDL01852.1
OG0001656	CAB13299.1	UDK99823.1
OG0001657	CAB13306.1	UDL01093.1
OG0001659	CAB13318.1	UDL01219.1
OG0001662	CAB13360.1	UDL01780.1
OG0001666	CAB13385.2	UDL00731.1
OG0001669	CAB13401.2	UDK99808.1
OG0001674	CAB13438.1	UDK99739.1
OG0001677	CAB13456.1	UDK99577.1
OG0001678	CAB13458.1	UDK99679.1
OG0001679	CAB13462.1	UDL01741.1
OG0001682	CAB13486.1	UDK99409.1
OG0001684	CAB13516.2	UDL02134.1
OG0001686	CAB13569.1	UDL01473.1
OG0001687	CAB13570.2	UDL00404.1
OG0001688	CAB13571.1	UDL00743.1
OG0001689	CAB13577.2	UDL00179.1
OG0001690	CAB13578.1	UDL00773.1
OG0001699	CAB13687.1	UDL00060.1
OG0001700	CAB13691.1	UDK99736.1
OG0001705	CAB13743.1	UDL00568.1
OG0001710	CAB13806.1	UDL01607.1
OG0001713	CAB13854.1	UDL01196.1
OG0001715	CAB13860.1	UDL01807.1
OG0001718	CAB14081.1	UDK99779.1
OG0001725	CAB14121.1	UDL00821.1
OG0001726	CAB14122.1	UDL01127.1
OG0001727	CAB14124.1	UDL00704.1
OG0001728	CAB14125.1	UDL01439.1
OG0001730	CAB14152.1	UDL00392.1
OG0001731	CAB14163.2	UDL01384.1
OG0001733	CAB14210.1	UDK99626.1
OG0001734	CAB14211.2	UDL01613.1
OG0001739	CAB14282.2	UDL01167.1
OG0001741	CAB14299.1	UDL01535.1
OG0001744	CAB14316.1	UDK99467.1
OG0001747	CAB14329.1	UDL00168.1
OG0001748	CAB14335.1	UDK99246.1
OG0001749	CAB14338.2	UDL00256.1
OG0001754	CAB14366.1	UDK99324.1
OG0001757	CAB14403.1	UDL00928.1
OG0001758	CAB14404.1	UDL01738.1
OG0001760	CAB14453.1	UDL00805.1
OG0001761	CAB14460.2	UDL01129.1
OG0001764	CAB14505.1	UDL01779.1
OG0001766	CAB14510.1	UDL01014.1
OG0001770	CAB14578.1	UDL00119.1
OG0001779	CAB14653.1	UDK99221.1
OG0001782	CAB14675.1	UDK99359.1
OG0001785	CAB14718.2	UDL00047.1
OG0001786	CAB14721.1	UDL00262.1
OG0001788	CAB14732.1	UDL00667.1
OG0001792	CAB14759.1	UDK99920.1
OG0001793	CAB14767.2	UDL01103.1
OG0001797	CAB14818.1	UDL01024.1
OG0001798	CAB14829.1	UDL00807.1
OG0001806	CAB14873.1	UDL00634.1
OG0001808	CAB14880.1	UDL00341.1
OG0001812	CAB14901.2	UDK99222.1
OG0001813	CAB14931.1	UDL01131.1
OG0001815	CAB14940.1	UDK99654.1
OG0001816	CAB14953.1	UDL00146.1
OG0001817	CAB14954.1	UDL00898.1
OG0001819	CAB14988.1	UDL00476.1
OG0001826	CAB15034.2	UDL00122.1
OG0001828	CAB15045.1	UDL01406.1
OG0001834	CAB15073.1	UDK99773.1
OG0001835	CAB15078.1	UDK99330.1
OG0001843	CAB15106.2	UDL01587.1
OG0001844	CAB15120.1	UDK99394.1
OG0001846	CAB15143.2	UDL01108.1
OG0001848	CAB15150.1	UDL00038.1
OG0001849	CAB15153.2	UDL00042.1
OG0001854	CAB15196.1	UDL01104.1
OG0001855	CAB15204.2	UDL00762.1
OG0001858	CAB15242.1	UDL00464.1
OG0001859	CAB15243.1	UDL00288.1
OG0001860	CAB15244.1	UDL00687.1
OG0001862	CAB15273.2	UDL01487.1
OG0001866	CAB15352.1	UDK99922.1
OG0001867	CAB15366.1	UDK99544.1
OG0001869	CAB15424.1	UDL00967.1
OG0001872	CAB15467.1	UDL00277.1
OG0001874	CAB15498.1	UDL00550.1
OG0001878	CAB15571.1	UDL02110.1
OG0001879	CAB15583.1	UDL00653.1
OG0001881	CAB15605.1	UDL01804.1
OG0001885	CAB15654.2	UDL00210.1
OG0001897	CAB15723.1	UDL01032.1
OG0001898	CAB15748.1	UDL00886.1
OG0001901	CAB15819.2	UDL00929.1
OG0001904	CAB15849.1	UDK99660.1
OG0001909	CAB15861.1	UDL01558.1
OG0001910	CAB15862.1	UDK99263.1
OG0001914	CAB15888.1	UDL01112.1
OG0001923	CAB15991.1	UDL00447.1
OG0001933	CAB16060.1	UDK99796.1
OG0001935	CAB16092.1	UDL01568.1
OG0001939	CAB16112.1	UDL01420.1
OG0001942	CAB16138.1	UDK99243.1
OG0001943	CAB16139.1	UDL00158.1
OG0001946	CAE01469.1	UDL01823.1
OG0001951	CAX52631.1	UDL01345.1
OG0001953	CAX52713.1	UDL00554.1
