Orthogroup	Deinococcus_radiodurans_aa	Bacillus_subtilis_aa
OG0000003	UDL00643.1	CAX52610.1, CAB13251.1
OG0000003	UDK99778.1, UDL01313.1, UDL00011.1	CAB15224.2
OG0000005	UDL01758.1	CAB14583.1
OG0000005	UDL01691.1, UDK99912.1	CAB12184.1, CAB13183.1
OG0000006	UDL01507.1	CAB12923.1, CAB15608.1, CAB14129.1, CAB14952.1, CAB13094.1, CAB16124.1, CAB13260.1, CAB12896.1
OG0000007	UDL02249.1	CAB12873.2, CAB12581.1, CAB15338.1, CAB15997.2, CAB12191.1, CAB11939.1, CAB12673.1
OG0000008	UDL01516.1	CAB12828.3
OG0000013	UDL00563.1	CAB13403.1
OG0000013	UDL02088.1	CAB12917.1
OG0000013	UDL00990.1	CAB15509.1
OG0000013	UDK99975.1, UDL01344.1	CAB15835.1
OG0000015	UDL00500.1	CAB11929.1
OG0000015	UDL01775.1, UDL00718.1	CAB14350.2, CAB15579.1, CAB13625.2, CAB14717.1
OG0000015	UDK99753.1	CAB15692.1, CAB15580.1
OG0000016	UDK99957.1, UDL01734.1	CAB15369.1
OG0000017	UDL00494.1, UDL02250.1, UDL00497.1, UDL01415.1, UDK99285.1	CAB12666.1
OG0000018	UDL01227.1	CAB12713.1
OG0000019	UDL00991.1	CAB14310.1
OG0000024	UDL01299.1	CAB14687.1, CAB14686.1
OG0000024	UDK99745.1	CAB14896.1, CAB12131.1, CAB12154.1
OG0000024	UDL01185.1, UDL00169.1	CAB14328.1
OG0000025	UDL00649.1	CAB12760.1
OG0000025	UDK99758.1	CAB15299.1, CAB12348.1, CAB15567.1
OG0000026	UDK99963.1	CAB12924.1
OG0000027	UDL01538.1	CAB14997.1, CAB13607.2, CAB14615.1, CAB13078.1
OG0000033	UDL00213.1, UDL00691.1, UDL01697.1, UDL00349.1	CAB13543.1, CAB11933.1, CAB12805.1, CAB12627.1, CAB13067.1
OG0000034	UDL01018.1	CAB12141.2, CAB16091.1, CAB12336.1, CAB13249.1, CAB14863.1, CAB12334.1
OG0000035	UDL01178.1, UDL01639.1	CAB12954.1, CAB12822.2, CAB13328.1, CAB12212.2, CAB15646.1, CAB15602.1
OG0000037	UDL01116.1, UDL01005.1, UDL00816.1, UDL00182.1, UDK99563.1, UDL01619.1, UDL00912.1	CAX52706.1, CAX52589.1
OG0000040	UDK99380.1	CAB11949.1
OG0000041	UDL00966.1	CAB15423.2, CAB12044.2
OG0000042	UDK99242.1	CAB12225.1, CAB16025.1, CAB12110.2, CAB14660.1
OG0000042	UDL01425.1	CAB14191.1
OG0000045	UDL02179.1	CAB12182.2
OG0000045	UDK99658.1, UDK99669.1	CAB15019.1, CAB13310.1, CAB15317.3
OG0000046	UDL00825.1, UDL00444.1	CAB12304.1
OG0000046	UDL00475.1	CAB13156.2
OG0000048	UDL00738.1, UDL00400.1	CAB12712.1
OG0000049	UDL01207.1, UDL02253.1, UDL02252.1	CAB12798.1, CAB15119.2, CAB12794.1, CAB14602.1, CAB14406.1
OG0000051	UDL01630.1, UDL01523.1, UDL00917.1, UDL00367.1	CAB13450.1
OG0000052	UDL01686.1, UDL02016.1	CAB13726.1
OG0000053	UDL00466.1	CAB15415.1, CAB15131.1
OG0000053	UDL00445.1	CAB14632.2
OG0000054	UDL01395.1	CAB14815.1, CAB15453.2
OG0000055	UDK99884.1, UDL00025.1	CAB15066.1, CAB15069.1
OG0000064	UDL01981.1	CAB15508.1, CAB12611.1, CAB16050.1, CAB12404.1, CAB12031.1, CAB15246.1
OG0000065	UDL00440.1, UDL00533.1, UDL00814.1	CAB12209.1, CAB14263.1, CAB13314.1, CAB12889.1
OG0000067	UDL00477.1, UDL01262.1, UDL00652.1	CAB14331.2, CAB12492.1, CAB14972.1
OG0000068	UDL00443.1	CAB13276.2, CAB12667.1
OG0000069	UDL01228.1	CAB12711.3
OG0000070	UDL01986.1	CAB13568.1
OG0000071	UDL01817.1	CAB15824.1, CAB13867.1, CAB15817.1, CAB15572.1, CAB15438.2, CAB15435.1, CAB15433.1, CAB15585.1
OG0000072	UDL02056.1	CAB15848.2, CAB14659.1
OG0000073	UDL01571.1, UDL00587.1	CAB15601.3, CAB15569.1, CAB15582.1
OG0000081	UDL00156.1	CAB12736.1, CAB12256.1, CAB12051.2
OG0000082	UDK99488.1	CAB12417.1, CAB12057.2
OG0000082	UDK99968.1	CAB13655.1
OG0000083	UDL02203.1	CAB12204.1
OG0000085	UDL00061.1	CAB14111.1, CAB12738.1, CAB12319.1
OG0000086	UDK99316.1	CAB12350.1
OG0000087	UDK99659.1, UDL00720.1	CAB12414.2, CAB12571.2, CAB13316.1
OG0000088	UDL01028.1, UDL01990.1	CAB15912.1
OG0000088	UDK99882.1	CAB12547.2
OG0000089	UDK99800.1	CAB14153.1
OG0000089	UDL01662.1	CAB13273.2, CAB12796.1, CAB15129.2
OG0000090	UDL00789.1, UDK99531.1	CAB12847.2
OG0000091	UDK99286.1	CAB12856.1
OG0000093	UDL01978.1, UDL00102.1	CAB12997.1
OG0000094	UDL00831.1, UDL00131.1	CAB13147.2, CAB15290.2, CAB16073.1, CAB14354.2
OG0000095	UDL01321.1, UDK99650.1	CAB13199.2
OG0000096	UDK99389.1, UDK99537.1	CAB14247.2, CAB13257.1, CAB13685.1
OG0000097	UDK99657.1	CAB15318.2, CAB13309.1, CAB15020.1
OG0000098	UDK99891.1	CAB13799.1
OG0000099	UDL02054.1	CAB14591.1, CAB14592.2
OG0000100	UDL01318.1	CAB14416.2
OG0000101	UDK99451.1, UDL00055.1	CAB15168.1, CAB15094.1, CAB14683.1
OG0000102	UDL01902.1	CAB15084.1
OG0000103	UDL01911.1	CAB15375.1, CAB15385.1, CAB15387.1, CAB15377.1
OG0000104	UDL01616.1, UDK99600.1	CAB15444.1
OG0000111	UDL00184.1	CAB11862.1
OG0000112	UDK99694.1	CAB12343.1
OG0000112	UDL01696.1	CAB12015.1, CAB12149.2
OG0000114	UDL01284.1	CAB16014.1, CAB12071.1, CAB12792.1
OG0000115	UDL01184.1, UDL02205.1, UDL01601.1, UDK99744.1	CAB12155.2, CAB12132.1, CAB15986.1
OG0000116	UDK99829.1	CAB12160.2
OG0000119	UDL01850.1	CAB13804.1
OG0000119	UDL00700.1	CAB12340.1
OG0000120	UDL00294.1	CAB12386.1
OG0000121	UDK99725.1	CAB14590.1, CAB12388.2, CAB13097.1, CAB15228.1
OG0000122	UDK99294.1	CAB13828.2
OG0000122	UDK99248.1	CAB14334.1, CAB12637.1, CAB13333.1
OG0000123	UDL01398.1	CAB15751.1
OG0000123	UDL02096.1	CAB12697.2, CAB13305.1, CAB12810.1
OG0000124	UDL02170.1, UDL02219.1, UDK99785.1	CAB12740.1
OG0000125	UDL01653.1	CAB15778.2, CAB14148.1, CAB12851.2, CAB15138.2
OG0000126	UDL01794.1	CAB13434.1, CAB12931.1
OG0000127	UDL00647.1, UDK99274.1, UDL00964.1, UDL01034.1	CAB15565.1, CAB12951.1
OG0000128	UDL00658.1	CAB13157.2, CAB13004.1, CAB12994.2
OG0000129	UDL00095.1	CAB15210.2, CAB15200.1, CAB13086.1
OG0000131	UDL00149.1, UDL00150.1	CAB15454.1, CAB13166.1, CAB13167.1, CAB15455.1
OG0000132	UDL00080.1	CAB13188.1, CAB13629.1
OG0000133	UDL01504.1	CAB15838.1
OG0000134	UDL01265.1	CAB13862.1, CAB13409.2
OG0000135	UDK99269.1	CAB13802.1
OG0000136	UDL01261.1, UDL00474.1, UDL01350.1, UDK99929.1, UDL00384.1, UDL01900.1	CAB14795.2
OG0000137	UDL00808.1	CAB14828.1
OG0000138	UDL01540.1	CAB14933.1
OG0000139	UDK99365.1	CAB15036.1, CAB15213.2
OG0000140	UDL02243.1, UDK99827.1, UDL01414.1	CAB15347.1
OG0000141	UDL01813.1	CAB15642.1, CAB15441.1
OG0000142	UDL01338.1	CAB15892.1
OG0000143	UDL01847.1	CAB15925.1
OG0000156	UDL00170.1	CAB11856.1
OG0000156	UDL01566.1	CAB14392.1, CAB15443.1
OG0000157	UDK99614.1	CAB11958.1
OG0000158	UDK99723.1	CAB14349.2
OG0000158	UDL01120.1	CAB12007.1, CAB12801.1
OG0000159	UDL00490.1	CAB15118.2, CAB15461.1, CAB12078.1, CAB12610.1
OG0000160	UDL01791.1	CAB12122.1, CAB13435.1
OG0000160	UDK99952.1	CAB14774.1
OG0000162	UDL00597.1	CAB14664.1, CAB13073.1
OG0000164	UDL00004.1	CAB12331.1, CAB12787.1, CAB12197.1
OG0000165	UDL00854.1	CAB14787.2
OG0000166	UDL02108.1	CAB12880.1, CAB12784.1, CAB12226.1, CAB12883.1
OG0000168	UDL01897.1	CAB15403.1, CAB12311.1
OG0000169	UDL01017.1	CAB12355.1, CAB12385.1, CAB13846.1, CAB12612.1
OG0000170	UDK99262.1	CAB14728.1, CAB12360.1, CAB13163.1, CAB12361.1, CAB12533.1
OG0000172	UDK99455.1, UDL02013.1	CAB12371.1
OG0000173	UDK99741.1	CAB12516.2, CAB14835.2, CAB15250.1, CAB15421.1, CAB15466.1
OG0000175	UDK99832.1	CAB12591.1
OG0000175	UDL01731.1, UDL00113.1	CAB16107.1
OG0000176	UDL01547.1	CAB12687.1
OG0000177	UDL00707.1	CAB12843.1
OG0000178	UDL00659.1	CAB13003.1, CAB13152.1, CAB12993.1
OG0000179	UDL01026.1	CAB16109.1, CAB16105.1, CAB13041.1
OG0000180	UDL00548.1, UDK99649.1, UDL00642.1, UDL00154.1	CAB13270.2, CAB13369.1
OG0000181	UDL01610.1	CAB13363.2, CAB15842.1
OG0000182	UDL00997.1	CAB13582.1, CAB13584.3, CAB13463.1, CAB13583.2
OG0000183	UDK99323.1	CAB13707.1, CAB14365.2
OG0000184	UDL00333.1, UDK99634.1	CAB13838.2
OG0000185	UDK99747.1	CAB14095.1
OG0000186	UDL01949.1	CAB14123.1, CAB15234.1, CAB15233.1, CAB15820.2
OG0000187	UDL00017.1	CAB14132.1
OG0000188	UDL00648.1	CAB14162.1, CAB15439.1, CAB14421.2
OG0000189	UDL00127.1, UDL00126.1, UDL00796.1	CAB15806.2, CAB14212.2
OG0000190	UDL01199.1, UDK99656.1	CAB15137.2, CAB14600.1, CAB14332.2
OG0000191	UDL02260.1	CAB14389.1
OG0000192	UDL01648.1, UDL00459.1	CAB14854.2
OG0000193	UDL01482.1, UDK99644.1	CAB14946.1
OG0000194	UDL00631.1, UDL01527.1	CAB15029.1
OG0000195	UDL01334.1	CAB15247.1
OG0000195	UDL00621.1, UDL01834.1	CAB15609.1
OG0000196	UDK99352.1	CAB15258.1
OG0000197	UDL01578.1, UDL02152.1	CAB15307.1
OG0000198	UDL01908.1	CAB15376.1, CAB15386.1
OG0000199	UDK99792.1, UDL02083.1	CAB15619.1
OG0000200	UDK99618.1	CAB15917.1
OG0000220	UDL01622.1	CAB13174.1
OG0000221	UDK99249.1, UDL01518.1	CAB11824.1
OG0000222	UDK99443.1	CAB15717.1
OG0000222	UDK99652.1	CAB11882.1
OG0000223	UDL01512.1	CAB13043.1
OG0000223	UDL01667.1	CAB11936.2
OG0000225	UDL01926.1	CAB13200.1, CAB13702.1
OG0000225	UDL01603.1	CAB12022.1
OG0000227	UDL02257.1	CAB12604.1, CAB14741.2, CAB13695.1, CAB12036.2
OG0000229	UDL01253.1, UDL01249.1	CAB12084.1
OG0000232	UDL01428.1	CAB12130.1
OG0000235	UDL01270.1	CAB12183.1, CAB14871.2, CAB16078.1
OG0000236	UDL01783.1	CAB12199.1
OG0000237	UDL00290.1	CAB12217.2
OG0000238	UDL00166.1, UDK99220.1, UDK99523.1	CAB12240.1
OG0000239	UDL00360.1	CAB12451.1, CAB12261.1, CAB12354.2
OG0000240	UDL00710.1	CAB12265.2, CAB15947.2
OG0000241	UDL01039.1	CAB12268.1, CAB14418.2
OG0000242	UDL02161.1	CAB12274.1, CAB14407.2, CAB13837.1, CAB13177.1
OG0000243	UDL00415.1	CAB12321.1, CAB15790.1
OG0000244	UDL00363.1	CAB12332.1
OG0000245	UDL00171.1, UDL00678.1	CAB12344.1, CAB12927.2
OG0000246	UDL01714.1	CAB13090.1, CAB13572.1, CAB12434.1
OG0000247	UDL00007.1, UDL01040.1	CAB12454.2
OG0000249	UDL02245.1	CAB12578.1, CAB15335.1, CAB15283.1
OG0000250	UDL02247.1	CAB12580.1
OG0000251	UDL01042.1	CAB13294.2, CAB12623.1
OG0000252	UDL01418.1, UDL02105.1	CAB12629.1
OG0000254	UDL01361.1	CAB12701.1, CAB14440.2
OG0000255	UDL00858.1	CAB13019.1, CAB12749.2, CAB13420.3
OG0000256	UDL00136.1	CAB13368.2, CAB12751.1, CAB14948.1
OG0000257	UDL01898.1	CAB13865.1, CAB12754.2
OG0000258	UDL00161.1	CAB12758.2
OG0000259	UDL01576.1	CAB12793.1
OG0000260	UDL01165.1, UDL01382.1	CAB15961.1, CAB12808.2
OG0000261	UDL00999.1, UDL00998.1	CAB12857.1, CAB12974.1
OG0000262	UDK99475.1, UDL00504.1, UDL01963.1	CAB12874.1
OG0000263	UDL00071.1	CAB13044.1, CAB13045.1, CAB14667.1
OG0000264	UDL00014.1, UDL01608.1	CAB13065.2, CAB13361.1
OG0000265	UDL00923.1	CAB13171.1, CAB13173.1
OG0000266	UDL01365.1	CAB13194.1, CAB13278.2
OG0000268	UDL01957.1	CAB13288.1, CAB13290.2, CAB15511.1
OG0000269	UDL01302.1	CAB13422.2
OG0000270	UDL00995.1	CAB13464.1
OG0000271	UDL02287.1	CAB14283.2, CAB13487.1
OG0000273	UDL01521.1	CAB13559.2, CAB15769.1, CAB13544.2
OG0000274	UDL00479.1	CAB13549.2, CAB14807.1, SOX90588.1
OG0000279	UDK99584.1	CAB16130.1, CAB15756.2, CAB13750.2
OG0000280	UDL00705.1, UDK99225.1, UDK99241.1	CAB13764.1
OG0000281	UDL01789.1	CAB15412.2, CAB13811.1
OG0000282	UDL01790.1	CAB13812.1, CAB15411.1
OG0000283	UDL02095.1	CAB13823.1
OG0000284	UDL00232.1	CAB14117.1
OG0000285	UDL01551.1	CAB16010.1, CAB14128.1
OG0000286	UDL01472.1	CAB14178.2
OG0000287	UDK99436.1, UDL01772.1, UDL00953.1	CAB14268.1
OG0000288	UDL01754.1	CAB16141.1, CAB14320.1
OG0000289	UDL01500.1	CAB15918.1, CAB14322.2
OG0000290	UDL00379.1	CAB14346.2
OG0000291	UDL00026.1	CAB14362.1
OG0000292	UDL01045.1	CAB14652.1
OG0000293	UDL00297.1, UDL01394.1, UDL01739.1	CAB14674.1
OG0000295	UDL01729.1, UDK99372.1	CAB14967.1
OG0000296	UDK99461.1, UDK99591.1	CAB14971.2
OG0000297	UDL02206.1, UDK99259.1	CAB15056.1
OG0000298	UDL01355.1, UDK99993.1	CAB15121.3
OG0000299	UDL00556.1	CAB15133.1
OG0000300	UDL01426.1, UDL01670.1	CAB15155.2
OG0000301	UDL02003.1, UDL02001.1	CAB15237.1
OG0000302	UDL01183.1	CAB15245.1, CAB15907.1
OG0000303	UDL00542.1	CAB15248.1
OG0000305	UDL01814.1	CAB15430.1
OG0000307	UDL00352.1, UDK99629.1	CAB15576.1
OG0000308	UDL00314.1	CAB15673.1
OG0000309	UDL00730.1, UDL01381.1	CAB15759.1
OG0000310	UDL01846.1	CAB15924.1
OG0000337	UDL01674.1	CAB11782.1, CAB13692.2
OG0000341	UDK99763.1, UDL00162.1	CAB11845.1
OG0000342	UDL00860.1	CAB14184.1, CAB11850.1
OG0000343	UDL00839.1	CAB11851.1
OG0000344	UDK99368.1	CAB11853.1
OG0000345	UDL01453.1	CAB12632.1, CAB11857.1
OG0000346	UDL00431.1	CAB11914.1
OG0000349	UDK99498.1	CAB11954.1, CAB11983.1
OG0000350	UDL01573.1	CAB12630.1, CAB11956.1
OG0000351	UDL02296.1	CAB11985.2, CAB15764.1
OG0000353	UDL01484.1, UDL00800.1	CAB12004.1
OG0000354	UDK99853.1, UDK99854.1	CAB12010.1
OG0000355	UDL00712.1	CAB15881.2, CAB12033.1
OG0000357	UDL00110.1	CAB12035.1, CAB12941.1
OG0000358	UDK99969.1	CAB12058.2, CAB12418.1
OG0000359	UDL01372.1	CAB12063.1
OG0000360	UDK99756.1	CAB12066.1, CAB15547.1
OG0000361	UDL00076.1	CAB12069.1, CAB12660.2
OG0000362	UDK99789.1	CAB15836.1, CAB12082.2, CAB14893.1
OG0000363	UDK99791.1	CAB12106.3
OG0000364	UDK99977.1	CAB12114.1, CAB15274.1
OG0000366	UDL01809.1	CAB12198.1
OG0000367	UDL00787.1	CAB12214.3, CAB12243.1
OG0000368	UDL02045.1	CAB12216.2
OG0000369	UDK99400.1	CAB12474.2, CAB12232.1
OG0000370	UDL00488.1	CAB12233.1, CAB13485.1
OG0000372	UDL00221.1	CAB12271.1, CAB13648.1
OG0000373	UDL01745.1	CAB12316.1, CAB12326.1
OG0000375	UDL00907.1	CAB12652.1, CAB12357.1
OG0000377	UDL02176.1	CAB12393.2, CAB12780.2
OG0000378	UDL01828.1	CAB13059.1, CAB15596.1, CAB12406.1
OG0000380	UDL00068.1, UDK99798.1	CAB12452.2
OG0000381	UDL01955.1	CAB12456.1, CAB14977.1
OG0000382	UDL01209.1	CAB12464.1
OG0000383	UDL00537.1	CAB12473.1, CAB15798.1
OG0000384	UDK99437.1	CAB12493.1, CAB12631.1
OG0000385	UDL01895.1, UDL01289.1, UDL01896.1	CAB12496.1
OG0000386	UDL00543.1	CAB12517.1
OG0000388	UDL02199.1	CAB12542.1
OG0000393	UDL00190.1, UDL00946.1	CAB12594.1
OG0000394	UDL00329.1	CAB14644.2, CAB12614.1
OG0000396	UDK99735.1	CAB14772.1, CAB12699.3
OG0000397	UDL01044.1	CAB15889.1, CAB12710.2
OG0000398	UDK99687.1, UDL01798.1	CAB12747.1
OG0000399	UDL01604.1, UDL00708.1	CAB12752.1
OG0000400	UDL00986.1	CAB12757.2
OG0000401	UDK99802.1	CAB12762.1
OG0000402	UDK99385.1	CAB12800.1
OG0000404	UDK99335.1	CAB12823.2, CAB14492.2
OG0000405	UDL00282.1	CAB12826.1, CAB14723.1
OG0000406	UDK99630.1, UDK99469.1	CAB12850.1
OG0000407	UDL02077.1	CAB12890.1
OG0000408	UDL00696.1	CAB12915.1
OG0000410	UDK99958.1	CAB14089.1, CAB13720.2, CAB12921.1
OG0000411	UDL01795.1	CAB12933.2, CAB13431.1
OG0000412	UDK99960.1	CAB16071.1, CAB12963.2
OG0000413	UDK99856.1	CAB12964.2, CAB13425.1
OG0000414	UDK99841.1	CAB13426.1, CAB12965.3
OG0000415	UDL00661.1, UDK99553.1	CAB12996.2
OG0000416	UDL00103.1	CAB13150.1, CAB13001.1
OG0000417	UDL00717.1	CAB13017.1, CAB15874.1
OG0000418	UDL01947.1	CAB15855.1, CAB13023.1
OG0000419	UDL01291.1	CAB13300.1, CAB13027.1
OG0000422	UDL00045.1	CAB14543.1, CAB13126.2
OG0000423	UDL00075.1	CAB13141.2
OG0000425	UDL01640.1, UDL02231.1	CAB13160.2
OG0000427	UDL01290.1	CAB15796.1, CAB13231.1
OG0000429	UDL02202.1	CAB13264.2
OG0000430	UDK99681.1	CAB13269.1
OG0000431	UDL01268.1	CAB13295.1
OG0000432	UDK99287.1	CAB13301.1
OG0000433	UDL01848.1	CAB13326.1, CAB13551.2
OG0000434	UDL00124.1	CAB13331.1
OG0000435	UDL01389.1	CAB14337.2, CAB13334.1
OG0000436	UDL01385.1	CAB13381.1
OG0000437	UDL00931.1	CAB15027.1, CAB13387.1
OG0000438	UDL01730.1	CAB13390.2, CAB13389.2
OG0000439	UDK99493.1	CAB13391.1
OG0000440	UDL00901.1	CAB13392.2
OG0000442	UDL00975.1	CAB13460.1
OG0000443	UDK99872.1	CAB15698.1, CAB13497.2
OG0000444	UDL01458.1	CAB13526.1
OG0000445	UDL00389.1	CAB13530.1
OG0000446	UDL00868.1	CAB13536.1
OG0000447	UDK99587.1	CAB13553.3, CAB14959.2
OG0000448	UDL01366.1	CAB13573.1, CAB15000.1
OG0000449	UDL02232.1	CAB13899.2, CAB13621.1
OG0000450	UDL02233.1	CAB13898.2, CAB13622.1
OG0000451	UDL02234.1	CAB13896.2, CAB13623.1
OG0000452	UDL00628.1	CAB13636.1
OG0000454	UDL02091.1	CAB13669.1
OG0000455	UDK99382.1	CAB13727.2
OG0000456	UDK99383.1	CAB13728.2
OG0000457	UDL00619.1	CAB13741.2, CAB14312.1
OG0000458	UDK99339.1	CAB15405.1, CAB13769.1
OG0000459	UDL01033.1, UDK99619.1	CAB13772.1
OG0000460	UDL00409.1	CAB14218.1, CAB13814.1
OG0000461	UDL00640.1, UDL01972.1	CAB13832.1
OG0000463	UDL01844.1	CAB14023.1, CAB14195.1
OG0000465	UDK99621.1	CAB14171.1
OG0000466	UDL01611.1	CAB14199.1
OG0000467	UDK99540.1	CAB14245.2, CAB14776.2
OG0000468	UDL00053.1	CAB14248.2, CAB14982.2
OG0000469	UDL00833.1	CAB14270.1
OG0000471	UDL01113.1	CAB14311.1
OG0000472	UDL00684.1	CAB14317.2
OG0000473	UDK99284.1	CAB14340.2, CAB15793.1
OG0000474	UDL00207.1	CAB14348.1
OG0000476	UDL01106.1	CAB14364.2
OG0000477	UDL01652.1, UDL00370.1	CAB14377.1
OG0000478	UDL01539.1	CAB14383.2
OG0000479	UDL00402.1	CAB14432.3
OG0000480	UDL00066.1	CAB14450.2
OG0000481	UDL00531.1	CAB14488.2
OG0000482	UDL01612.1, UDK99617.1	CAB14503.1
OG0000483	UDL00307.1	CAB14508.2
OG0000484	UDL00237.1	CAB14606.1
OG0000485	UDK99811.1	CAB14612.1
OG0000486	UDL00954.1	CAB14613.1, CAB15628.1
OG0000488	UDL00732.1	CAB14684.1
OG0000489	UDL00963.1	CAB14689.1
OG0000490	UDK99415.1	CAB14937.1, CAB14693.2
OG0000491	UDK99748.1, UDL00035.1	CAB14720.1
OG0000492	UDK99532.1, UDL01567.1	CAB14768.1
OG0000493	UDL01022.1	CAB14780.1
OG0000493	UDK99541.1	CAB14781.1
OG0000494	UDL00853.1, UDL00701.1	CAB14785.1
OG0000495	UDL00097.1	CAB14804.2
OG0000496	UDL00771.1	CAB14816.1
OG0000497	UDL01376.1	CAB14823.1, CAB14960.1
OG0000498	UDL00553.1	CAB16039.3, CAB15859.2, CAB14850.1
OG0000499	UDL01118.1	CAB15783.2, CAB14855.1
OG0000500	UDL00785.1	CAB14869.1
OG0000501	UDL00342.1	CAB14881.2
OG0000502	UDL01625.1	CAB15872.1, CAB14945.1
OG0000503	UDL02038.1, UDL01572.1	CAB15722.1, CAB14966.1
OG0000504	UDL01125.1	CAB15030.1
OG0000505	UDL01770.1	CAB15055.1
OG0000506	UDL00768.1	CAB15074.1, CAB15075.1
OG0000507	UDL00101.1	CAB15611.1, CAB15144.1
OG0000508	UDK99450.1	CAB15146.1
OG0000508	UDK99449.1	CAB15145.1
OG0000509	UDK99887.1, UDL01993.1	CAB15192.1
OG0000510	UDL00293.1, UDL00295.1	CAB15235.1
OG0000511	UDL01951.1	CAB15238.1
OG0000512	UDL00753.1	CAB15253.1
OG0000513	UDL00472.1, UDL00473.1	CAB15262.1
OG0000514	UDL01490.1, UDL00534.1	CAB15272.1
OG0000515	UDL01577.1, UDL02143.1	CAB15308.1
OG0000516	UDL01942.1	CAB15343.1
OG0000517	UDL01712.1	CAB15350.1
OG0000518	UDK99921.1, UDL01063.1	CAB15353.1
OG0000519	UDL01929.1	CAB15357.1
OG0000520	UDL01234.1	CAB15360.1
OG0000521	UDL01910.1	CAB15388.1, CAB15378.1
OG0000522	UDL01824.1	CAB15808.3, CAB15440.1
OG0000523	UDK99655.1	CAB15469.1
OG0000524	UDL01845.1	CAB15506.1
OG0000525	UDL01632.1	CAB16127.1, CAB15648.2
OG0000526	UDK99864.1	CAB15668.1
OG0000527	UDL00469.1	CAB15670.1
OG0000529	UDL00714.1	CAB15677.1
OG0000530	UDL02067.1	CAB15683.1
OG0000531	UDL00259.1	CAB15693.1, CAB15727.2
OG0000532	UDL00655.1	CAB15706.1
OG0000533	UDK99254.1	CAB15707.1
OG0000534	UDL00927.1	CAB15712.1
OG0000535	UDL00679.1	CAB16003.1, CAB15729.1
OG0000536	UDL01985.1	CAB15908.1
OG0000537	UDK99826.1	CAB16069.1, CAB15974.1
OG0000539	UDL00008.1	CAB16119.1, CAB16116.1
OG0000540	UDK99545.1	CAB16125.1
OG0000541	UDK99310.1	CAB16126.2
OG0000542	UDK99229.1	CAB16134.1
OG0000543	UDL00041.1, UDK99917.1	CAE01465.2
OG0000633	UDK99218.1	CAB11777.1
OG0000634	UDK99217.1	CAB11778.1
OG0000635	UDL01700.1	CAB11779.1
OG0000636	UDL00224.1	CAB11780.1
OG0000637	UDL00973.1	CAB11783.1
OG0000638	UDL00941.1	CAB11785.1
OG0000639	UDL00481.1	CAB11787.1
OG0000640	UDL00480.1	CAB11788.1
OG0000641	UDL00399.1	CAB11789.1
OG0000644	UDL01430.1	CAB11795.2
OG0000645	UDK99399.1	CAB11796.1
OG0000646	UDK99398.1	CAB11797.1
OG0000648	UDK99319.1	CAB11804.2
OG0000649	UDK99814.1	CAB11812.1
OG0000651	UDL00539.1	CAB11814.1
OG0000652	UDK99347.1	CAB11815.1
OG0000653	UDL01708.1	CAB11818.1
OG0000654	UDL01596.1	CAB11822.1
OG0000655	UDK99971.1	CAB11826.1
OG0000656	UDL00560.1	CAB11827.1
OG0000657	UDL01391.1	CAB11829.1
OG0000658	UDL00626.1	CAB11831.1
OG0000659	UDL00315.1	CAB11834.1
OG0000660	UDL00491.1	CAB11844.1
OG0000661	UDK99645.1	CAB11846.2
OG0000662	UDL00198.1	CAB12835.1, CAB11848.1
OG0000663	UDK99955.1	CAB11849.1
OG0000665	UDK99369.1	CAB11854.1
OG0000666	UDK99370.1	CAB11855.1
OG0000667	UDK99561.1	CAB11858.1
OG0000668	UDL00241.1	CAB11863.1
OG0000669	UDL01595.1	CAB11866.1
OG0000670	UDK99430.1	CAB11867.1
OG0000671	UDK99667.1	CAB11868.1
OG0000672	UDL00750.1	CAB11870.1
OG0000673	UDK99916.1	CAB11872.1
OG0000674	UDL01089.1	CAB11877.1
OG0000675	UDL01088.1	CAB11878.2
OG0000676	UDL01087.1	CAB11879.2
OG0000677	UDL01086.1	CAB11880.2
OG0000678	UDL01085.1	CAB11881.1
OG0000679	UDL00065.1	CAB11883.2
OG0000680	UDL00064.1	CAB11884.2
OG0000681	UDK99500.1	CAB11886.2
OG0000682	UDK99501.1	CAB11887.2
OG0000683	UDK99502.1	CAB11888.2
OG0000684	UDK99504.1	CAB11889.1
OG0000685	UDK99505.1	CAB11891.1
OG0000686	UDK99506.1	CAB11892.1
OG0000687	UDK99507.1	CAB11893.1
OG0000688	UDK99508.1	CAB11894.2
OG0000689	UDK99509.1	CAB11895.2
OG0000690	UDK99510.1	CAB11896.1
OG0000691	UDK99511.1	CAB11897.1
OG0000692	UDK99512.1	CAB11898.2
OG0000693	UDL01641.1	CAB11899.1
OG0000694	UDK99513.1	CAB11900.1
OG0000695	UDK99514.1	CAB11901.1
OG0000696	UDK99515.1	CAB11902.1
OG0000697	UDK99516.1	CAB11903.1
OG0000698	UDK99517.1	CAB11904.1
OG0000699	UDL01145.1	CAB11906.2
OG0000700	UDL01146.1	CAB11907.1
OG0000701	UDL01147.1	CAB11908.2
OG0000702	UDL01148.1	CAB11909.1
OG0000703	UDL01149.1	CAB11910.1
OG0000704	UDL01150.1	CAB11911.1
OG0000705	UDL01151.1	CAB11912.1
OG0000706	UDL01152.1	CAB11913.1
OG0000707	UDL01752.1	CAB11915.1
OG0000708	UDL01158.1	CAB11916.1
OG0000709	UDL01159.1	CAB11917.2
OG0000710	UDL01160.1	CAB11918.1
OG0000711	UDL01162.1	CAB11919.1
OG0000712	UDL01163.1	CAB11920.1
OG0000713	UDL01480.1	CAB11921.2
OG0000714	UDL01479.1	CAB11923.2
OG0000715	UDL01312.1	CAB11924.2
OG0000716	UDK99374.1	CAB11925.2
OG0000717	UDK99375.1	CAB11926.1
OG0000718	UDL00143.1	CAB11930.1
OG0000720	UDL00450.1	CAB11942.1
OG0000721	UDL01984.1	CAB11943.2
OG0000722	UDL01982.1	CAB11946.1
OG0000723	UDL01109.1	CAB11953.1
OG0000728	UDL00235.1	CAB12027.1
OG0000731	UDL01115.1	CAB12064.1, CAB12664.1
OG0000734	UDL02033.1	CAB12089.1
OG0000736	UDL01383.1	CAB12099.2
OG0000737	UDL01971.1	CAB12107.1
OG0000738	UDK99944.1	CAB12109.2
OG0000739	UDK99976.1	CAB12115.2, CAB15805.1
OG0000742	UDL00939.1	CAB12152.2, CAB16110.1
OG0000746	UDL00510.1	CAB12194.1, CAB15837.1
OG0000747	UDK99674.1	CAB12195.1
OG0000748	UDL02050.1	CAB12203.2
OG0000750	UDL02044.1	CAB12213.3
OG0000751	UDL00721.1	CAB12220.1
OG0000753	UDL01529.1	CAB12254.1
OG0000754	UDK99551.1	CAB12263.1
OG0000755	UDK99936.1	CAB12264.1
OG0000766	UDL01369.1	CAB12410.1
OG0000767	UDK99924.1	CAB12411.1
OG0000768	UDL01445.1	CAB12412.1
OG0000769	UDK99570.1	CAB12413.1
OG0000770	UDL01565.1	CAB12415.1
OG0000771	UDL00085.1	CAB12416.1
OG0000772	UDK99786.1	CAB12421.2
OG0000773	UDK99787.1	CAB12422.1
OG0000774	UDK99899.1	CAB12436.1
OG0000775	UDL00574.1	CAB15302.1, CAB12437.1
OG0000777	UDL00938.1	CAB12455.2
OG0000778	UDK99239.1	CAB12462.1
OG0000779	UDK99240.1	CAB12463.2
OG0000780	UDK99426.1	CAB12465.1
OG0000781	UDK99424.1	CAB12466.1
OG0000782	UDK99423.1	CAB12467.1
OG0000783	UDK99422.1	CAB12468.2
OG0000784	UDK99420.1	CAB12469.2
OG0000785	UDL00505.1	CAB12470.2
OG0000786	UDL01070.1	CAB12471.2
OG0000787	UDL00027.1	CAB12472.2
OG0000788	UDL02032.1	CAB12476.1, CAB13325.2
OG0000789	UDL00844.1	CAB12481.1
OG0000790	UDL01107.1	CAB12482.1
OG0000791	UDK99979.1	CAB12485.1
OG0000792	UDL00398.1	CAB12487.1
OG0000793	UDL00922.1	CAB12488.1
OG0000794	UDL01553.1	CAB12489.2
OG0000801	UDK99881.1	CAB12546.1
OG0000802	UDL01720.1	CAB12551.1
OG0000805	UDL01328.1	CAB12558.1
OG0000806	UDL01329.1	CAB12559.1
OG0000808	UDL01586.1	CAB12592.2
OG0000809	UDL00077.1	CAB12593.1
OG0000813	UDL00448.1	CAB12676.1
OG0000814	UDL00430.1	CAB12681.1
OG0000815	UDL01307.1	CAB12691.1
OG0000816	UDL00010.1	CAB12700.2
OG0000817	UDL01948.1	CAB12707.2
OG0000819	UDL01144.1	CAB12716.1
OG0000820	UDK99431.1	CAB12721.2
OG0000821	UDL01446.1	CAB13267.2, CAB12753.2
OG0000822	UDL00987.1	CAB12756.1
OG0000824	UDK99232.1	CAB12804.1
OG0000825	UDL00283.1	CAB12825.2
OG0000826	UDL00269.1	CAB12852.1
OG0000827	UDL00267.1	CAB12853.1
OG0000828	UDL00266.1	CAB12854.1
OG0000829	UDL00588.1	CAB12872.1
OG0000830	UDL01481.1	CAB12877.1
OG0000833	UDL02174.1	CAB12898.1, CAB14305.2
OG0000834	UDL00980.1	CAB12904.3
OG0000835	UDL00981.1	CAB12905.2
OG0000836	UDL01493.1, UDL01698.1	CAB12906.1
OG0000838	UDL00021.1	CAB12920.1
OG0000839	UDL01796.1	CAB12932.2, CAB13433.1
OG0000840	UDL01195.1	CAB12956.1
OG0000842	UDL00108.1	CAB12960.2
OG0000843	UDL00782.1	CAB12961.2
OG0000844	UDL01455.1	CAB12962.1
OG0000845	UDK99291.1	CAB12966.1
OG0000846	UDL00993.1	CAB12975.1
OG0000847	UDK99738.1	CAB12999.1
OG0000850	UDL00147.1	CAB13013.1
OG0000852	UDL01273.1	CAB13020.1
OG0000853	UDL01945.1	CAB13026.1
OG0000854	UDL01944.1	CAB13028.1
OG0000855	UDL01016.1	CAB13029.2
OG0000862	UDL00909.1	CAB13149.2
OG0000863	UDL01742.1	CAB13154.2, CAB13809.1
OG0000864	UDL00935.1	CAB13155.1
OG0000865	UDL02010.1	CAB13161.1
OG0000866	UDL01456.1	CAB13746.2, CAB13165.1
OG0000867	UDK99764.1	CAB13168.2
OG0000868	UDL00893.1	CAB13169.2
OG0000869	UDL00892.1	CAB13170.2
OG0000871	UDK99911.1	CAB13182.1
OG0000872	UDL00212.1	CAB13192.2, CAB14110.1
OG0000874	UDL00748.1	CAB13223.1, CAB15088.1
OG0000875	UDL01598.1	CAB13303.1
OG0000876	UDL02201.1	CAB13312.1
OG0000877	UDL02200.1	CAB13313.1
OG0000879	UDL00746.1	CAB15087.1, CAB13324.1
OG0000880	UDL00125.1	CAB13332.1
OG0000881	UDL00780.1	CAB13340.1
OG0000882	UDL00328.1	CAB13350.1
OG0000885	UDK99821.1	CAB13374.2
OG0000886	UDK99820.1	CAB13375.1
OG0000888	UDL00930.1	CAB13386.1
OG0000889	UDL01503.1	CAB13393.1
OG0000890	UDK99804.1	CAB13395.2
OG0000891	UDK99806.1	CAB13396.1
OG0000893	UDK99809.1	CAB13402.2
OG0000894	UDL01015.1	CAB13411.1
OG0000895	UDL00482.1	CAB13412.1
OG0000896	UDL00451.1	CAB13417.2
OG0000898	UDL01407.1	CAB13419.1
OG0000899	UDL00246.1	CAB13421.1
OG0000900	UDL00245.1	CAB13423.2
OG0000901	UDL00242.1	CAB13424.2
OG0000902	UDK99683.1	CAB13428.1
OG0000903	UDK99631.1	CAB13430.1
OG0000905	UDL01311.1	CAB13441.2
OG0000906	UDK99760.1	CAB13443.1
OG0000907	UDL01597.1	CAB13444.1
OG0000908	UDL01447.1	CAB13445.1
OG0000909	UDL01448.1	CAB13446.1
OG0000910	UDL01198.1	CAB13447.1
OG0000911	UDL00082.1	CAB13448.1
OG0000912	UDL01519.1	CAB13449.1
OG0000913	UDL00512.1	CAB13452.1
OG0000914	UDK99578.1	CAB13457.1
OG0000915	UDK99566.1	CAB13459.1
OG0000916	UDL00994.1	CAB13465.1
OG0000917	UDL01303.1	CAB13466.1
OG0000918	UDL00572.1	CAB13467.2
OG0000919	UDL01283.1	CAB13468.1
OG0000920	UDL00902.1	CAB13471.1
OG0000921	UDL00414.1	CAB13472.1
OG0000922	UDL01054.1	CAB13473.1
OG0000923	UDL01055.1	CAB13475.1
OG0000924	UDL01056.1	CAB13476.1
OG0000925	UDK99923.1	CAB13477.2
OG0000926	UDL01001.1	CAB13479.1
OG0000927	UDL00371.1	CAB13482.1
OG0000928	UDL00372.1	CAB13483.1
OG0000929	UDK99326.1	CAB13484.1
OG0000931	UDL00611.1	CAB13522.1
OG0000932	UDL00610.1	CAB13523.1
OG0000933	UDL00609.1	CAB13524.2
OG0000934	UDL00608.1	CAB13525.1
OG0000935	UDL00607.1	CAB13527.1
OG0000936	UDL00606.1	CAB13528.2
OG0000937	UDL00605.1	CAB13529.1
OG0000938	UDL00865.1	CAB13532.1
OG0000939	UDL00866.1	CAB13533.1
OG0000940	UDL00059.1	CAB13538.1
OG0000941	UDL00442.1	CAB13539.1
OG0000942	UDL00153.1	CAB13540.1
OG0000943	UDK99533.1	CAB13541.1
OG0000944	UDL01101.1	CAB13542.1
OG0000945	UDL01053.1	CAB13548.1
OG0000947	UDL01357.1	CAB13566.2
OG0000948	UDL01359.1	CAB13567.2
OG0000949	UDL00284.1	CAB13574.1
OG0000950	UDL00148.1	CAB13580.1
OG0000951	UDL00769.1	CAB13617.2
OG0000952	UDK99343.1	CAB13627.2
OG0000953	UDK99635.1	CAB13630.1
OG0000956	UDL01279.1	CAB13673.1
OG0000957	UDL00420.1	CAB13677.1
OG0000958	UDL00798.1	CAB13684.1
OG0000959	UDL01065.1, UDK99956.1	CAB13690.1
OG0000961	UDL00285.1	CAB13705.1
OG0000963	UDL01977.1, UDL01763.1	CAB13711.1
OG0000964	UDK99376.1	CAB13718.1
OG0000965	UDL00620.1	CAB15627.1, CAB13724.1
OG0000967	UDL01991.1	CAB13754.2
OG0000972	UDL02278.1	CAB13775.1, CAB15536.1
OG0000974	UDL02036.1	CAB13794.2
OG0000977	UDK99483.1	CAB13829.3
OG0000979	UDK99315.1	CAB13836.1
OG0000982	UDL00644.1	CAB13850.1, CAB15541.1
OG0000983	UDK99686.1	CAB13851.1
OG0000984	UDL00493.1	CAB14086.1
OG0000985	UDL00915.1	CAB14087.1
OG0000986	UDL00943.1	CAB14097.1
OG0000987	UDL01623.1	CAB14099.1
OG0000988	UDL01621.1	CAB14100.1
OG0000989	UDL00268.1	CAB14105.2
OG0000990	UDK99276.1	CAB14139.1
OG0000991	UDK99485.1	CAB14150.1
OG0000992	UDK99889.1	CAB14157.1
OG0000993	UDL01689.1	CAB14158.1
OG0000994	UDL01606.1	CAB14159.1
OG0000995	UDL01360.1	CAB14160.1
OG0000996	UDL00323.1	CAB14161.1
OG0000997	UDL00231.1	CAB14176.1
OG0000998	UDL00258.1	CAB14177.1
OG0000999	UDL00088.1	CAB14179.1
OG0001000	UDL00087.1	CAB14180.2
OG0001001	UDK99328.1	CAB14181.3
OG0001002	UDL00840.1	CAB14183.2
OG0001003	UDK99945.1	CAB14186.1
OG0001004	UDK99943.1	CAB14187.3
OG0001005	UDL01506.1	CAB14189.1
OG0001006	UDL01679.1	CAB14190.1
OG0001007	UDK99252.1	CAB14194.1
OG0001008	UDL01330.1	CAB14200.1
OG0001009	UDL00222.1	CAB14203.2
OG0001010	UDL01031.1	CAB14204.1
OG0001011	UDL01542.1	CAB14205.1
OG0001012	UDL00411.1	CAB14239.2
OG0001013	UDL00926.1	CAB14253.1
OG0001014	UDK99357.1	CAB14257.1
OG0001015	UDK99356.1	CAB14258.1
OG0001016	UDK99355.1	CAB14259.1
OG0001017	UDK99354.1	CAB14260.1
OG0001018	UDL00024.1	CAB14284.2
OG0001019	UDL00152.1	CAB14293.1
OG0001020	UDK99790.1	CAB15804.1, CAB14313.2
OG0001021	UDL01221.1	CAB14314.1
OG0001022	UDL00435.1	CAB14323.2
OG0001023	UDL01066.1	CAB14324.2
OG0001024	UDK99358.1	CAB14339.1
OG0001026	UDL00203.1	CAB14347.2
OG0001027	UDL00578.1	CAB14355.2
OG0001028	UDK99910.1	CAB14356.1
OG0001029	UDL00576.1	CAB14358.1
OG0001030	UDL01105.1	CAB14363.2
OG0001031	UDK99325.1	CAB14376.2
OG0001032	UDK99946.1	CAB14378.1
OG0001033	UDL00877.1	CAB14386.1
OG0001035	UDL01555.1	CAB14410.1
OG0001036	UDL00881.1	CAB14420.1
OG0001037	UDL01933.1	CAB14426.1
OG0001038	UDL01932.1	CAB14427.2
OG0001039	UDL01931.1	CAB14428.2
OG0001040	UDL01930.1	CAB14429.1
OG0001041	UDK99574.1	CAB14437.1
OG0001042	UDL01194.1	CAB14446.2
OG0001043	UDK99318.1	CAB14447.1
OG0001044	UDK99781.1	CAB14451.2
OG0001045	UDK99982.1	CAB14457.2
OG0001046	UDK99824.1	CAB14458.1
OG0001047	UDL01208.1	CAB14459.1
OG0001048	UDL01128.1	CAB14461.2
OG0001049	UDL01035.1	CAB14476.2
OG0001050	UDL00617.1	CAB14486.1
OG0001051	UDL00749.1, UDL00618.1	CAB14487.2
OG0001052	UDK99334.1	CAB14489.1
OG0001053	UDK99333.1	CAB14490.1
OG0001054	UDL00279.1	CAB14493.1
OG0001055	UDL00429.1	CAB14497.2
OG0001056	UDL00920.1	CAB14499.1
OG0001057	UDL00921.1	CAB14501.1
OG0001058	UDL01570.1	CAB14504.1
OG0001059	UDL00683.1	CAB14514.1
OG0001060	UDL02115.1	CAB14519.1
OG0001061	UDL01276.1	CAB14585.1, CAB16034.2
OG0001063	UDL01339.1	CAB14626.2
OG0001065	UDL01785.1	CAB14638.2
OG0001067	UDL01715.1, UDL00555.1	CAB14669.1
OG0001068	UDL01753.1	CAB14676.1, CAB14677.1
OG0001070	UDL01550.1	CAB14679.1
OG0001071	UDL01322.1	CAB14682.1
OG0001072	UDL00834.1	CAB14691.3
OG0001073	UDL01130.1	CAB14694.2
OG0001074	UDL00958.1	CAB14695.1
OG0001075	UDL00461.1	CAB14714.1
OG0001076	UDL00463.1	CAB14715.1
OG0001077	UDL00904.1	CAB14719.2
OG0001078	UDL00889.1	CAB14724.2
OG0001079	UDL01778.1	CAB14731.1
OG0001080	UDK99776.1	CAB14733.2
OG0001081	UDL00397.1	CAB14734.1
OG0001082	UDL01546.1	CAB14742.1
OG0001083	UDL00281.1	CAB14750.1
OG0001084	UDK99295.1	CAB14752.1
OG0001085	UDK99296.1	CAB14754.1
OG0001086	UDK99297.1	CAB14756.1
OG0001087	UDL00336.1	CAB14765.1
OG0001088	UDK99349.1	CAB14769.2
OG0001089	UDL01190.1	CAB14773.1
OG0001090	UDL01370.1	CAB14775.1
OG0001091	UDL01773.1	CAB14777.1
OG0001092	UDL01021.1	CAB14782.2
OG0001093	UDL01000.1	CAB14783.1
OG0001094	UDL00847.1	CAB14786.1
OG0001095	UDL00583.1, UDL00362.1	CAB14788.1
OG0001096	UDL00616.1	CAB14789.1
OG0001097	UDL00614.1	CAB14791.1
OG0001098	UDK99379.1	CAB14796.1
OG0001099	UDL00676.1	CAB14797.1
OG0001100	UDL01320.1	CAB14802.1
OG0001101	UDL00096.1	CAB14803.1
OG0001102	UDL00468.1	CAB14809.2
OG0001103	UDL00090.1	CAB14810.1
OG0001104	UDL00115.1	CAB14812.1
OG0001105	UDL00116.1	CAB14813.1
OG0001106	UDK99651.1	CAB14819.1
OG0001107	UDL01373.1	CAB14824.1
OG0001108	UDL00159.1	CAB14825.1
OG0001109	UDK99843.1	CAB14830.1
OG0001110	UDK99429.1	CAB14842.1, CAB14964.1
OG0001111	UDL01049.1	CAB14845.1
OG0001112	UDL01050.1	CAB14846.1
OG0001113	UDL01123.1	CAB14847.1
OG0001114	UDK99298.1	CAB14860.1
OG0001117	UDL00952.1	CAB14866.1
OG0001118	UDK99675.1	CAB14868.2
OG0001119	UDK99925.1	CAB14874.1
OG0001120	UDL01626.1	CAB14878.1
OG0001121	UDK99813.1	CAB14879.1
OG0001122	UDK99689.1	CAB14883.1
OG0001123	UDK99850.1	CAB14904.1
OG0001124	UDK99846.1	CAB14905.1
OG0001125	UDL00412.1	CAB14924.1
OG0001126	UDL01593.1	CAB14925.1
OG0001127	UDL01161.1	CAB14944.1
OG0001128	UDK99996.1	CAB14949.1
OG0001129	UDK99805.1	CAB14957.1
OG0001130	UDL00759.1	CAB14968.1
OG0001132	UDL01204.1	CAB15010.1
OG0001133	UDL00427.1	CAB15013.1
OG0001138	UDK99818.1	CAB15033.1
OG0001139	UDL01285.1	CAB15288.1, CAB15043.1
OG0001140	UDL01180.1	CAB15046.1
OG0001142	UDL01305.1	CAB15052.1
OG0001143	UDL01306.1	CAB15054.1
OG0001144	UDL01225.1	CAB15072.1
OG0001145	UDL00914.1	CAB15076.1
OG0001147	UDK99638.1	CAB15093.1
OG0001148	UDL00819.1	CAB15124.2
OG0001149	UDL00037.1	CAB15149.2
OG0001150	UDL00039.1	CAB15151.2
OG0001151	UDL00040.1	CAB15152.3
OG0001152	UDL00043.1	CAB15154.1
OG0001153	UDL02034.1	CAB15163.1
OG0001154	UDL00955.1	CAB15181.1
OG0001156	UDK99888.1	CAB15195.1
OG0001157	UDK99624.1	CAB15206.1
OG0001159	UDL01409.1	CAB15214.1
OG0001160	UDL00401.1	CAB15216.1
OG0001161	UDK99933.1	CAB15223.2
OG0001162	UDL00287.1	CAB15231.1
OG0001164	UDL00296.1	CAB15236.2
OG0001165	UDL01784.1	CAB15240.2
OG0001166	UDL01904.1	CAB15241.1
OG0001167	UDL01141.1	CAB15256.1
OG0001168	UDL01142.1	CAB15260.1
OG0001169	UDL00471.1	CAB15263.1
OG0001170	UDL00470.1	CAB15264.1
OG0001171	UDL00879.1	CAB15269.1
OG0001172	UDL02012.1	CAB15277.1
OG0001173	UDL01617.1	CAB15294.1
OG0001174	UDL00651.1	CAB15298.1
OG0001175	UDL00723.1	CAB15305.2
OG0001177	UDK99474.1	CAB15310.1
OG0001178	UDL01941.1	CAB15344.3
OG0001179	UDL01793.1	CAB15348.1
OG0001180	UDL01387.1	CAB15351.1
OG0001181	UDL01464.1	CAB15355.2
OG0001182	UDL01463.1	CAB15356.1
OG0001183	UDL00569.1	CAB15365.1
OG0001185	UDL01363.1	CAB15390.1
OG0001186	UDK99855.1	CAB15394.1
OG0001187	UDL01627.1	CAB15395.1
OG0001188	UDL00454.1	CAB15397.1
OG0001189	UDL00457.1	CAB15398.1
OG0001190	UDL00458.1	CAB15399.1
OG0001191	UDL00970.1	CAB15408.1
OG0001192	UDL00969.1	CAB15409.1
OG0001193	UDL00968.1	CAB15410.1
OG0001194	UDL01788.1	CAB15413.1
OG0001195	UDL01787.1	CAB15414.1
OG0001196	UDK99742.1	CAB15465.1, CAB15420.1
OG0001198	UDL01020.1	CAB15459.1
OG0001200	UDL00541.1	CAB15481.2
OG0001201	UDL00540.1	CAB15482.1
OG0001202	UDL01030.1	CAB15484.1
OG0001203	UDK99904.1	CAB15491.1
OG0001204	UDK99903.1	CAB15492.1
OG0001205	UDL01502.1	CAB15493.1
OG0001206	UDK99612.1	CAB15494.1
OG0001207	UDK99610.1	CAB15495.1
OG0001208	UDL01172.1	CAB15496.1
OG0001209	UDL00551.1	CAB15497.1
OG0001211	UDK99970.1	CAB15504.1
OG0001212	UDL02197.1	CAB15505.1
OG0001213	UDL00843.1	CAB15533.1
OG0001214	UDL01297.1	CAB15534.1
OG0001215	UDL00513.1	CAB15537.1
OG0001217	UDL01709.1	CAB15542.1
OG0001218	UDL01710.1	CAB15543.1
OG0001219	UDK99373.1	CAB15546.1
OG0001220	UDL00218.1	CAB15548.1
OG0001221	UDL00502.1	CAB15562.2
OG0001222	UDL01232.1	CAB15568.1
OG0001223	UDL00654.1	CAB15570.1
OG0001224	UDL00729.1	CAB15592.1
OG0001225	UDL01574.1	CAB15625.1
OG0001226	UDL01431.1	CAB15630.1, CAB15629.1
OG0001228	UDL01203.1, UDL01143.1	CAB15639.1
OG0001229	UDL01438.1	CAB15653.1
OG0001230	UDL01680.1	CAB15666.2
OG0001231	UDL01664.1	CAB15669.1
OG0001232	UDL02066.1	CAB15681.1
OG0001233	UDK99463.1	CAB15687.1
OG0001236	UDL00121.1	CAB15718.1
OG0001237	UDK99988.1	CAB15724.1
OG0001238	UDL00453.1	CAB15725.2
OG0001239	UDL01058.1	CAB15726.1
OG0001240	UDL00452.1	CAB15728.3
OG0001241	UDL00663.1	CAB15743.1
OG0001242	UDL01562.1	CAB15746.1
OG0001243	UDK99959.1	CAB15750.1
OG0001244	UDL01563.1	CAB15761.1
OG0001245	UDL01922.1	CAB15776.1
OG0001246	UDL00191.1	CAB15777.1
OG0001247	UDL00129.1	CAB15780.1
OG0001248	UDL02009.1	CAB15785.1
OG0001250	UDL00582.1	CAB15794.1
OG0001252	UDL01821.1	CAB15809.1
OG0001253	UDL01822.1	CAB15810.1
OG0001255	UDK99861.1	CAB15823.1
OG0001256	UDL01408.1	CAB15844.2
OG0001257	UDK99661.1	CAB15850.2
OG0001258	UDK99833.1	CAB15851.1
OG0001259	UDL02074.1	CAB15873.1
OG0001261	UDL00623.1	CAB15898.1
OG0001262	UDL02023.1	CAB15931.2
OG0001263	UDL01920.1	CAB15971.1
OG0001264	UDL01924.1	CAB15972.1
OG0001265	UDL01921.1	CAB15973.1
OG0001266	UDK99628.1	CAB15976.2
OG0001267	UDL00335.1	CAB15978.2
OG0001268	UDL00988.1	CAB15979.1
OG0001269	UDK99251.1	CAB16079.1
OG0001270	UDK99730.1	CAB16081.2
OG0001271	UDK99456.1	CAB16085.1
OG0001272	UDK99311.1	CAB16087.1
OG0001273	UDL01647.1	CAB16103.1
OG0001274	UDL01374.1	CAB16111.1
OG0001275	UDK99309.1	CAB16128.1
OG0001276	UDL00499.1	CAB16129.1
OG0001277	UDK99228.1	CAB16133.1
OG0001278	UDK99230.1	CAB16137.1
OG0001279	UDK99444.1	CAB16140.1
OG0001280	UDL01182.1	CAB16143.1
OG0001284	UDL01465.1	CAX52584.1
OG0001445	UDK99494.1	CAB11790.1
OG0001446	UDK99495.1	CAB11791.1
OG0001448	UDL00530.1	CAB11805.1
OG0001450	UDL01517.1	CAB11808.1
OG0001452	UDL00829.1	CAB11839.1
OG0001454	UDL00132.1	CAB11847.1
OG0001456	UDL00254.1	CAB11865.1
OG0001460	UDK99223.1	CAB11951.2
OG0001473	UDK99672.1	CAB12059.1
OG0001475	UDL01677.1	CAB12070.1
OG0001481	UDL00526.1	CAB12108.2
OG0001490	UDL01594.1	CAB12157.1
OG0001491	UDK99526.1	CAB12158.1
OG0001503	UDL02162.1	CAB12275.1
OG0001504	UDL02163.1	CAB12276.1
OG0001523	UDL00716.1	CAB12352.1
OG0001534	UDL02266.1	CAB12429.1
OG0001535	UDL00971.1	CAB12441.1
OG0001540	UDK99908.1	CAB12491.2
OG0001546	UDL00050.1	CAB12539.1
OG0001551	UDL02246.1	CAB12579.1
OG0001554	UDL00813.1	CAB12613.1
OG0001556	UDK99562.1	CAB12621.1
OG0001562	UDL00837.1	CAB12653.2
OG0001566	UDL00005.1	CAB12668.1
OG0001572	UDL00562.1	CAB12719.2
OG0001575	UDL01983.1	CAB12730.1
OG0001587	UDL00092.1	CAB12860.1
OG0001588	UDK99831.1	CAB12862.1
OG0001592	UDL00977.1	CAB12871.1
OG0001595	UDL02173.1	CAB12899.1
OG0001598	UDL00511.1	CAB12934.1
OG0001607	UDL00713.1	CAB13011.2
OG0001621	UDK99874.1	CAB13084.1
OG0001622	UDK99267.1	CAB13098.1
OG0001642	UDL00074.1	CAB13142.1
OG0001652	UDL01852.1	CAB13258.1
OG0001656	UDK99823.1	CAB13299.1
OG0001657	UDL01093.1	CAB13306.1
OG0001659	UDL01219.1	CAB13318.1
OG0001662	UDL01780.1	CAB13360.1
OG0001666	UDL00731.1	CAB13385.2
OG0001669	UDK99808.1	CAB13401.2
OG0001674	UDK99739.1	CAB13438.1
OG0001677	UDK99577.1	CAB13456.1
OG0001678	UDK99679.1	CAB13458.1
OG0001679	UDL01741.1	CAB13462.1
OG0001682	UDK99409.1	CAB13486.1
OG0001684	UDL02134.1	CAB13516.2
OG0001686	UDL01473.1	CAB13569.1
OG0001687	UDL00404.1	CAB13570.2
OG0001688	UDL00743.1	CAB13571.1
OG0001689	UDL00179.1	CAB13577.2
OG0001690	UDL00773.1	CAB13578.1
OG0001699	UDL00060.1	CAB13687.1
OG0001700	UDK99736.1	CAB13691.1
OG0001705	UDL00568.1	CAB13743.1
OG0001710	UDL01607.1	CAB13806.1
OG0001713	UDL01196.1	CAB13854.1
OG0001715	UDL01807.1	CAB13860.1
OG0001718	UDK99779.1	CAB14081.1
OG0001725	UDL00821.1	CAB14121.1
OG0001726	UDL01127.1	CAB14122.1
OG0001727	UDL00704.1	CAB14124.1
OG0001728	UDL01439.1	CAB14125.1
OG0001730	UDL00392.1	CAB14152.1
OG0001731	UDL01384.1	CAB14163.2
OG0001733	UDK99626.1	CAB14210.1
OG0001734	UDL01613.1	CAB14211.2
OG0001739	UDL01167.1	CAB14282.2
OG0001741	UDL01535.1	CAB14299.1
OG0001744	UDK99467.1	CAB14316.1
OG0001747	UDL00168.1	CAB14329.1
OG0001748	UDK99246.1	CAB14335.1
OG0001749	UDL00256.1	CAB14338.2
OG0001754	UDK99324.1	CAB14366.1
OG0001757	UDL00928.1	CAB14403.1
OG0001758	UDL01738.1	CAB14404.1
OG0001760	UDL00805.1	CAB14453.1
OG0001761	UDL01129.1	CAB14460.2
OG0001764	UDL01779.1	CAB14505.1
OG0001766	UDL01014.1	CAB14510.1
OG0001770	UDL00119.1	CAB14578.1
OG0001779	UDK99221.1	CAB14653.1
OG0001782	UDK99359.1	CAB14675.1
OG0001785	UDL00047.1	CAB14718.2
OG0001786	UDL00262.1	CAB14721.1
OG0001788	UDL00667.1	CAB14732.1
OG0001792	UDK99920.1	CAB14759.1
OG0001793	UDL01103.1	CAB14767.2
OG0001797	UDL01024.1	CAB14818.1
OG0001798	UDL00807.1	CAB14829.1
OG0001806	UDL00634.1	CAB14873.1
OG0001808	UDL00341.1	CAB14880.1
OG0001812	UDK99222.1	CAB14901.2
OG0001813	UDL01131.1	CAB14931.1
OG0001815	UDK99654.1	CAB14940.1
OG0001816	UDL00146.1	CAB14953.1
OG0001817	UDL00898.1	CAB14954.1
OG0001819	UDL00476.1	CAB14988.1
OG0001826	UDL00122.1	CAB15034.2
OG0001828	UDL01406.1	CAB15045.1
OG0001834	UDK99773.1	CAB15073.1
OG0001835	UDK99330.1	CAB15078.1
OG0001843	UDL01587.1	CAB15106.2
OG0001844	UDK99394.1	CAB15120.1
OG0001846	UDL01108.1	CAB15143.2
OG0001848	UDL00038.1	CAB15150.1
OG0001849	UDL00042.1	CAB15153.2
OG0001854	UDL01104.1	CAB15196.1
OG0001855	UDL00762.1	CAB15204.2
OG0001858	UDL00464.1	CAB15242.1
OG0001859	UDL00288.1	CAB15243.1
OG0001860	UDL00687.1	CAB15244.1
OG0001862	UDL01487.1	CAB15273.2
OG0001866	UDK99922.1	CAB15352.1
OG0001867	UDK99544.1	CAB15366.1
OG0001869	UDL00967.1	CAB15424.1
OG0001872	UDL00277.1	CAB15467.1
OG0001874	UDL00550.1	CAB15498.1
OG0001878	UDL02110.1	CAB15571.1
OG0001879	UDL00653.1	CAB15583.1
OG0001881	UDL01804.1	CAB15605.1
OG0001885	UDL00210.1	CAB15654.2
OG0001897	UDL01032.1	CAB15723.1
OG0001898	UDL00886.1	CAB15748.1
OG0001901	UDL00929.1	CAB15819.2
OG0001904	UDK99660.1	CAB15849.1
OG0001909	UDL01558.1	CAB15861.1
OG0001910	UDK99263.1	CAB15862.1
OG0001914	UDL01112.1	CAB15888.1
OG0001923	UDL00447.1	CAB15991.1
OG0001933	UDK99796.1	CAB16060.1
OG0001935	UDL01568.1	CAB16092.1
OG0001939	UDL01420.1	CAB16112.1
OG0001942	UDK99243.1	CAB16138.1
OG0001943	UDL00158.1	CAB16139.1
OG0001946	UDL01823.1	CAE01469.1
OG0001951	UDL01345.1	CAX52631.1
OG0001953	UDL00554.1	CAX52713.1
