Orthogroup	Rhodococcus_erythropolis_aa	Deinococcus_radiodurans_aa
OG0000003	ALU71496.1	UDL00643.1
OG0000003	ALU69713.1, ALU68048.1, ALU69753.1	UDL01313.1
OG0000003	ALU72626.1	UDL00011.1
OG0000005	ALU69678.1, ALU72813.1	UDL00019.1
OG0000005	ALU69649.1	UDL01758.1
OG0000005	ALU71944.1	UDL01691.1
OG0000005	ALU72876.1, ALU72847.1	UDK99912.1
OG0000006	ALU73583.1, ALU68954.1, ALU69347.1, ALU73437.1, ALU71855.1, ALU73425.1, ALU71126.1, ALU73077.1	UDL01507.1
OG0000007	ALU71610.1, ALU72825.1, ALU72850.1, ALU67788.1, ALU71611.1, ALU72838.1, ALU68508.1, ALU71341.1	UDL02249.1
OG0000008	ALU71603.1, ALU72124.1, ALU72893.1, ALU71012.1, ALU71440.1, ALU73318.1, ALU68749.1, ALU69911.1, ALU69012.1, ALU69031.1, ALU69301.1, ALU68689.1, ALU71546.1, ALU73132.1	UDL01516.1
OG0000013	ALU71991.1	UDL02088.1, UDL00990.1
OG0000015	ALU67854.1	UDL01775.1, UDL00718.1
OG0000015	ALU68019.1	UDK99753.1
OG0000016	ALU73629.1	UDK99957.1
OG0000016	ALU69351.1	UDL01734.1
OG0000017	ALU72756.1, ALU70818.1, ALU67851.1, ALU72212.1, ALU70624.1, ALU71412.1, ALU72047.1	UDL00494.1, UDL02250.1, UDL00497.1, UDL01415.1, UDK99285.1
OG0000018	ALU68359.1, ALU69332.1, ALU69539.1, ALU68347.1, ALU73672.1, ALU68346.1, ALU73671.1, ALU73008.1, ALU73007.1, ALU71673.1, ALU70156.1	UDL01227.1
OG0000019	ALU72265.1, ALU68644.1, ALU69339.1, ALU73607.1, ALU69113.1, ALU70657.1, ALU70293.1, ALU72478.1, ALU71916.1, ALU68611.1, ALU68974.1	UDL00991.1
OG0000024	ALU71290.1	UDL01299.1
OG0000024	ALU69819.1	UDK99745.1, UDL01185.1, UDL00169.1
OG0000025	ALU72794.1, ALU71948.1, ALU67815.1, ALU71949.1, ALU68123.1, ALU68827.1	UDK99758.1
OG0000026	ALU71856.1, ALU71859.1, ALU72920.1, ALU67971.1, ALU72919.1, ALU69497.1, ALU72918.1, ALU71851.1	UDK99963.1
OG0000027	ALU70733.1, ALU72937.1, ALU72364.1, ALU73014.1, ALU72730.1, ALU70726.1, ALU73398.1	UDL01538.1
OG0000028	ALU73194.1, ALU67985.1, ALU68921.1, ALU71365.1, ALU70048.1, ALU73536.1, ALU68648.1, ALU73526.1, ALU68548.1, ALU69343.1, ALU68521.1	UDK99338.1
OG0000030	ALU71025.1, ALU68686.1, ALU69237.1, ALU68977.1, ALU68135.1, ALU72241.1, ALU68617.1, ALU68973.1, ALU71144.1, ALU71139.1, ALU70299.1	UDL01179.1
OG0000033	ALU73163.1, ALU73435.1	UDL00213.1, UDL00691.1, UDL01697.1, UDL00349.1
OG0000034	ALU68547.1	UDL01018.1
OG0000035	ALU71608.1	UDL01178.1
OG0000035	ALU68021.1, ALU72982.1	UDL01639.1
OG0000037	ALU71078.1, ALU68370.1	UDL01116.1, UDL01005.1, UDL00816.1, UDL00182.1, UDK99563.1, UDL01619.1, UDL00912.1
OG0000040	ALU68230.1, ALU73602.1, ALU70016.1	UDK99380.1
OG0000041	ALU68737.1, ALU68804.1, ALU72798.1, ALU68630.1, ALU71706.1, ALU68244.1, ALU72925.1	UDL00966.1
OG0000042	ALU71602.1, ALU72452.1	UDK99242.1
OG0000042	ALU72167.1	UDL01425.1
OG0000045	ALU70086.1, ALU71766.1, ALU72742.1	UDL02179.1, UDK99658.1, UDK99669.1
OG0000046	ALU69677.1, ALU70555.1, ALU70554.1, ALU69446.1	UDL00825.1, UDL00444.1
OG0000048	ALU69333.1, ALU68360.1	UDL00738.1, UDL00400.1
OG0000049	ALU70995.1, ALU70996.1	UDL01207.1, UDL02253.1, UDL02252.1
OG0000051	ALU68187.1, ALU70568.1, ALU68186.1, ALU70445.1, ALU71937.1	UDL01630.1, UDL01523.1, UDL00917.1, UDL00367.1
OG0000052	ALU67875.1, ALU71045.1	UDL01686.1
OG0000052	ALU68756.1, ALU72132.1	UDL02016.1
OG0000053	ALU68350.1, ALU71253.1, ALU72981.1, ALU72734.1	UDL00466.1
OG0000053	ALU68934.1	UDL00445.1
OG0000054	ALU70700.1, ALU72776.1, ALU72971.1, ALU72315.1, ALU73564.1, ALU67849.1, ALU68500.1	UDL01395.1
OG0000055	ALU70557.1	UDK99884.1
OG0000055	ALU72551.1	UDL00025.1
OG0000057	ALU70410.1, ALU68987.1, ALU71621.1, ALU73010.1, ALU72714.1, ALU69845.1, ALU69609.1, ALU69312.1, ALU69310.1	UDK99906.1
OG0000058	ALU70972.1, ALU67711.1, ALU68732.1, ALU69725.1, ALU69726.1, ALU68672.1, ALU67904.1, ALU68855.1, ALU69656.1	UDL01505.1
OG0000064	ALU70189.1, ALU71866.1	UDL01981.1
OG0000065	ALU68705.1, ALU71511.1	UDL00440.1, UDL00533.1, UDL00814.1
OG0000067	ALU71720.1, ALU70920.1	UDL00477.1
OG0000067	ALU69203.1	UDL01262.1, UDL00652.1
OG0000068	ALU70160.1, ALU69623.1, ALU68112.1, ALU69578.1, ALU71340.1, ALU69568.1	UDL00443.1
OG0000069	ALU73006.1, ALU71672.1, ALU70155.1, ALU69538.1, ALU69334.1, ALU68345.1, ALU73670.1	UDL01228.1
OG0000070	ALU73064.1	UDL01986.1
OG0000072	ALU70208.1, ALU70051.1, ALU72967.1, ALU69533.1, ALU71710.1, ALU69873.1	UDL02056.1
OG0000073	ALU69402.1, ALU73162.1, ALU71764.1, ALU68041.1	UDL01571.1, UDL00587.1
OG0000074	ALU69983.1	UDK99457.1
OG0000074	ALU72962.1	UDK99951.1, UDK99950.1, UDK99303.1, UDK99731.1, UDL00033.1, UDL00120.1
OG0000081	ALU70000.1, ALU71147.1, ALU72391.1, ALU70055.1	UDL00156.1
OG0000082	ALU73441.1, ALU70924.1, ALU72607.1	UDK99968.1
OG0000083	ALU71274.1	UDL02203.1
OG0000085	ALU67735.1, ALU69826.1, ALU68936.1, ALU72598.1	UDL00061.1
OG0000086	ALU67902.1, ALU72053.1, ALU70459.1, ALU72889.1, ALU72788.1, ALU71915.1	UDK99316.1
OG0000087	ALU69634.1	UDK99659.1
OG0000087	ALU71026.1	UDL00720.1
OG0000088	ALU70973.1, ALU71249.1	UDL01028.1, UDL01990.1
OG0000089	ALU72843.1, ALU69519.1	UDL01662.1
OG0000090	ALU73418.1, ALU68442.1	UDL00789.1, UDK99531.1
OG0000091	ALU68760.1, ALU73375.1, ALU72747.1	UDK99286.1
OG0000093	ALU73514.1, ALU68155.1	UDL01978.1, UDL00102.1
OG0000094	ALU70018.1, ALU69788.1	UDL00831.1, UDL00131.1
OG0000095	ALU67893.1, ALU68671.1, ALU68087.1, ALU69905.1, ALU69904.1	UDL01321.1, UDK99650.1
OG0000096	ALU72206.1	UDK99389.1, UDK99537.1
OG0000097	ALU72741.1, ALU71767.1, ALU70085.1, ALU73052.1	UDK99657.1
OG0000098	ALU69270.1, ALU71363.1, ALU73463.1, ALU71920.1, ALU72474.1, ALU70658.1	UDK99891.1
OG0000099	ALU70791.1	UDL02054.1
OG0000100	ALU72768.1, ALU68792.1, ALU72262.1, ALU69707.1, ALU72916.1, ALU70563.1	UDL01318.1
OG0000101	ALU72678.1, ALU69950.1, ALU72795.1	UDK99451.1, UDL00055.1
OG0000102	ALU69773.1, ALU70723.1, ALU72771.1, ALU73519.1, ALU67727.1, ALU73325.1	UDL01902.1
OG0000103	ALU70043.1, ALU69291.1, ALU69289.1	UDL01911.1
OG0000104	ALU69739.1, ALU69738.1, ALU70159.1, ALU68537.1, ALU67769.1	UDL01616.1, UDK99600.1
OG0000105	ALU69034.1, ALU70385.1, ALU72926.1, ALU72946.1, ALU73319.1, ALU73131.1, ALU68426.1	UDL01544.1
OG0000111	ALU73135.1, ALU68935.1, ALU72194.1, ALU69471.1, ALU72481.1	UDL00184.1
OG0000112	ALU67684.1, ALU70773.1	UDL01696.1
OG0000114	ALU67725.1, ALU70093.1, ALU69176.1	UDL01284.1
OG0000116	ALU67760.1, ALU73245.1, ALU72695.1, ALU70489.1, ALU68577.1	UDK99829.1
OG0000119	ALU70435.1, ALU70708.1	UDL01850.1
OG0000119	ALU70621.1	UDL00700.1
OG0000120	ALU69190.1, ALU68940.1, ALU68866.1	UDL00294.1
OG0000121	ALU72803.1, ALU72421.1	UDK99725.1
OG0000122	ALU68260.1	UDK99294.1, UDK99248.1
OG0000123	ALU70312.1	UDL02096.1
OG0000124	ALU68151.1, ALU72435.1, ALU70640.1	UDL02170.1, UDL02219.1, UDK99785.1
OG0000125	ALU68375.1, ALU68316.1	UDL01653.1
OG0000126	ALU72219.1, ALU70216.1, ALU68096.1, ALU70396.1	UDL01794.1
OG0000127	ALU70374.1	UDL00647.1, UDK99274.1, UDL00964.1, UDL01034.1
OG0000128	ALU68153.1, ALU73512.1, ALU67724.1	UDL00658.1
OG0000129	ALU69742.1, ALU68654.1, ALU70981.1	UDL00095.1
OG0000131	ALU72880.1	UDL00149.1, UDL00150.1
OG0000132	ALU73505.1, ALU68404.1, ALU72587.1, ALU72517.1	UDL00080.1
OG0000133	ALU70588.1, ALU69425.1	UDL01504.1
OG0000134	ALU67888.1, ALU68953.1, ALU70879.1, ALU70004.1	UDL01265.1
OG0000135	ALU72454.1, ALU70794.1, ALU70515.1, ALU68806.1, ALU69827.1	UDK99269.1
OG0000137	ALU69098.1, ALU72630.1, ALU71257.1, ALU70074.1, ALU68193.1	UDL00808.1
OG0000138	ALU69465.1, ALU72645.1, ALU72359.1, ALU69272.1, ALU68632.1	UDL01540.1
OG0000139	ALU72845.1, ALU69229.1, ALU69107.1, ALU72846.1	UDK99365.1
OG0000140	ALU69658.1, ALU68158.1, ALU68543.1	UDL02243.1, UDK99827.1, UDL01414.1
OG0000141	ALU72543.1, ALU72554.1, ALU73213.1, ALU73214.1	UDL01813.1
OG0000142	ALU72189.1, ALU73060.1, ALU72035.1, ALU69583.1, ALU68586.1	UDL01338.1
OG0000143	ALU71823.1, ALU72944.1, ALU68947.1, ALU72671.1, ALU72041.1	UDL01847.1
OG0000145	ALU72515.1, ALU69699.1, ALU70769.1, ALU72313.1	UDK99477.1, UDL01156.1, UDL00178.1
OG0000146	ALU70500.1, ALU69442.1, ALU72279.1, ALU67710.1, ALU68763.1, ALU71675.1	UDK99978.1
OG0000147	ALU73399.1, ALU73453.1, ALU73031.1, ALU72104.1, ALU70326.1, ALU71435.1	UDL00138.1
OG0000148	ALU69070.1, ALU69477.1, ALU73075.1, ALU69426.1, ALU69124.1, ALU68574.1	UDL00217.1
OG0000149	ALU73443.1, ALU73423.1, ALU73560.1, ALU73409.1, ALU73481.1, ALU73743.1	UDL02156.1
OG0000156	ALU67672.1	UDL00170.1
OG0000157	ALU68995.1, ALU71694.1	UDK99614.1
OG0000158	ALU68053.1	UDL01120.1
OG0000159	ALU70319.1	UDL00490.1
OG0000160	ALU71427.1	UDL01791.1
OG0000162	ALU71325.1	UDL00597.1
OG0000164	ALU67716.1, ALU68366.1	UDL00004.1
OG0000165	ALU70775.1	UDL00854.1, UDL00754.1
OG0000166	ALU68387.1	UDL02108.1
OG0000168	ALU72325.1, ALU68858.1, ALU72407.1	UDL01897.1
OG0000169	ALU69292.1	UDL01017.1
OG0000172	ALU69419.1, ALU69567.1, ALU70311.1	UDK99455.1, UDL02013.1
OG0000175	ALU69344.1	UDL01731.1, UDL00113.1
OG0000176	ALU70210.1, ALU70298.1, ALU73396.1, ALU71436.1	UDL01547.1
OG0000177	ALU73115.1, ALU72840.1, ALU72864.1, ALU71185.1	UDL00707.1
OG0000178	ALU68154.1, ALU73513.1	UDL00659.1
OG0000179	ALU71432.1, ALU72415.1	UDL01026.1
OG0000181	ALU72651.1, ALU71609.1, ALU69638.1	UDL01610.1
OG0000182	ALU70469.1	UDL00997.1
OG0000183	ALU72045.1, ALU71789.1, ALU71723.1	UDK99323.1
OG0000184	ALU72257.1, ALU69922.1, ALU69986.1	UDL00333.1, UDK99634.1
OG0000185	ALU70615.1, ALU71918.1, ALU68777.1, ALU69916.1	UDK99747.1
OG0000186	ALU71803.1	UDL01949.1
OG0000187	ALU73383.1, ALU70553.1	UDL00017.1
OG0000188	ALU72766.1, ALU71597.1	UDL00648.1
OG0000189	ALU70304.1	UDL00127.1, UDL00126.1, UDL00796.1
OG0000190	ALU71638.1	UDL01199.1, UDK99656.1
OG0000191	ALU73333.1	UDL02260.1
OG0000192	ALU69711.1, ALU71736.1, ALU68743.1	UDL01648.1, UDL00459.1
OG0000193	ALU67750.1, ALU73518.1	UDL01482.1
OG0000193	ALU69622.1	UDK99644.1
OG0000194	ALU72341.1, ALU68896.1, ALU68924.1	UDL00631.1, UDL01527.1
OG0000195	ALU68956.1	UDL01334.1, UDL00621.1, UDL01834.1
OG0000196	ALU67695.1, ALU71034.1, ALU69861.1, ALU67961.1	UDK99352.1
OG0000197	ALU68890.1	UDL01578.1
OG0000197	ALU70886.1	UDL02152.1
OG0000198	ALU70046.1, ALU70047.1, ALU69288.1	UDL01908.1
OG0000199	ALU69502.1, ALU68301.1, ALU71822.1	UDK99792.1, UDL02083.1
OG0000200	ALU71579.1, ALU70959.1, ALU71173.1, ALU71768.1	UDK99618.1
OG0000203	ALU67692.1, ALU67920.1, ALU67803.1, ALU73584.1, ALU73586.1	UDL01272.1
OG0000204	ALU67810.1, ALU71954.1, ALU71209.1, ALU72854.1, ALU70952.1	UDL01903.1
OG0000205	ALU69159.1, ALU71339.1, ALU71500.1, ALU72683.1, ALU68512.1	UDL02248.1
OG0000220	ALU68929.1	UDL01622.1
OG0000221	ALU71131.1	UDK99249.1
OG0000221	ALU68351.1	UDL01518.1
OG0000222	ALU70236.1	UDK99443.1
OG0000223	ALU72839.1	UDL01512.1, UDL01667.1
OG0000229	ALU70103.1, ALU67655.1	UDL01253.1, UDL01249.1
OG0000232	ALU68290.1, ALU72463.1, ALU71633.1	UDL01428.1
OG0000235	ALU72249.1	UDL01270.1
OG0000236	ALU73573.1, ALU69750.1, ALU67666.1	UDL01783.1
OG0000237	ALU68942.1, ALU68822.1, ALU69101.1	UDL00290.1
OG0000238	ALU71612.1	UDL00166.1, UDK99220.1, UDK99523.1
OG0000239	ALU70709.1	UDL00360.1
OG0000240	ALU70080.1, ALU71714.1	UDL00710.1
OG0000241	ALU68197.1, ALU70271.1	UDL01039.1
OG0000243	ALU70630.1, ALU72125.1	UDL00415.1
OG0000244	ALU72083.1, ALU68502.1, ALU72043.1	UDL00363.1
OG0000245	ALU71825.1	UDL00171.1, UDL00678.1
OG0000246	ALU70453.1	UDL01714.1
OG0000247	ALU68922.1	UDL00007.1
OG0000247	ALU70381.1	UDL01040.1
OG0000249	ALU67923.1	UDL02245.1
OG0000250	ALU68509.1, ALU69840.1, ALU68111.1	UDL02247.1
OG0000251	ALU71659.1, ALU68931.1	UDL01042.1
OG0000252	ALU70038.1, ALU69238.1	UDL01418.1, UDL02105.1
OG0000254	ALU72656.1, ALU67800.1	UDL01361.1
OG0000255	ALU70608.1	UDL00858.1
OG0000256	ALU71425.1	UDL00136.1
OG0000257	ALU68335.1, ALU71264.1	UDL01898.1
OG0000258	ALU71819.1, ALU69588.1, ALU71296.1	UDL00161.1
OG0000259	ALU68023.1, ALU68024.1, ALU71591.1	UDL01576.1
OG0000260	ALU72758.1	UDL01165.1, UDL01382.1
OG0000261	ALU72738.1	UDL00999.1, UDL00998.1
OG0000262	ALU71717.1	UDK99475.1, UDL00504.1, UDL01963.1
OG0000263	ALU69915.1	UDL00071.1
OG0000264	ALU71046.1	UDL00014.1, UDL01608.1
OG0000265	ALU69453.1, ALU73665.1	UDL00923.1
OG0000266	ALU69206.1, ALU70873.1	UDL01365.1
OG0000268	ALU73572.1	UDL01957.1
OG0000269	ALU71272.1, ALU68328.1, ALU68336.1	UDL01302.1
OG0000270	ALU73323.1, ALU69021.1, ALU68753.1	UDL00995.1
OG0000271	ALU70833.1, ALU71498.1	UDL02287.1
OG0000273	ALU71391.1	UDL01521.1
OG0000274	ALU67828.1	UDL00479.1
OG0000279	ALU71200.1	UDK99584.1
OG0000280	ALU72752.1	UDL00705.1, UDK99225.1, UDK99241.1
OG0000281	ALU69482.1, ALU68283.1	UDL01789.1
OG0000282	ALU68284.1, ALU69481.1	UDL01790.1
OG0000283	ALU72056.1, ALU68516.1, ALU72066.1	UDL02095.1
OG0000284	ALU68036.1, ALU70484.1, ALU70372.1	UDL00232.1
OG0000285	ALU71867.1, ALU73567.1	UDL01551.1
OG0000286	ALU67928.1, ALU69099.1, ALU70691.1	UDL01472.1
OG0000287	ALU68198.1	UDK99436.1, UDL01772.1, UDL00953.1
OG0000288	ALU69450.1, ALU68217.1	UDL01754.1
OG0000289	ALU72870.1, ALU69228.1	UDL01500.1
OG0000290	ALU71996.1	UDL00379.1
OG0000291	ALU71890.1, ALU73447.1, ALU70762.1	UDL00026.1
OG0000292	ALU67932.1, ALU70178.1, ALU68696.1	UDL01045.1
OG0000293	ALU69920.1	UDL00297.1, UDL01394.1, UDL01739.1
OG0000295	ALU68014.1, ALU73676.1	UDL01729.1, UDK99372.1
OG0000296	ALU70636.1	UDK99461.1
OG0000296	ALU71606.1	UDK99591.1
OG0000297	ALU72868.1, ALU69226.1	UDL02206.1, UDK99259.1
OG0000298	ALU71689.1	UDL01355.1
OG0000298	ALU69204.1	UDK99993.1
OG0000299	ALU73412.1, ALU73424.1, ALU73695.1	UDL00556.1
OG0000300	ALU70982.1, ALU68865.1	UDL01426.1, UDL01670.1
OG0000301	ALU68392.1	UDL02003.1
OG0000301	ALU68338.1	UDL02001.1
OG0000302	ALU70030.1, ALU68311.1	UDL01183.1
OG0000303	ALU69249.1, ALU68314.1, ALU70029.1	UDL00542.1
OG0000305	ALU69883.1, ALU72562.1, ALU72553.1	UDL01814.1
OG0000307	ALU72548.1, ALU72168.1	UDL00352.1, UDK99629.1
OG0000308	ALU70620.1, ALU70718.1, ALU70675.1	UDL00314.1
OG0000309	ALU67766.1	UDL00730.1
OG0000309	ALU73702.1	UDL01381.1
OG0000310	ALU72672.1, ALU72040.1, ALU68948.1	UDL01846.1
OG0000311	ALU68378.1	UDL00104.1, UDK99992.1, UDL01494.1, UDL00802.1
OG0000312	ALU68463.1, ALU69867.1, ALU71575.1	UDL00382.1, UDL01973.1
OG0000313	ALU73243.1	UDL00410.1, UDL02011.1, UDL00790.1, UDL01006.1
OG0000337	ALU68205.1	UDL01674.1
OG0000341	ALU73155.1	UDK99763.1, UDL00162.1
OG0000342	ALU70749.1	UDL00860.1
OG0000343	ALU68188.1, ALU68813.1	UDL00839.1
OG0000344	ALU73457.1, ALU73153.1	UDK99368.1
OG0000345	ALU69403.1	UDL01453.1
OG0000346	ALU72005.1, ALU71448.1	UDL00431.1
OG0000349	ALU71978.1	UDK99498.1
OG0000350	ALU68996.1	UDL01573.1
OG0000351	ALU72076.1	UDL02296.1
OG0000353	ALU69214.1	UDL01484.1, UDL00800.1
OG0000354	ALU70099.1	UDK99853.1, UDK99854.1
OG0000355	ALU70531.1	UDL00712.1
OG0000357	ALU70903.1	UDL00110.1
OG0000358	ALU70925.1	UDK99969.1
OG0000359	ALU73436.1, ALU68600.1	UDL01372.1
OG0000360	ALU71738.1	UDK99756.1
OG0000361	ALU69745.1	UDL00076.1
OG0000363	ALU71136.1, ALU71137.1	UDK99791.1
OG0000364	ALU69488.1	UDK99977.1
OG0000366	ALU67667.1, ALU68676.1	UDL01809.1
OG0000367	ALU69059.1	UDL00787.1
OG0000368	ALU69000.1, ALU73082.1	UDL02045.1
OG0000369	ALU73274.1	UDK99400.1
OG0000370	ALU67733.1	UDL00488.1
OG0000372	ALU71975.1	UDL00221.1
OG0000373	ALU69541.1	UDL01745.1
OG0000375	ALU69810.1	UDL00907.1
OG0000377	ALU71910.1	UDL02176.1
OG0000380	ALU71021.1	UDL00068.1, UDK99798.1
OG0000381	ALU69566.1	UDL01955.1
OG0000382	ALU72841.1, ALU68944.1	UDL01209.1
OG0000383	ALU72855.1	UDL00537.1
OG0000384	ALU71219.1	UDK99437.1
OG0000386	ALU70028.1, ALU68313.1	UDL00543.1
OG0000388	ALU68082.1, ALU73466.1	UDL02199.1
OG0000393	ALU69373.1	UDL00190.1, UDL00946.1
OG0000394	ALU68400.1	UDL00329.1
OG0000396	ALU72208.1	UDK99735.1
OG0000397	ALU67799.1	UDL01044.1
OG0000398	ALU67929.1	UDK99687.1, UDL01798.1
OG0000399	ALU70904.1	UDL01604.1, UDL00708.1
OG0000400	ALU69587.1, ALU71820.1	UDL00986.1
OG0000401	ALU71994.1, ALU71620.1	UDK99802.1
OG0000402	ALU71641.1, ALU71640.1	UDK99385.1
OG0000404	ALU70401.1	UDK99335.1
OG0000405	ALU71237.1	UDL00282.1
OG0000406	ALU73117.1	UDK99630.1, UDK99469.1
OG0000407	ALU71863.1, ALU73037.1	UDL02077.1
OG0000408	ALU73401.1, ALU71565.1	UDL00696.1
OG0000411	ALU70398.1	UDL01795.1
OG0000412	ALU70811.1	UDK99960.1
OG0000413	ALU71089.1	UDK99856.1
OG0000414	ALU71088.1	UDK99841.1
OG0000415	ALU72922.1	UDL00661.1, UDK99553.1
OG0000416	ALU67748.1	UDL00103.1
OG0000417	ALU72048.1	UDL00717.1
OG0000418	ALU72395.1	UDL01947.1
OG0000419	ALU71708.1	UDL01291.1
OG0000422	ALU70154.1	UDL00045.1
OG0000423	ALU70511.1, ALU72183.1	UDL00075.1
OG0000425	ALU68628.1	UDL01640.1, UDL02231.1
OG0000427	ALU69995.1	UDL01290.1
OG0000429	ALU70194.1, ALU71273.1	UDL02202.1
OG0000430	ALU70721.1, ALU70201.1	UDK99681.1
OG0000431	ALU71259.1, ALU70475.1	UDL01268.1
OG0000432	ALU71628.1, ALU69795.1	UDK99287.1
OG0000433	ALU71313.1	UDL01848.1
OG0000434	ALU70173.1, ALU68258.1	UDL00124.1
OG0000435	ALU69598.1	UDL01389.1
OG0000436	ALU71538.1, ALU69784.1	UDL01385.1
OG0000437	ALU70581.1	UDL00931.1
OG0000438	ALU70583.1	UDL01730.1
OG0000439	ALU70584.1, ALU67835.1	UDK99493.1
OG0000440	ALU70586.1, ALU70204.1	UDL00901.1
OG0000442	ALU69545.1, ALU71544.1	UDL00975.1
OG0000443	ALU70247.1	UDK99872.1
OG0000444	ALU70432.1, ALU69926.1	UDL01458.1
OG0000445	ALU71422.1, ALU73020.1	UDL00389.1
OG0000446	ALU71405.1, ALU70352.1	UDL00868.1
OG0000447	ALU71311.1	UDK99587.1
OG0000448	ALU70638.1	UDL01366.1
OG0000449	ALU71617.1	UDL02232.1
OG0000450	ALU71616.1	UDL02233.1
OG0000451	ALU71613.1	UDL02234.1
OG0000452	ALU73067.1, ALU71454.1	UDL00628.1
OG0000454	ALU68849.1, ALU71270.1	UDL02091.1
OG0000455	ALU70758.1, ALU68167.1	UDK99382.1
OG0000456	ALU68168.1, ALU70757.1	UDK99383.1
OG0000457	ALU72238.1	UDL00619.1
OG0000458	ALU67834.1	UDK99339.1
OG0000459	ALU72866.1	UDL01033.1, UDK99619.1
OG0000460	ALU70363.1	UDL00409.1
OG0000461	ALU72379.1	UDL00640.1, UDL01972.1
OG0000463	ALU71557.1	UDL01844.1
OG0000465	ALU72779.1, ALU70546.1	UDK99621.1
OG0000466	ALU71553.1, ALU68916.1	UDL01611.1
OG0000467	ALU72203.1	UDK99540.1
OG0000468	ALU70837.1	UDL00053.1
OG0000469	ALU70229.1, ALU70291.1	UDL00833.1
OG0000471	ALU70122.1, ALU69029.1	UDL01113.1
OG0000472	ALU71049.1, ALU73475.1	UDL00684.1
OG0000473	ALU72401.1	UDK99284.1
OG0000474	ALU70258.1, ALU72673.1	UDL00207.1
OG0000476	ALU72105.1, ALU72579.1	UDL01106.1
OG0000477	ALU71096.1	UDL01652.1, UDL00370.1
OG0000478	ALU71248.1, ALU71395.1	UDL01539.1
OG0000479	ALU69328.1, ALU68060.1	UDL00402.1
OG0000480	ALU71234.1, ALU71245.1	UDL00066.1
OG0000481	ALU72518.1, ALU70405.1	UDL00531.1
OG0000482	ALU69635.1	UDL01612.1, UDK99617.1
OG0000483	ALU69500.1, ALU70340.1	UDL00307.1
OG0000484	ALU72456.1, ALU68049.1	UDL00237.1
OG0000485	ALU69515.1, ALU70651.1	UDK99811.1
OG0000486	ALU69516.1	UDL00954.1
OG0000488	ALU70778.1, ALU71288.1	UDL00732.1
OG0000489	ALU70070.1, ALU73003.1	UDL00963.1
OG0000490	ALU71590.1	UDK99415.1
OG0000491	ALU71159.1	UDK99748.1, UDL00035.1
OG0000492	ALU70349.1	UDK99532.1, UDL01567.1
OG0000494	ALU71558.1	UDL00853.1, UDL00701.1
OG0000495	ALU68708.1, ALU71845.1	UDL00097.1
OG0000496	ALU68740.1, ALU68137.1	UDL00771.1
OG0000497	ALU70802.1	UDL01376.1
OG0000499	ALU71186.1	UDL01118.1
OG0000500	ALU70770.1, ALU68998.1	UDL00785.1
OG0000501	ALU69625.1, ALU68329.1	UDL00342.1
OG0000502	ALU70822.1	UDL01625.1
OG0000504	ALU71548.1, ALU72126.1	UDL01125.1
OG0000505	ALU68266.1, ALU73078.1	UDL01770.1
OG0000506	ALU70014.1	UDL00768.1
OG0000507	ALU67804.1	UDL00101.1
OG0000509	ALU70182.1	UDK99887.1, UDL01993.1
OG0000510	ALU71796.1	UDL00293.1, UDL00295.1
OG0000511	ALU71799.1, ALU70715.1	UDL01951.1
OG0000512	ALU72352.1, ALU72416.1	UDL00753.1
OG0000513	ALU69146.1	UDL00472.1, UDL00473.1
OG0000514	ALU68757.1	UDL01490.1, UDL00534.1
OG0000515	ALU68891.1	UDL01577.1, UDL02143.1
OG0000516	ALU70389.1, ALU69522.1	UDL01942.1
OG0000517	ALU70788.1, ALU68484.1	UDL01712.1
OG0000518	ALU68045.1	UDK99921.1, UDL01063.1
OG0000519	ALU67678.1, ALU72223.1	UDL01929.1
OG0000520	ALU69535.1, ALU68867.1	UDL01234.1
OG0000521	ALU69290.1	UDL01910.1
OG0000522	ALU71763.1	UDL01824.1
OG0000523	ALU70006.1, ALU70005.1	UDK99655.1
OG0000524	ALU70195.1, ALU72913.1	UDL01845.1
OG0000525	ALU68383.1	UDL01632.1
OG0000526	ALU67868.1, ALU71530.1	UDK99864.1
OG0000527	ALU72849.1, ALU68011.1	UDL00469.1
OG0000529	ALU69462.1, ALU71359.1	UDL00714.1
OG0000530	ALU69394.1, ALU67942.1	UDL02067.1
OG0000531	ALU70251.1	UDL00259.1
OG0000532	ALU68332.1, ALU71834.1	UDL00655.1
OG0000533	ALU69929.1, ALU70238.1	UDK99254.1
OG0000534	ALU72727.1, ALU70237.1	UDL00927.1
OG0000535	ALU72460.1	UDL00679.1
OG0000536	ALU68663.1, ALU68645.1	UDL01985.1
OG0000537	ALU69094.1	UDK99826.1
OG0000539	ALU69924.1	UDL00008.1
OG0000540	ALU72384.1, ALU71881.1	UDK99545.1
OG0000541	ALU69778.1, ALU68384.1	UDK99310.1
OG0000542	ALU68221.1, ALU70834.1	UDK99229.1
OG0000543	ALU72374.1	UDL00041.1, UDK99917.1
OG0000545	ALU72869.1, ALU69227.1	UDK99258.1, UDL02204.1
OG0000546	ALU68926.1	UDK99402.1, UDK99676.1, UDL01295.1
OG0000549	ALU69191.1, ALU71652.1, ALU69641.1	UDK99598.1
OG0000550	ALU67742.1	UDK99627.1, UDL00298.1, UDL01013.1
OG0000551	ALU68152.1	UDK99782.1
OG0000551	ALU72207.1	UDL01561.1
OG0000552	ALU69369.1, ALU69368.1, ALU69367.1	UDK99803.1
OG0000553	ALU72698.1, ALU68129.1, ALU72354.1	UDK99892.1
OG0000555	ALU67691.1, ALU69072.1, ALU70876.1	UDL00376.1
OG0000556	ALU71217.1, ALU68716.1	UDL00446.1, UDL01133.1
OG0000557	ALU69063.1, ALU69417.1, ALU73025.1	UDL00465.1
OG0000558	ALU69956.1, ALU70906.1, ALU69431.1	UDL00763.1
OG0000559	ALU69763.1	UDL01549.1, UDL00974.1, UDL02160.1
OG0000560	ALU70282.1, ALU68101.1	UDL01062.1, UDL01069.1
OG0000561	ALU69401.1	UDL01094.1, UDL01934.1, UDL01269.1
OG0000562	ALU73170.1, ALU67646.1, ALU73165.1	UDL01248.1
OG0000563	ALU70776.1, ALU72642.1, ALU72417.1	UDL01300.1
OG0000564	ALU70935.1, ALU69787.1	UDL02216.1, UDL01347.1
OG0000565	ALU72744.1, ALU68459.1	UDL02015.1, UDL01380.1
OG0000566	ALU69886.1, ALU72559.1, ALU71599.1	UDL01657.1
OG0000568	ALU73667.1, ALU73658.1, ALU67776.1	UDL01988.1
OG0000569	ALU72516.1, ALU72314.1, ALU69701.1	UDL02026.1
OG0000571	ALU68182.1, ALU70868.1, ALU68181.1	UDL02081.1
OG0000633	ALU68213.1	UDK99218.1
OG0000634	ALU68212.1	UDK99217.1
OG0000635	ALU68148.1	UDL01700.1
OG0000636	ALU68210.1	UDL00224.1
OG0000637	ALU68204.1	UDL00973.1
OG0000638	ALU71956.1	UDL00941.1
OG0000639	ALU71180.1	UDL00481.1
OG0000640	ALU71174.1	UDL00480.1
OG0000641	ALU68028.1	UDL00399.1
OG0000644	ALU67867.1	UDL01430.1
OG0000645	ALU67853.1	UDK99399.1
OG0000646	ALU67852.1	UDK99398.1
OG0000648	ALU71744.1	UDK99319.1
OG0000649	ALU69813.1	UDK99814.1
OG0000651	ALU69815.1	UDL00539.1
OG0000652	ALU69816.1	UDK99347.1
OG0000653	ALU69822.1	UDL01708.1
OG0000654	ALU69830.1	UDL01596.1
OG0000655	ALU69872.1	UDK99971.1
OG0000656	ALU69871.1	UDL00560.1
OG0000657	ALU69857.1	UDL01391.1
OG0000658	ALU69881.1	UDL00626.1
OG0000659	ALU69882.1	UDL00315.1
OG0000660	ALU73156.1	UDL00491.1
OG0000661	ALU73145.1	UDK99645.1
OG0000663	ALU72781.1	UDK99955.1
OG0000665	ALU73152.1	UDK99369.1
OG0000666	ALU73151.1	UDK99370.1
OG0000667	ALU73139.1	UDK99561.1
OG0000668	ALU73097.1	UDL00241.1
OG0000669	ALU73094.1	UDL01595.1
OG0000670	ALU73093.1	UDK99430.1
OG0000671	ALU71563.1	UDK99667.1
OG0000672	ALU73092.1	UDL00750.1
OG0000673	ALU73091.1	UDK99916.1
OG0000674	ALU72158.1	UDL01089.1
OG0000675	ALU72157.1	UDL01088.1
OG0000676	ALU72156.1	UDL01087.1
OG0000677	ALU72154.1	UDL01086.1
OG0000678	ALU72153.1	UDL01085.1
OG0000679	ALU72141.1	UDL00065.1
OG0000680	ALU72140.1	UDL00064.1
OG0000681	ALU72113.1	UDK99500.1
OG0000682	ALU72112.1	UDK99501.1
OG0000683	ALU72111.1	UDK99502.1
OG0000684	ALU72110.1	UDK99504.1
OG0000685	ALU72028.1	UDK99505.1
OG0000686	ALU72027.1	UDK99506.1
OG0000687	ALU72026.1	UDK99507.1
OG0000688	ALU72025.1	UDK99508.1
OG0000689	ALU72024.1	UDK99509.1
OG0000690	ALU72023.1	UDK99510.1
OG0000691	ALU72022.1	UDK99511.1
OG0000692	ALU72021.1	UDK99512.1
OG0000693	ALU72020.1	UDL01641.1
OG0000694	ALU72019.1	UDK99513.1
OG0000695	ALU72018.1	UDK99514.1
OG0000696	ALU72017.1	UDK99515.1
OG0000697	ALU72016.1	UDK99516.1
OG0000698	ALU72015.1	UDK99517.1
OG0000699	ALU72013.1	UDL01145.1
OG0000700	ALU72012.1	UDL01146.1
OG0000701	ALU72011.1	UDL01147.1
OG0000702	ALU72010.1	UDL01148.1
OG0000703	ALU72009.1	UDL01149.1
OG0000704	ALU72008.1	UDL01150.1
OG0000705	ALU72007.1	UDL01151.1
OG0000706	ALU72006.1	UDL01152.1
OG0000707	ALU72004.1	UDL01752.1
OG0000708	ALU72003.1	UDL01158.1
OG0000709	ALU72002.1	UDL01159.1
OG0000710	ALU72001.1	UDL01160.1
OG0000711	ALU71999.1	UDL01162.1
OG0000712	ALU71998.1	UDL01163.1
OG0000713	ALU71301.1	UDL01480.1
OG0000714	ALU71302.1	UDL01479.1
OG0000715	ALU71997.1	UDL01312.1
OG0000716	ALU71985.1	UDK99374.1
OG0000717	ALU71984.1	UDK99375.1
OG0000718	ALU70020.1	UDL00143.1
OG0000720	ALU72757.1	UDL00450.1
OG0000721	ALU70464.1	UDL01984.1
OG0000722	ALU72662.1	UDL01982.1
OG0000723	ALU71983.1	UDL01109.1
OG0000728	ALU70905.1	UDL00235.1
OG0000734	ALU68395.1	UDL02033.1
OG0000736	ALU69959.1	UDL01383.1
OG0000737	ALU71624.1	UDL01971.1
OG0000738	ALU71100.1	UDK99944.1
OG0000747	ALU68744.1	UDK99674.1
OG0000748	ALU68092.1	UDL02050.1
OG0000750	ALU73081.1	UDL02044.1
OG0000751	ALU70545.1	UDL00721.1
OG0000753	ALU72050.1	UDL01529.1
OG0000754	ALU71551.1	UDK99551.1
OG0000755	ALU70585.1	UDK99936.1
OG0000766	ALU71973.1	UDL01369.1
OG0000767	ALU71972.1	UDK99924.1
OG0000768	ALU71971.1	UDL01445.1
OG0000769	ALU71970.1	UDK99570.1
OG0000770	ALU71629.1	UDL01565.1
OG0000771	ALU72232.1	UDL00085.1
OG0000772	ALU71966.1	UDK99786.1
OG0000773	ALU72348.1	UDK99787.1
OG0000774	ALU70458.1	UDK99899.1
OG0000777	ALU71951.1	UDL00938.1
OG0000778	ALU71771.1	UDK99239.1
OG0000779	ALU71772.1	UDK99240.1
OG0000780	ALU72833.1	UDK99426.1
OG0000781	ALU72820.1	UDK99424.1
OG0000782	ALU72819.1	UDK99423.1
OG0000783	ALU69362.1	UDK99422.1
OG0000784	ALU69366.1	UDK99420.1
OG0000785	ALU69370.1	UDL00505.1
OG0000786	ALU69760.1	UDL01070.1
OG0000787	ALU69761.1	UDL00027.1
OG0000789	ALU69752.1	UDL00844.1
OG0000790	ALU71587.1	UDL01107.1
OG0000791	ALU67660.1	UDK99979.1
OG0000792	ALU71584.1	UDL00398.1
OG0000793	ALU71583.1	UDL00922.1
OG0000794	ALU71577.1	UDL01553.1
OG0000801	ALU71761.1	UDK99881.1
OG0000802	ALU68805.1	UDL01720.1
OG0000805	ALU72726.1	UDL01328.1
OG0000806	ALU72476.1	UDL01329.1
OG0000808	ALU72485.1	UDL01586.1
OG0000809	ALU71533.1	UDL00077.1
OG0000813	ALU71443.1	UDL00448.1
OG0000814	ALU71292.1	UDL00430.1
OG0000815	ALU73111.1	UDL01307.1
OG0000816	ALU70283.1	UDL00010.1
OG0000817	ALU72386.1	UDL01948.1
OG0000819	ALU69779.1	UDL01144.1
OG0000820	ALU71895.1	UDK99431.1
OG0000822	ALU69586.1	UDL00987.1
OG0000824	ALU70357.1	UDK99232.1
OG0000825	ALU71236.1	UDL00283.1
OG0000826	ALU71203.1	UDL00269.1
OG0000827	ALU71016.1	UDL00267.1
OG0000828	ALU71202.1	UDL00266.1
OG0000829	ALU69052.1	UDL00588.1
OG0000830	ALU71300.1	UDL01481.1
OG0000834	ALU69948.1	UDL00980.1
OG0000835	ALU69949.1	UDL00981.1
OG0000838	ALU70570.1	UDL00021.1
OG0000840	ALU71032.1	UDL01195.1
OG0000842	ALU70808.1	UDL00108.1
OG0000843	ALU70809.1	UDL00782.1
OG0000844	ALU70810.1	UDL01455.1
OG0000845	ALU70812.1	UDK99291.1
OG0000846	ALU70467.1	UDL00993.1
OG0000847	ALU71878.1	UDK99738.1
OG0000850	ALU70321.1	UDL00147.1
OG0000852	ALU71128.1	UDL01273.1
OG0000853	ALU72392.1	UDL01945.1
OG0000854	ALU72387.1	UDL01944.1
OG0000855	ALU71017.1	UDL01016.1
OG0000862	ALU72873.1	UDL00909.1
OG0000864	ALU68824.1	UDL00935.1
OG0000865	ALU68697.1	UDL02010.1
OG0000867	ALU73458.1	UDK99764.1
OG0000868	ALU70356.1	UDL00893.1
OG0000869	ALU70367.1	UDL00892.1
OG0000871	ALU69786.1	UDK99911.1
OG0000875	ALU71630.1	UDL01598.1
OG0000876	ALU71275.1	UDL02201.1
OG0000877	ALU71276.1	UDL02200.1
OG0000880	ALU68259.1	UDL00125.1
OG0000881	ALU71232.1	UDL00780.1
OG0000882	ALU69984.1	UDL00328.1
OG0000885	ALU71542.1	UDK99821.1
OG0000886	ALU71541.1	UDK99820.1
OG0000888	ALU70580.1	UDL00930.1
OG0000889	ALU70587.1	UDL01503.1
OG0000890	ALU70589.1	UDK99804.1
OG0000891	ALU72269.1	UDK99806.1
OG0000893	ALU70592.1	UDK99809.1
OG0000894	ALU70593.1	UDL01015.1
OG0000895	ALU70594.1	UDL00482.1
OG0000896	ALU70600.1	UDL00451.1
OG0000898	ALU70607.1	UDL01407.1
OG0000899	ALU71093.1	UDL00246.1
OG0000900	ALU71092.1	UDL00245.1
OG0000901	ALU71091.1	UDL00242.1
OG0000902	ALU70881.1	UDK99683.1
OG0000903	ALU72477.1	UDK99631.1
OG0000905	ALU71084.1	UDL01311.1
OG0000906	ALU71082.1	UDK99760.1
OG0000907	ALU71080.1	UDL01597.1
OG0000908	ALU72382.1	UDL01447.1
OG0000909	ALU71075.1	UDL01448.1
OG0000910	ALU71074.1	UDL01198.1
OG0000911	ALU71487.1	UDL00082.1
OG0000912	ALU68183.1	UDL01519.1
OG0000913	ALU71072.1	UDL00512.1
OG0000914	ALU71545.1	UDK99578.1
OG0000915	ALU71466.1	UDK99566.1
OG0000916	ALU70468.1	UDL00994.1
OG0000917	ALU71537.1	UDL01303.1
OG0000918	ALU71532.1	UDL00572.1
OG0000919	ALU71531.1	UDL01283.1
OG0000920	ALU71527.1	UDL00902.1
OG0000921	ALU71525.1	UDL00414.1
OG0000922	ALU71524.1	UDL01054.1
OG0000923	ALU71523.1	UDL01055.1
OG0000924	ALU71522.1	UDL01056.1
OG0000925	ALU71512.1	UDK99923.1
OG0000926	ALU71510.1	UDL01001.1
OG0000927	ALU69755.1	UDL00371.1
OG0000928	ALU69756.1	UDL00372.1
OG0000929	ALU71502.1	UDK99326.1
OG0000931	ALU71495.1	UDL00611.1
OG0000932	ALU71494.1	UDL00610.1
OG0000933	ALU71493.1	UDL00609.1
OG0000934	ALU71492.1	UDL00608.1
OG0000935	ALU71491.1	UDL00607.1
OG0000936	ALU71485.1	UDL00606.1
OG0000937	ALU71484.1	UDL00605.1
OG0000938	ALU71408.1	UDL00865.1
OG0000939	ALU71407.1	UDL00866.1
OG0000940	ALU71402.1	UDL00059.1
OG0000941	ALU71397.1	UDL00442.1
OG0000942	ALU71394.1	UDL00153.1
OG0000943	ALU71393.1	UDK99533.1
OG0000944	ALU71392.1	UDL01101.1
OG0000945	ALU67827.1	UDL01053.1
OG0000947	ALU71306.1	UDL01357.1
OG0000948	ALU71293.1	UDL01359.1
OG0000949	ALU71287.1	UDL00284.1
OG0000950	ALU69570.1	UDL00148.1
OG0000951	ALU71283.1	UDL00769.1
OG0000952	ALU71280.1	UDK99343.1
OG0000953	ALU70493.1	UDK99635.1
OG0000956	ALU71047.1	UDL01279.1
OG0000957	ALU72205.1	UDL00420.1
OG0000958	ALU71024.1	UDL00798.1
OG0000961	ALU70202.1	UDL00285.1
OG0000964	ALU73159.1	UDK99376.1
OG0000967	ALU68819.1	UDL01991.1
OG0000974	ALU72609.1	UDL02036.1
OG0000977	ALU70052.1	UDK99483.1
OG0000979	ALU71400.1	UDK99315.1
OG0000983	ALU68450.1	UDK99686.1
OG0000984	ALU71196.1	UDL00493.1
OG0000985	ALU68058.1	UDL00915.1
OG0000986	ALU69925.1	UDL00943.1
OG0000987	ALU69722.1	UDL01623.1
OG0000988	ALU69723.1	UDL01621.1
OG0000989	ALU71572.1	UDL00268.1
OG0000990	ALU67736.1	UDK99276.1
OG0000991	ALU67764.1	UDK99485.1
OG0000992	ALU73146.1	UDK99889.1
OG0000993	ALU73147.1	UDL01689.1
OG0000994	ALU70491.1	UDL01606.1
OG0000995	ALU71778.1	UDL01360.1
OG0000996	ALU68234.1	UDL00323.1
OG0000997	ALU71729.1	UDL00231.1
OG0000998	ALU67914.1	UDL00258.1
OG0000999	ALU70753.1	UDL00088.1
OG0001000	ALU70752.1	UDL00087.1
OG0001001	ALU69355.1	UDK99328.1
OG0001002	ALU70551.1	UDL00840.1
OG0001003	ALU71099.1	UDK99945.1
OG0001004	ALU71101.1	UDK99943.1
OG0001005	ALU70351.1	UDL01506.1
OG0001006	ALU72165.1	UDL01679.1
OG0001007	ALU73154.1	UDK99252.1
OG0001008	ALU70839.1	UDL01330.1
OG0001009	ALU72915.1	UDL00222.1
OG0001010	ALU70780.1	UDL01031.1
OG0001011	ALU70838.1	UDL01542.1
OG0001012	ALU71567.1	UDL00411.1
OG0001013	ALU70836.1	UDL00926.1
OG0001014	ALU71068.1	UDK99357.1
OG0001015	ALU71069.1	UDK99356.1
OG0001016	ALU71070.1	UDK99355.1
OG0001017	ALU71071.1	UDK99354.1
OG0001018	ALU70434.1	UDL00024.1
OG0001019	ALU70832.1	UDL00152.1
OG0001021	ALU70366.1	UDL01221.1
OG0001022	ALU71779.1	UDL00435.1
OG0001023	ALU70257.1	UDL01066.1
OG0001024	ALU70149.1	UDK99358.1
OG0001026	ALU69210.1	UDL00203.1
OG0001027	ALU70828.1	UDL00578.1
OG0001028	ALU70813.1	UDK99910.1
OG0001029	ALU71214.1	UDL00576.1
OG0001030	ALU71094.1	UDL01105.1
OG0001031	ALU71095.1	UDK99325.1
OG0001032	ALU70339.1	UDK99946.1
OG0001033	ALU70872.1	UDL00877.1
OG0001035	ALU71155.1	UDL01555.1
OG0001036	ALU69793.1	UDL00881.1
OG0001037	ALU69393.1	UDL01933.1
OG0001038	ALU69392.1	UDL01932.1
OG0001039	ALU69391.1	UDL01931.1
OG0001040	ALU69390.1	UDL01930.1
OG0001041	ALU71483.1	UDK99574.1
OG0001042	ALU69946.1	UDL01194.1
OG0001043	ALU70482.1	UDK99318.1
OG0001044	ALU70446.1	UDK99781.1
OG0001045	ALU70431.1	UDK99982.1
OG0001046	ALU70414.1	UDK99824.1
OG0001047	ALU71842.1	UDL01208.1
OG0001048	ALU70412.1	UDL01128.1
OG0001049	ALU70411.1	UDL01035.1
OG0001050	ALU70406.1	UDL00617.1
OG0001052	ALU72520.1	UDK99334.1
OG0001053	ALU72519.1	UDK99333.1
OG0001054	ALU70384.1	UDL00279.1
OG0001055	ALU70378.1	UDL00429.1
OG0001056	ALU70376.1	UDL00920.1
OG0001057	ALU70375.1	UDL00921.1
OG0001058	ALU70371.1	UDL01570.1
OG0001059	ALU68211.1	UDL00683.1
OG0001060	ALU70623.1	UDL02115.1
OG0001063	ALU69605.1	UDL01339.1
OG0001065	ALU72697.1	UDL01785.1
OG0001070	ALU71105.1	UDL01550.1
OG0001071	ALU71107.1	UDL01322.1
OG0001072	ALU71589.1	UDL00834.1
OG0001073	ALU67905.1	UDL01130.1
OG0001074	ALU71108.1	UDL00958.1
OG0001075	ALU71112.1	UDL00461.1
OG0001076	ALU71154.1	UDL00463.1
OG0001077	ALU71158.1	UDL00904.1
OG0001078	ALU71161.1	UDL00889.1
OG0001079	ALU67898.1	UDL01778.1
OG0001080	ALU71164.1	UDK99776.1
OG0001081	ALU71165.1	UDL00397.1
OG0001082	ALU71167.1	UDL01546.1
OG0001083	ALU68037.1	UDL00281.1
OG0001084	ALU70355.1	UDK99295.1
OG0001085	ALU70354.1	UDK99296.1
OG0001086	ALU70353.1	UDK99297.1
OG0001087	ALU71781.1	UDL00336.1
OG0001088	ALU70348.1	UDK99349.1
OG0001089	ALU72228.1	UDL01190.1
OG0001090	ALU72230.1	UDL01370.1
OG0001091	ALU72231.1	UDL01773.1
OG0001092	ALU70335.1	UDL01021.1
OG0001093	ALU70332.1	UDL01000.1
OG0001094	ALU71559.1	UDL00847.1
OG0001096	ALU71568.1	UDL00616.1
OG0001097	ALU71570.1	UDL00614.1
OG0001098	ALU70274.1	UDK99379.1
OG0001099	ALU70273.1	UDL00676.1
OG0001100	ALU70315.1	UDL01320.1
OG0001101	ALU71846.1	UDL00096.1
OG0001102	ALU71066.1	UDL00468.1
OG0001103	ALU68225.1	UDL00090.1
OG0001104	ALU71593.1	UDL00115.1
OG0001105	ALU71594.1	UDL00116.1
OG0001106	ALU68272.1	UDK99651.1
OG0001107	ALU70801.1	UDL01373.1
OG0001108	ALU70800.1	UDL00159.1
OG0001109	ALU68506.1	UDK99843.1
OG0001111	ALU70799.1	UDL01049.1
OG0001112	ALU70798.1	UDL01050.1
OG0001113	ALU70797.1	UDL01123.1
OG0001114	ALU71268.1	UDK99298.1
OG0001117	ALU70782.1	UDL00952.1
OG0001118	ALU71536.1	UDK99675.1
OG0001119	ALU69186.1	UDK99925.1
OG0001120	ALU70759.1	UDL01626.1
OG0001121	ALU71578.1	UDK99813.1
OG0001122	ALU70611.1	UDK99689.1
OG0001123	ALU70815.1	UDK99850.1
OG0001124	ALU70814.1	UDK99846.1
OG0001125	ALU69789.1	UDL00412.1
OG0001126	ALU72400.1	UDL01593.1
OG0001127	ALU72000.1	UDL01161.1
OG0001128	ALU71247.1	UDK99996.1
OG0001129	ALU70590.1	UDK99805.1
OG0001130	ALU72786.1	UDL00759.1
OG0001132	ALU68247.1	UDL01204.1
OG0001133	ALU68581.1	UDL00427.1
OG0001138	ALU71081.1	UDK99818.1
OG0001140	ALU68216.1	UDL01180.1
OG0001142	ALU68268.1	UDL01305.1
OG0001143	ALU68267.1	UDL01306.1
OG0001144	ALU70264.1	UDL01225.1
OG0001145	ALU70262.1	UDL00914.1
OG0001147	ALU70890.1	UDK99638.1
OG0001148	ALU69749.1	UDL00819.1
OG0001149	ALU72371.1	UDL00037.1
OG0001150	ALU72372.1	UDL00039.1
OG0001151	ALU72373.1	UDL00040.1
OG0001152	ALU72376.1	UDL00043.1
OG0001153	ALU70267.1	UDL02034.1
OG0001154	ALU72988.1	UDL00955.1
OG0001156	ALU70529.1	UDK99888.1
OG0001157	ALU70539.1	UDK99624.1
OG0001159	ALU70232.1	UDL01409.1
OG0001160	ALU70230.1	UDL00401.1
OG0001161	ALU70524.1	UDK99933.1
OG0001162	ALU72874.1	UDL00287.1
OG0001164	ALU71795.1	UDL00296.1
OG0001165	ALU68923.1	UDL01784.1
OG0001166	ALU68326.1	UDL01904.1
OG0001167	ALU71037.1	UDL01141.1
OG0001168	ALU71035.1	UDL01142.1
OG0001169	ALU69144.1	UDL00471.1
OG0001170	ALU69145.1	UDL00470.1
OG0001171	ALU70867.1	UDL00879.1
OG0001172	ALU71121.1	UDL02012.1
OG0001173	ALU69940.1	UDL01617.1
OG0001174	ALU71664.1	UDL00651.1
OG0001175	ALU70250.1	UDL00723.1
OG0001177	ALU69120.1	UDK99474.1
OG0001178	ALU69523.1	UDL01941.1
OG0001179	ALU70399.1	UDL01793.1
OG0001180	ALU69785.1	UDL01387.1
OG0001181	ALU69823.1	UDL01464.1
OG0001182	ALU69825.1	UDL01463.1
OG0001183	ALU71655.1	UDL00569.1
OG0001185	ALU70040.1	UDL01363.1
OG0001186	ALU71308.1	UDK99855.1
OG0001187	ALU69898.1	UDL01627.1
OG0001188	ALU71060.1	UDL00454.1
OG0001189	ALU71061.1	UDL00457.1
OG0001190	ALU71062.1	UDL00458.1
OG0001191	ALU68966.1	UDL00970.1
OG0001192	ALU68965.1	UDL00969.1
OG0001193	ALU68964.1	UDL00968.1
OG0001194	ALU69483.1	UDL01788.1
OG0001195	ALU69484.1	UDL01787.1
OG0001198	ALU68307.1	UDL01020.1
OG0001200	ALU71064.1	UDL00541.1
OG0001201	ALU71065.1	UDL00540.1
OG0001202	ALU68226.1	UDL01030.1
OG0001203	ALU70703.1	UDK99904.1
OG0001204	ALU70699.1	UDK99903.1
OG0001205	ALU70697.1	UDL01502.1
OG0001206	ALU70695.1	UDK99612.1
OG0001207	ALU70692.1	UDK99610.1
OG0001208	ALU70690.1	UDL01172.1
OG0001209	ALU70908.1	UDL00551.1
OG0001211	ALU70754.1	UDK99970.1
OG0001212	ALU70975.1	UDL02197.1
OG0001213	ALU70792.1	UDL00843.1
OG0001214	ALU70784.1	UDL01297.1
OG0001215	ALU69069.1	UDL00513.1
OG0001217	ALU71656.1	UDL01709.1
OG0001218	ALU71657.1	UDL01710.1
OG0001219	ALU71660.1	UDK99373.1
OG0001220	ALU71739.1	UDL00218.1
OG0001221	ALU71740.1	UDL00502.1
OG0001222	ALU69757.1	UDL01232.1
OG0001223	ALU70239.1	UDL00654.1
OG0001224	ALU72547.1	UDL00729.1
OG0001225	ALU72171.1	UDL01574.1
OG0001229	ALU69790.1	UDL01438.1
OG0001230	ALU70072.1	UDL01680.1
OG0001231	ALU71529.1	UDL01664.1
OG0001232	ALU69396.1	UDL02066.1
OG0001233	ALU71627.1	UDK99463.1
OG0001236	ALU70235.1	UDL00121.1
OG0001237	ALU70234.1	UDK99988.1
OG0001238	ALU70233.1	UDL00453.1
OG0001239	ALU69941.1	UDL01058.1
OG0001240	ALU71048.1	UDL00452.1
OG0001241	ALU70831.1	UDL00663.1
OG0001242	ALU72534.1	UDL01562.1
OG0001243	ALU71521.1	UDK99959.1
OG0001244	ALU70228.1	UDL01563.1
OG0001245	ALU67673.1	UDL01922.1
OG0001246	ALU69011.1	UDL00191.1
OG0001247	ALU72446.1	UDL00129.1
OG0001248	ALU68856.1	UDL02009.1
OG0001250	ALU71201.1	UDL00582.1
OG0001252	ALU67975.1	UDL01821.1
OG0001253	ALU67976.1	UDL01822.1
OG0001255	ALU71547.1	UDK99861.1
OG0001256	ALU72572.1	UDL01408.1
OG0001257	ALU69666.1	UDK99661.1
OG0001258	ALU73124.1	UDK99833.1
OG0001259	ALU72389.1	UDL02074.1
OG0001261	ALU71976.1	UDL00623.1
OG0001262	ALU68494.1	UDL02023.1
OG0001263	ALU69100.1	UDL01920.1
OG0001264	ALU69096.1	UDL01924.1
OG0001265	ALU69095.1	UDL01921.1
OG0001266	ALU71841.1	UDK99628.1
OG0001267	ALU72277.1	UDL00335.1
OG0001268	ALU69585.1	UDL00988.1
OG0001269	ALU72444.1	UDK99251.1
OG0001270	ALU68386.1	UDK99730.1
OG0001271	ALU71705.1	UDK99456.1
OG0001272	ALU68385.1	UDK99311.1
OG0001273	ALU69406.1	UDL01647.1
OG0001274	ALU71586.1	UDL01374.1
OG0001275	ALU68382.1	UDK99309.1
OG0001276	ALU69955.1	UDL00499.1
OG0001277	ALU68222.1	UDK99228.1
OG0001278	ALU68220.1	UDK99230.1
OG0001279	ALU68218.1	UDK99444.1
OG0001280	ALU68214.1	UDL01182.1
OG0001284	ALU69336.1	UDL01465.1
OG0001290	ALU68877.1, ALU68715.1	UDK99387.1
OG0001293	ALU67978.1	UDK99521.1, UDK99913.1
OG0001294	ALU70914.1	UDL01756.1, UDK99557.1
OG0001296	ALU69852.1, ALU69577.1	UDK99677.1
OG0001297	ALU72737.1, ALU68231.1	UDK99680.1
OG0001299	ALU68861.1	UDK99926.1, UDK99722.1
OG0001300	ALU72892.1	UDL00199.1, UDK99772.1
OG0001303	ALU68278.1	UDK99858.1, UDL02269.1
OG0001304	ALU71192.1, ALU73054.1	UDK99927.1
OG0001305	ALU69590.1	UDL01435.1, UDK99948.1
OG0001307	ALU71885.1, ALU69066.1	UDL00030.1
OG0001308	ALU68960.1, ALU68739.1	UDL00078.1
OG0001309	ALU73609.1, ALU71309.1	UDL00206.1
OG0001310	ALU71490.1	UDL00236.1, UDL00220.1
OG0001311	ALU72623.1, ALU68412.1	UDL00250.1
OG0001312	ALU73327.1, ALU72713.1	UDL00278.1
OG0001313	ALU72462.1, ALU72461.1	UDL00301.1
OG0001314	ALU72603.1, ALU72034.1	UDL00351.1
OG0001316	ALU67838.1, ALU69411.1	UDL00396.1
OG0001317	ALU69108.1, ALU72337.1	UDL00460.1
OG0001318	ALU69554.1, ALU73359.1	UDL00517.1
OG0001319	ALU68312.1, ALU70027.1	UDL00544.1
OG0001320	ALU72046.1, ALU72637.1	UDL00636.1
OG0001321	ALU70359.1, ALU67934.1	UDL00778.1
OG0001322	ALU69775.1	UDL00801.1, UDL01060.1
OG0001323	ALU71221.1, ALU71222.1	UDL00828.1
OG0001324	ALU71223.1, ALU70161.1	UDL00910.1
OG0001325	ALU72092.1, ALU72093.1	UDL00944.1
OG0001327	ALU67860.1, ALU70678.1	UDL01218.1
OG0001328	ALU70142.1, ALU68159.1	UDL01386.1
OG0001329	ALU73575.1, ALU70170.1	UDL01508.1
OG0001330	ALU72597.1, ALU71877.1	UDL01600.1
OG0001331	ALU68330.1, ALU68444.1	UDL01806.1
OG0001332	ALU68482.1, ALU73042.1	UDL01899.1
OG0001333	ALU73595.1, ALU72703.1	UDL02008.1
OG0001334	ALU68122.1, ALU69089.1	UDL02041.1
OG0001336	ALU68169.1, ALU68662.1	UDL02107.1
OG0001337	ALU72172.1, ALU68564.1	UDL02154.1
OG0001338	ALU73557.1, ALU73508.1	UDL02226.1
OG0001955	ALU72333.1	UDK99227.1
OG0001956	ALU70488.1	UDK99236.1
OG0001957	ALU70176.1	UDK99270.1
OG0001958	ALU70181.1	UDK99288.1
OG0001959	ALU70915.1	UDK99290.1
OG0001960	ALU70576.1	UDK99304.1
OG0001961	ALU69560.1	UDK99320.1
OG0001962	ALU73161.1	UDK99321.1
OG0001963	ALU72289.1	UDK99337.1
OG0001964	ALU73016.1	UDK99353.1
OG0001965	ALU73757.1	UDK99386.1
OG0001966	ALU69163.1	UDK99392.1
OG0001967	ALU69407.1	UDK99401.1
OG0001970	ALU71787.1	UDK99416.1
OG0001971	ALU71786.1	UDK99417.1
OG0001972	ALU69217.1	UDK99434.1
OG0001974	ALU71238.1	UDK99440.1
OG0001975	ALU70471.1	UDK99453.1
OG0001977	ALU69700.1	UDK99478.1
OG0001978	ALU71639.1	UDK99499.1
OG0001979	ALU71152.1	UDK99519.1
OG0001980	ALU69215.1	UDK99528.1
OG0001981	ALU70680.1	UDK99543.1
OG0001982	ALU68240.1	UDK99547.1
OG0001983	ALU69374.1	UDK99548.1
OG0001985	ALU69992.1	UDK99555.1
OG0001986	ALU69205.1	UDK99567.1
OG0001988	ALU71962.1	UDK99586.1
OG0001989	ALU71000.1	UDK99589.1
OG0001990	ALU70504.1	UDK99596.1
OG0001991	ALU68265.1	UDK99597.1
OG0001993	ALU71267.1	UDK99605.1
OG0001994	ALU69287.1	UDK99607.1
OG0001996	ALU69858.1	UDK99613.1
OG0001998	ALU71508.1	UDK99616.1
OG0002000	ALU71166.1	UDK99625.1
OG0002001	ALU71880.1	UDK99637.1
OG0002002	ALU70635.1	UDK99647.1
OG0002003	ALU70618.1	UDK99648.1
OG0002005	ALU70083.1	UDK99665.1
OG0002006	ALU68528.1	UDK99673.1
OG0002007	ALU72431.1	UDK99678.1
OG0002010	ALU68380.1	UDK99784.1
OG0002013	ALU68279.1	UDK99830.1
OG0002014	ALU73593.1	UDK99837.1
OG0002015	ALU68771.1	UDK99842.1
OG0002018	ALU67798.1	UDK99900.1
OG0002019	ALU71922.1	UDK99931.1
OG0002020	ALU70525.1	UDK99932.1
OG0002022	ALU70270.1	UDK99949.1
OG0002023	ALU70765.1	UDK99954.1
OG0002024	ALU71028.1	UDK99965.1
OG0002025	ALU71963.1	UDK99967.1
OG0002027	ALU71233.1	UDK99986.1
OG0002028	ALU72301.1	UDK99991.1
OG0002030	ALU68147.1	UDL00018.1
OG0002031	ALU70572.1	UDL00020.1
OG0002033	ALU71886.1	UDL00029.1
OG0002034	ALU67706.1	UDL00032.1
OG0002035	ALU69051.1	UDL00057.1
OG0002036	ALU69020.1	UDL00072.1
OG0002037	ALU69730.1	UDL00073.1
OG0002039	ALU67871.1	UDL00091.1
OG0002040	ALU71844.1	UDL00098.1
OG0002041	ALU71843.1	UDL00099.1
OG0002042	ALU72068.1	UDL00109.1
OG0002044	ALU70574.1	UDL00112.1
OG0002046	ALU68124.1	UDL00133.1
OG0002048	ALU71038.1	UDL00144.1
OG0002050	ALU67959.1	UDL00172.1
OG0002051	ALU73579.1	UDL00194.1
OG0002052	ALU70163.1	UDL00205.1
OG0002054	ALU70009.1	UDL00216.1
OG0002055	ALU71003.1	UDL00219.1
OG0002057	ALU72814.1	UDL00229.1
OG0002058	ALU72811.1	UDL00234.1
OG0002060	ALU72465.1	UDL00273.1
OG0002063	ALU71688.1	UDL00302.1
OG0002065	ALU70862.1	UDL00316.1
OG0002067	ALU69466.1	UDL00322.1
OG0002069	ALU69933.1	UDL00334.1
OG0002072	ALU73600.1	UDL00359.1
OG0002073	ALU69908.1	UDL00394.1
OG0002074	ALU71057.1	UDL00406.1
OG0002076	ALU72453.1	UDL00417.1
OG0002077	ALU71477.1	UDL00424.1
OG0002079	ALU68622.1	UDL00432.1
OG0002081	ALU72408.1	UDL00503.1
OG0002082	ALU71396.1	UDL00507.1
OG0002083	ALU69869.1	UDL00520.1
OG0002084	ALU70751.1	UDL00532.1
OG0002085	ALU71208.1	UDL00586.1
OG0002086	ALU71332.1	UDL00591.1
OG0002087	ALU71331.1	UDL00592.1
OG0002088	ALU71329.1	UDL00593.1
OG0002089	ALU71328.1	UDL00594.1
OG0002090	ALU71327.1	UDL00595.1
OG0002091	ALU71326.1	UDL00596.1
OG0002092	ALU71324.1	UDL00598.1
OG0002093	ALU71323.1	UDL00599.1
OG0002094	ALU71322.1	UDL00601.1
OG0002095	ALU71321.1	UDL00602.1
OG0002096	ALU71320.1	UDL00603.1
OG0002097	ALU71319.1	UDL00604.1
OG0002099	ALU73129.1	UDL00632.1
OG0002100	ALU69855.1	UDL00646.1
OG0002103	ALU67881.1	UDL00669.1
OG0002104	ALU69428.1	UDL00688.1
OG0002107	ALU71503.1	UDL00739.1
OG0002109	ALU67892.1	UDL00766.1
OG0002110	ALU71002.1	UDL00823.1
OG0002111	ALU68950.1	UDL00838.1
OG0002113	ALU70444.1	UDL00876.1
OG0002114	ALU69494.1	UDL00883.1
OG0002115	ALU69581.1	UDL00905.1
OG0002117	ALU70957.1	UDL00924.1
OG0002118	ALU72711.1	UDL00947.1
OG0002119	ALU67809.1	UDL00948.1
OG0002120	ALU68489.1	UDL00972.1
OG0002121	ALU72748.1	UDL01010.1
OG0002122	ALU68016.1	UDL01011.1
OG0002124	ALU71690.1	UDL01068.1
OG0002125	ALU70306.1	UDL01077.1
OG0002126	ALU70938.1	UDL01078.1
OG0002127	ALU70127.1	UDL01082.1
OG0002128	ALU70380.1	UDL01083.1
OG0002129	ALU70379.1	UDL01084.1
OG0002130	ALU69780.1	UDL01091.1
OG0002131	ALU71622.1	UDL01095.1
OG0002132	ALU70436.1	UDL01098.1
OG0002133	ALU72949.1	UDL01110.1
OG0002134	ALU71687.1	UDL01121.1
OG0002135	ALU69698.1	UDL01153.1
OG0002136	ALU69697.1	UDL01154.1
OG0002138	ALU68363.1	UDL01175.1
OG0002139	ALU69646.1	UDL01212.1
OG0002140	ALU68968.1	UDL01220.1
OG0002141	ALU71087.1	UDL01230.1
OG0002142	ALU70025.1	UDL01235.1
OG0002143	ALU67652.1	UDL01243.1
OG0002144	ALU67651.1	UDL01246.1
OG0002145	ALU67653.1	UDL01247.1
OG0002146	ALU69903.1	UDL01251.1
OG0002147	ALU67656.1	UDL01254.1
OG0002148	ALU73101.1	UDL01264.1
OG0002150	ALU69629.1	UDL01282.1
OG0002151	ALU73267.1	UDL01287.1
OG0002152	ALU71504.1	UDL01304.1
OG0002153	ALU70552.1	UDL01309.1
OG0002154	ALU68683.1	UDL01343.1
OG0002156	ALU69994.1	UDL01349.1
OG0002157	ALU72990.1	UDL01352.1
OG0002158	ALU69768.1	UDL01378.1
OG0002159	ALU69764.1	UDL01390.1
OG0002161	ALU68685.1	UDL01400.1
OG0002162	ALU68693.1	UDL01402.1
OG0002163	ALU68692.1	UDL01403.1
OG0002164	ALU68690.1	UDL01405.1
OG0002165	ALU69767.1	UDL01410.1
OG0002167	ALU67922.1	UDL01417.1
OG0002168	ALU72291.1	UDL01427.1
OG0002169	ALU70322.1	UDL01429.1
OG0002171	ALU71654.1	UDL01449.1
OG0002173	ALU70364.1	UDL01459.1
OG0002175	ALU68820.1	UDL01470.1
OG0002177	ALU72832.1	UDL01509.1
OG0002178	ALU68618.1	UDL01513.1
OG0002179	ALU72336.1	UDL01530.1
OG0002180	ALU70179.1	UDL01533.1
OG0002181	ALU69769.1	UDL01536.1
OG0002182	ALU72687.1	UDL01579.1
OG0002183	ALU69766.1	UDL01583.1
OG0002184	ALU70287.1	UDL01584.1
OG0002185	ALU71113.1	UDL01585.1
OG0002186	ALU70227.1	UDL01614.1
OG0002188	ALU72767.1	UDL01645.1
OG0002189	ALU70547.1	UDL01650.1
OG0002190	ALU69909.1	UDL01676.1
OG0002192	ALU68919.1	UDL01733.1
OG0002193	ALU71555.1	UDL01735.1
OG0002195	ALU72993.1	UDL01797.1
OG0002196	ALU69389.1	UDL01799.1
OG0002197	ALU70536.1	UDL01800.1
OG0002198	ALU72606.1	UDL01905.1
OG0002199	ALU72605.1	UDL01907.1
OG0002200	ALU69196.1	UDL01915.1
OG0002201	ALU68573.1	UDL01916.1
OG0002203	ALU69257.1	UDL01943.1
OG0002204	ALU69973.1	UDL01953.1
OG0002205	ALU68990.1	UDL01964.1
OG0002206	ALU68748.1	UDL01965.1
OG0002207	ALU68750.1	UDL01966.1
OG0002208	ALU69045.1	UDL01969.1
OG0002209	ALU68758.1	UDL01970.1
OG0002210	ALU73470.1	UDL01995.1
OG0002211	ALU68391.1	UDL02004.1
OG0002212	ALU68390.1	UDL02005.1
OG0002213	ALU68901.1	UDL02006.1
OG0002214	ALU70535.1	UDL02007.1
OG0002215	ALU68695.1	UDL02020.1
OG0002216	ALU68029.1	UDL02021.1
OG0002217	ALU68667.1	UDL02030.1
OG0002219	ALU67726.1	UDL02048.1
OG0002220	ALU68099.1	UDL02057.1
OG0002221	ALU68098.1	UDL02058.1
OG0002222	ALU67937.1	UDL02060.1
OG0002223	ALU67938.1	UDL02061.1
OG0002224	ALU71387.1	UDL02063.1
OG0002225	ALU72316.1	UDL02068.1
OG0002226	ALU72317.1	UDL02069.1
OG0002227	ALU72318.1	UDL02070.1
OG0002228	ALU72319.1	UDL02071.1
OG0002229	ALU72320.1	UDL02073.1
OG0002231	ALU69348.1	UDL02084.1
OG0002232	ALU68774.1	UDL02085.1
OG0002233	ALU72871.1	UDL02086.1
OG0002234	ALU69005.1	UDL02090.1
OG0002235	ALU69675.1	UDL02092.1
OG0002236	ALU68013.1	UDL02109.1
OG0002238	ALU72247.1	UDL02119.1
OG0002239	ALU72664.1	UDL02120.1
OG0002240	ALU69090.1	UDL02125.1
OG0002241	ALU71430.1	UDL02144.1
OG0002242	ALU71429.1	UDL02145.1
OG0002243	ALU70477.1	UDL02146.1
OG0002244	ALU71447.1	UDL02148.1
OG0002245	ALU70887.1	UDL02151.1
OG0002246	ALU70885.1	UDL02153.1
OG0002247	ALU69316.1	UDL02169.1
OG0002248	ALU69081.1	UDL02182.1
OG0002249	ALU69080.1	UDL02183.1
OG0002250	ALU70419.1	UDL02210.1
OG0002251	ALU70418.1	UDL02213.1
OG0002252	ALU70420.1	UDL02214.1
OG0002253	ALU70421.1	UDL02215.1
OG0002254	ALU72588.1	UDL02218.1
OG0002255	ALU73334.1	UDL02261.1
OG0002256	ALU70944.1	UDL02264.1
OG0002257	ALU73338.1	UDL02279.1
