Orthogroup	Rhodococcus_erythropolis_aa	Bacillus_subtilis_aa
OG0000003	ALU71496.1	CAX52610.1, CAB13251.1
OG0000003	ALU71022.1, ALU69919.1, ALU73632.1, ALU73298.1	CAB14758.1, CAB13014.1, CAB14053.2
OG0000003	ALU69713.1, ALU68048.1, ALU69753.1, ALU72626.1	CAB15224.2
OG0000005	ALU69649.1	CAB14583.1
OG0000005	ALU72250.1	CAB14870.1, CAB14243.1, CAB16077.1
OG0000005	ALU71944.1, ALU72876.1, ALU72847.1	CAB12184.1, CAB13183.1
OG0000006	ALU73583.1, ALU68954.1, ALU69347.1, ALU73437.1, ALU71855.1, ALU73425.1, ALU71126.1, ALU73077.1	CAB12923.1, CAB15608.1, CAB14129.1, CAB14952.1, CAB13094.1, CAB16124.1, CAB13260.1, CAB12896.1
OG0000007	ALU71610.1, ALU72825.1, ALU72850.1, ALU67788.1, ALU71611.1, ALU72838.1, ALU68508.1, ALU71341.1	CAB12873.2, CAB12581.1, CAB15338.1, CAB15997.2, CAB12191.1, CAB11939.1, CAB12673.1
OG0000008	ALU71603.1, ALU72124.1, ALU72893.1, ALU71012.1, ALU71440.1, ALU73318.1, ALU68749.1, ALU69911.1, ALU69012.1, ALU69031.1, ALU69301.1, ALU68689.1, ALU71546.1, ALU73132.1	CAB12828.3
OG0000013	ALU71991.1	CAB15866.1, CAB12870.2, CAB13176.1, CAB12917.1, CAB15509.1
OG0000014	ALU72504.1, ALU73691.1, ALU69266.1, ALU69860.1, ALU70719.1, ALU73043.1, ALU69496.1, ALU73429.1, ALU70745.1, ALU69123.1, ALU72627.1, ALU71143.1, ALU73044.1	CAB12879.1
OG0000015	ALU67854.1	CAB14350.2, CAB15579.1, CAB13625.2, CAB14717.1
OG0000015	ALU68019.1	CAB15692.1, CAB15580.1
OG0000016	ALU72283.1, ALU72809.1, ALU72255.1, ALU73629.1, ALU69351.1, ALU68677.1	CAB15369.1
OG0000016	ALU73496.1, ALU70497.1	CAB12447.1, CAB12930.1
OG0000017	ALU72756.1, ALU70818.1, ALU67851.1, ALU72212.1, ALU70624.1, ALU71412.1, ALU72047.1	CAB12666.1
OG0000018	ALU68359.1, ALU69332.1, ALU69539.1, ALU68347.1, ALU73672.1, ALU68346.1, ALU73671.1, ALU73008.1, ALU73007.1, ALU71673.1, ALU70156.1	CAB12713.1
OG0000019	ALU72265.1, ALU68644.1, ALU69339.1, ALU73607.1, ALU69113.1, ALU70657.1, ALU70293.1, ALU72478.1, ALU71916.1, ALU68611.1, ALU68974.1	CAB14310.1
OG0000024	ALU71290.1	CAB14687.1, CAB14686.1
OG0000024	ALU69819.1	CAB14896.1, CAB12131.1, CAB12154.1, CAB14328.1
OG0000025	ALU72794.1, ALU71948.1, ALU67815.1, ALU71949.1	CAB12348.1
OG0000025	ALU68123.1, ALU68827.1	CAB15567.1
OG0000026	ALU71849.1	CAB14737.1
OG0000026	ALU71856.1, ALU71859.1, ALU72920.1, ALU67971.1, ALU72919.1, ALU69497.1, ALU72918.1, ALU71851.1	CAB12924.1
OG0000027	ALU70733.1, ALU72937.1, ALU72364.1, ALU73014.1, ALU72730.1, ALU70726.1, ALU73398.1	CAB14997.1, CAB13607.2, CAB14615.1, CAB13078.1
OG0000033	ALU73163.1, ALU73435.1	CAB13543.1, CAB11933.1, CAB12805.1, CAB12627.1, CAB13067.1
OG0000034	ALU69306.1	CAB15373.2, CAB13845.1
OG0000034	ALU68547.1	CAB12141.2, CAB16091.1, CAB12336.1, CAB13249.1, CAB14863.1, CAB12334.1
OG0000035	ALU71608.1, ALU68021.1, ALU72982.1	CAB12954.1, CAB12822.2, CAB13328.1, CAB12212.2, CAB15646.1, CAB15602.1
OG0000036	ALU71411.1, ALU68834.1, ALU72668.1, ALU69672.1, ALU69936.1, ALU69166.1, ALU69447.1, ALU70409.1, ALU72524.1, ALU70617.1	CAB15784.1
OG0000037	ALU71078.1, ALU68370.1	CAX52706.1, CAX52589.1
OG0000040	ALU68230.1, ALU73602.1, ALU70016.1	CAB11949.1
OG0000040	ALU69536.1, ALU70100.1	CAB12791.1, CAB15896.1, CAB11874.1
OG0000041	ALU68737.1, ALU68804.1, ALU72798.1, ALU68630.1, ALU71706.1, ALU68244.1, ALU72925.1	CAB15423.2, CAB12044.2
OG0000042	ALU71602.1	CAB12225.1, CAB16025.1
OG0000042	ALU72452.1	CAB12110.2, CAB14660.1
OG0000042	ALU72167.1	CAB14191.1
OG0000044	ALU71031.1	CAB15186.3, CAB13713.1, CAB12145.2, CAB13716.1, CAB12142.2, CAB12143.2, CAB13717.2, CAB13715.1, CAB13714.2
OG0000045	ALU70086.1, ALU71766.1, ALU72742.1	CAB12182.2, CAB15019.1, CAB13310.1, CAB15317.3
OG0000046	ALU69677.1, ALU70555.1, ALU70554.1, ALU69446.1	CAB12304.1
OG0000047	ALU71172.1, ALU73126.1, ALU71580.1, ALU71769.1, ALU70958.1, ALU70460.1, ALU72837.1, ALU71665.1	CAB12658.1, CAB15916.1
OG0000048	ALU69333.1, ALU68360.1	CAB12712.1
OG0000048	ALU69537.1	CAB15037.2
OG0000049	ALU70995.1, ALU70996.1	CAB12798.1, CAB15119.2, CAB12794.1, CAB14602.1, CAB14406.1
OG0000050	ALU68717.1, ALU71218.1, ALU68718.1, ALU70133.1	CAB13191.1, CAB13240.1, CAB14088.1, CAB14800.1, CAB15782.1, CAB15276.1
OG0000051	ALU68187.1, ALU70568.1, ALU68186.1, ALU70445.1, ALU71937.1	CAB13450.1
OG0000052	ALU71906.1, ALU72134.1, ALU67960.1, ALU67875.1, ALU71045.1, ALU68756.1, ALU72132.1	CAB13726.1
OG0000053	ALU68350.1, ALU71253.1, ALU72981.1, ALU72734.1	CAB15415.1, CAB15131.1
OG0000053	ALU68934.1	CAB14632.2
OG0000054	ALU70700.1, ALU72776.1, ALU72971.1, ALU72315.1, ALU73564.1, ALU67849.1, ALU68500.1	CAB14815.1, CAB15453.2
OG0000055	ALU72254.1, ALU72293.1, ALU70013.1, ALU71182.1, ALU70557.1, ALU72551.1	CAB15066.1, CAB15069.1
OG0000064	ALU70189.1, ALU71866.1	CAB15508.1, CAB12611.1, CAB16050.1, CAB12404.1, CAB12031.1, CAB15246.1
OG0000065	ALU68705.1, ALU71511.1	CAB12209.1, CAB14263.1, CAB13314.1, CAB12889.1
OG0000066	ALU71213.1	CAB15600.2, CAB16017.1, CAB12655.1, CAB12442.1, CAB13647.2, CAB15401.1, CAB16007.2, CAB16121.2
OG0000067	ALU71720.1, ALU70920.1, ALU69203.1	CAB14331.2, CAB12492.1, CAB14972.1
OG0000068	ALU70160.1, ALU69623.1, ALU68112.1, ALU69578.1, ALU71340.1, ALU69568.1	CAB13276.2, CAB12667.1
OG0000069	ALU73006.1, ALU71672.1, ALU70155.1, ALU69538.1, ALU69334.1, ALU68345.1, ALU73670.1	CAB12711.3
OG0000070	ALU73064.1	CAB13568.1
OG0000070	ALU71468.1, ALU71369.1, ALU73048.1, ALU69676.1	CAB15449.1
OG0000072	ALU70208.1, ALU70051.1, ALU72967.1, ALU69533.1, ALU71710.1, ALU69873.1	CAB15848.2, CAB14659.1
OG0000073	ALU69402.1, ALU73162.1, ALU71764.1, ALU68041.1	CAB15601.3, CAB15569.1, CAB15582.1
OG0000081	ALU70000.1, ALU71147.1, ALU72391.1, ALU70055.1	CAB12736.1, CAB12256.1, CAB12051.2
OG0000082	ALU73441.1, ALU70924.1, ALU72607.1	CAB13655.1
OG0000083	ALU71274.1	CAB12204.1
OG0000083	ALU67717.1	CAB15647.1, CAB15099.1, CAB16013.1, CAB13311.1
OG0000085	ALU67735.1, ALU69826.1, ALU68936.1, ALU72598.1	CAB14111.1, CAB12738.1, CAB12319.1
OG0000086	ALU67902.1, ALU72053.1, ALU70459.1, ALU72889.1, ALU72788.1, ALU71915.1	CAB12350.1
OG0000087	ALU70314.1, ALU69634.1, ALU71026.1	CAB12414.2, CAB12571.2, CAB13316.1
OG0000088	ALU70973.1, ALU71249.1	CAB15912.1
OG0000089	ALU72843.1, ALU69519.1	CAB13273.2, CAB12796.1, CAB15129.2
OG0000090	ALU71829.1	CAB15983.2, CAB14889.1
OG0000090	ALU73418.1, ALU68442.1	CAB12847.2
OG0000091	ALU68760.1, ALU73375.1, ALU72747.1	CAB12856.1
OG0000091	ALU68061.1	CAB15174.1
OG0000092	ALU68473.1, ALU70533.1, ALU71928.1, ALU68472.1, ALU68424.1, ALU68132.1, ALU70772.1	CAB12922.1
OG0000093	ALU73514.1, ALU68155.1	CAB12997.1
OG0000093	ALU67747.1	CAB13151.1, CAB13002.1
OG0000094	ALU70018.1, ALU69788.1	CAB13147.2, CAB15290.2, CAB16073.1, CAB14354.2
OG0000095	ALU67893.1, ALU68671.1, ALU68087.1, ALU69905.1, ALU69904.1	CAB13199.2
OG0000096	ALU67763.1	CAB13296.2
OG0000096	ALU72206.1	CAB14247.2, CAB13257.1, CAB13685.1
OG0000097	ALU72741.1, ALU71767.1, ALU70085.1, ALU73052.1	CAB15318.2, CAB13309.1, CAB15020.1
OG0000098	ALU69270.1, ALU71363.1, ALU73463.1, ALU71920.1, ALU72474.1, ALU70658.1	CAB13799.1
OG0000099	ALU70791.1	CAB14591.1, CAB14592.2
OG0000099	ALU71903.1	CAB14594.1, CAB15009.2, CAB14385.2
OG0000100	ALU72768.1, ALU68792.1, ALU72262.1, ALU69707.1, ALU72916.1, ALU70563.1	CAB14416.2
OG0000101	ALU72678.1, ALU69950.1, ALU72795.1	CAB15168.1, CAB15094.1, CAB14683.1
OG0000102	ALU69773.1, ALU70723.1, ALU72771.1, ALU73519.1, ALU67727.1, ALU73325.1	CAB15084.1
OG0000103	ALU70043.1, ALU69291.1, ALU69289.1	CAB15375.1, CAB15385.1, CAB15387.1, CAB15377.1
OG0000104	ALU69739.1, ALU69738.1, ALU70159.1, ALU68537.1, ALU67769.1	CAB15444.1
OG0000111	ALU73135.1, ALU68935.1, ALU72194.1, ALU69471.1, ALU72481.1	CAB11862.1
OG0000112	ALU67684.1, ALU70773.1	CAB12015.1, CAB12149.2
OG0000113	ALU70631.1, ALU72789.1, ALU67768.1, ALU68978.1, ALU73608.1	CAB16036.2, CAB12062.1
OG0000114	ALU67725.1, ALU70093.1, ALU69176.1	CAB16014.1, CAB12071.1, CAB12792.1
OG0000116	ALU67760.1, ALU73245.1, ALU72695.1, ALU70489.1, ALU68577.1	CAB12160.2
OG0000117	ALU72594.1, ALU68405.1, ALU73506.1, ALU72297.1	CAB12280.2, CAB13520.1, CAB13218.1
OG0000119	ALU70435.1, ALU70708.1	CAB13804.1
OG0000119	ALU70621.1	CAB12340.1
OG0000120	ALU68446.1	CAB12541.1
OG0000120	ALU69190.1, ALU68940.1, ALU68866.1	CAB12386.1
OG0000121	ALU72803.1, ALU72421.1	CAB14590.1, CAB12388.2, CAB13097.1, CAB15228.1
OG0000122	ALU68260.1	CAB13828.2, CAB14334.1, CAB12637.1, CAB13333.1
OG0000123	ALU70312.1	CAB12697.2, CAB13305.1, CAB12810.1
OG0000124	ALU68151.1, ALU72435.1, ALU70640.1	CAB12740.1
OG0000125	ALU68375.1, ALU68316.1	CAB15778.2, CAB14148.1, CAB12851.2, CAB15138.2
OG0000126	ALU72219.1, ALU70216.1, ALU68096.1, ALU70396.1	CAB13434.1, CAB12931.1
OG0000127	ALU70374.1	CAB15565.1, CAB12951.1
OG0000128	ALU68153.1, ALU73512.1, ALU67724.1	CAB13157.2, CAB13004.1, CAB12994.2
OG0000129	ALU69742.1, ALU68654.1, ALU70981.1	CAB15210.2, CAB15200.1, CAB13086.1
OG0000130	ALU71334.1	CAB13113.1
OG0000130	ALU72580.1, ALU71446.1	CAB13346.1, CAB14242.2, CAB14654.1
OG0000131	ALU72880.1	CAB15454.1, CAB13166.1, CAB13167.1, CAB15455.1
OG0000132	ALU73505.1, ALU68404.1, ALU72587.1, ALU72517.1	CAB13188.1, CAB13629.1
OG0000133	ALU68184.1	CAB13394.1, CAB13358.1
OG0000133	ALU70588.1, ALU69425.1	CAB15838.1
OG0000134	ALU67888.1, ALU68953.1, ALU70879.1, ALU70004.1	CAB13862.1, CAB13409.2
OG0000135	ALU72454.1, ALU70794.1, ALU70515.1, ALU68806.1, ALU69827.1	CAB13802.1
OG0000137	ALU69098.1, ALU72630.1, ALU71257.1, ALU70074.1, ALU68193.1	CAB14828.1
OG0000138	ALU69465.1, ALU72645.1, ALU72359.1, ALU69272.1, ALU68632.1	CAB14933.1
OG0000139	ALU72845.1, ALU69229.1, ALU69107.1, ALU72846.1	CAB15036.1, CAB15213.2
OG0000140	ALU69658.1, ALU68158.1, ALU68543.1	CAB15347.1
OG0000141	ALU72543.1, ALU72554.1, ALU73213.1, ALU73214.1	CAB15642.1, CAB15441.1
OG0000142	ALU72189.1, ALU73060.1, ALU72035.1, ALU69583.1, ALU68586.1	CAB15892.1
OG0000143	ALU71823.1, ALU72944.1, ALU68947.1, ALU72671.1, ALU72041.1	CAB15925.1
OG0000156	ALU67672.1	CAB11856.1
OG0000157	ALU68993.1	CAB13227.1
OG0000157	ALU68995.1, ALU71694.1	CAB11958.1
OG0000158	ALU68053.1	CAB12007.1, CAB12801.1
OG0000159	ALU70319.1	CAB15118.2, CAB15461.1, CAB12078.1, CAB12610.1
OG0000160	ALU71427.1	CAB12122.1, CAB13435.1
OG0000161	ALU73027.1, ALU72491.1, ALU72948.1, ALU69115.1, ALU73532.1	CAB12123.1
OG0000162	ALU71896.1	CAB12125.2
OG0000162	ALU71325.1	CAB14664.1, CAB13073.1
OG0000164	ALU67716.1, ALU68366.1	CAB12331.1, CAB12787.1, CAB12197.1
OG0000165	ALU71566.1	CAB12208.3
OG0000165	ALU70775.1	CAB14787.2
OG0000166	ALU68387.1	CAB12880.1, CAB12784.1, CAB12226.1, CAB12883.1
OG0000168	ALU72325.1, ALU68858.1, ALU72407.1	CAB15403.1, CAB12311.1
OG0000169	ALU69292.1	CAB12355.1, CAB12385.1, CAB13846.1, CAB12612.1
OG0000171	ALU71355.1, ALU71210.1, ALU68902.1, ALU67662.1, ALU69342.1	CAB12365.1
OG0000172	ALU69419.1, ALU69567.1, ALU70311.1	CAB12371.1
OG0000174	ALU69248.1	CAB15006.1, CAB14992.2, CAB12530.1, CAB14834.1, CAB15249.1
OG0000175	ALU69344.1	CAB16107.1
OG0000176	ALU70210.1, ALU70298.1, ALU73396.1, ALU71436.1	CAB12687.1
OG0000177	ALU73115.1, ALU72840.1, ALU72864.1, ALU71185.1	CAB12843.1
OG0000178	ALU68154.1, ALU73513.1	CAB13003.1, CAB13152.1, CAB12993.1
OG0000179	ALU71432.1, ALU72415.1	CAB16109.1, CAB16105.1, CAB13041.1
OG0000181	ALU72651.1, ALU71609.1, ALU69638.1	CAB13363.2, CAB15842.1
OG0000182	ALU70469.1	CAB13582.1, CAB13584.3, CAB13463.1, CAB13583.2
OG0000183	ALU72045.1, ALU71789.1, ALU71723.1	CAB13707.1, CAB14365.2
OG0000184	ALU72257.1, ALU69922.1, ALU69986.1	CAB13838.2
OG0000185	ALU70615.1, ALU71918.1, ALU68777.1, ALU69916.1	CAB14095.1
OG0000186	ALU71803.1	CAB14123.1, CAB15234.1, CAB15233.1, CAB15820.2
OG0000187	ALU70265.1	CAB14156.1
OG0000187	ALU73383.1, ALU70553.1	CAB14132.1
OG0000188	ALU72766.1, ALU71597.1	CAB14162.1, CAB15439.1, CAB14421.2
OG0000189	ALU70304.1	CAB15806.2, CAB14212.2
OG0000190	ALU71638.1	CAB15137.2, CAB14600.1, CAB14332.2
OG0000191	ALU73333.1	CAB14389.1
OG0000191	ALU70187.1	CAB15645.1
OG0000192	ALU69711.1, ALU71736.1, ALU68743.1	CAB14854.2
OG0000193	ALU67750.1, ALU73518.1, ALU69622.1	CAB14946.1
OG0000194	ALU72341.1, ALU68896.1, ALU68924.1	CAB15029.1
OG0000195	ALU68956.1	CAB15247.1, CAB15609.1
OG0000196	ALU67695.1, ALU71034.1, ALU69861.1, ALU67961.1	CAB15258.1
OG0000197	ALU72686.1, ALU68890.1, ALU70886.1	CAB15307.1
OG0000198	ALU70046.1, ALU70047.1, ALU69288.1	CAB15376.1, CAB15386.1
OG0000199	ALU69502.1, ALU68301.1, ALU71822.1	CAB15619.1
OG0000200	ALU71579.1, ALU70959.1, ALU71173.1, ALU71768.1	CAB15917.1
OG0000220	ALU67912.1	CAB11794.1
OG0000220	ALU68929.1	CAB13174.1
OG0000221	ALU71131.1, ALU68351.1	CAB11824.1
OG0000222	ALU70236.1	CAB15717.1
OG0000223	ALU72839.1	CAB13043.1, CAB11936.2
OG0000226	ALU72912.1, ALU72661.1, ALU70196.1	CAB15507.1, CAB12030.1
OG0000228	ALU71314.1	CAB13550.1
OG0000228	ALU72917.1, ALU69734.1	CAB12040.2
OG0000229	ALU70103.1, ALU67655.1	CAB12084.1
OG0000230	ALU73402.1, ALU68643.1, ALU72996.1	CAB15180.2, CAB12117.2
OG0000231	ALU72268.1, ALU70286.1, ALU69247.1, ALU70407.1	CAB12129.2
OG0000232	ALU68290.1, ALU72463.1, ALU71633.1	CAB12130.1
OG0000235	ALU72249.1	CAB12183.1, CAB14871.2, CAB16078.1
OG0000236	ALU73573.1, ALU69750.1, ALU67666.1	CAB12199.1
OG0000237	ALU68942.1, ALU68822.1, ALU69101.1	CAB12217.2
OG0000238	ALU71612.1	CAB12240.1
OG0000239	ALU70709.1	CAB12451.1, CAB12261.1, CAB12354.2
OG0000240	ALU70080.1, ALU71714.1	CAB12265.2, CAB15947.2
OG0000241	ALU68197.1, ALU70271.1	CAB12268.1, CAB14418.2
OG0000243	ALU70630.1, ALU72125.1	CAB12321.1, CAB15790.1
OG0000244	ALU72083.1, ALU68502.1, ALU72043.1	CAB12332.1
OG0000245	ALU71825.1	CAB12344.1, CAB12927.2
OG0000246	ALU70453.1	CAB13090.1, CAB13572.1, CAB12434.1
OG0000247	ALU68922.1, ALU70381.1	CAB12454.2
OG0000249	ALU67923.1	CAB12578.1, CAB15335.1, CAB15283.1
OG0000250	ALU68509.1, ALU69840.1, ALU68111.1	CAB12580.1
OG0000251	ALU71659.1, ALU68931.1	CAB13294.2, CAB12623.1
OG0000252	ALU70038.1, ALU69238.1	CAB12629.1
OG0000254	ALU72656.1, ALU67800.1	CAB12701.1, CAB14440.2
OG0000255	ALU70608.1	CAB13019.1, CAB12749.2, CAB13420.3
OG0000256	ALU71425.1	CAB13368.2, CAB12751.1, CAB14948.1
OG0000257	ALU68335.1, ALU71264.1	CAB13865.1, CAB12754.2
OG0000258	ALU71819.1, ALU69588.1, ALU71296.1	CAB12758.2
OG0000259	ALU68023.1, ALU68024.1, ALU71591.1	CAB12793.1
OG0000260	ALU72758.1	CAB15961.1, CAB12808.2
OG0000261	ALU72738.1	CAB12857.1, CAB12974.1
OG0000262	ALU71717.1	CAB12874.1
OG0000263	ALU69915.1	CAB13044.1, CAB13045.1, CAB14667.1
OG0000264	ALU71046.1	CAB13065.2, CAB13361.1
OG0000265	ALU69453.1, ALU73665.1	CAB13171.1, CAB13173.1
OG0000266	ALU69206.1, ALU70873.1	CAB13194.1, CAB13278.2
OG0000268	ALU73572.1	CAB13288.1, CAB13290.2, CAB15511.1
OG0000269	ALU71272.1, ALU68328.1, ALU68336.1	CAB13422.2
OG0000270	ALU73323.1, ALU69021.1, ALU68753.1	CAB13464.1
OG0000271	ALU70833.1, ALU71498.1	CAB14283.2, CAB13487.1
OG0000272	ALU70764.1	CAB15730.1, CAB13506.1, CAB13678.1, CAB13515.2
OG0000273	ALU71391.1	CAB13559.2, CAB15769.1, CAB13544.2
OG0000274	ALU67828.1	CAB13549.2, CAB14807.1, SOX90588.1
OG0000276	ALU71450.1, ALU71451.1	CAB15362.1, CAB13613.1, CAB13614.1
OG0000277	ALU69794.1, ALU72566.1	CAB15584.1, CAB13701.1, CAB15063.1
OG0000279	ALU71200.1	CAB16130.1, CAB15756.2, CAB13750.2
OG0000280	ALU72752.1	CAB13764.1
OG0000281	ALU69482.1, ALU68283.1	CAB15412.2, CAB13811.1
OG0000282	ALU68284.1, ALU69481.1	CAB13812.1, CAB15411.1
OG0000283	ALU72056.1, ALU68516.1, ALU72066.1	CAB13823.1
OG0000284	ALU68036.1, ALU70484.1, ALU70372.1	CAB14117.1
OG0000285	ALU71867.1, ALU73567.1	CAB16010.1, CAB14128.1
OG0000286	ALU67928.1, ALU69099.1, ALU70691.1	CAB14178.2
OG0000287	ALU68198.1	CAB14268.1
OG0000288	ALU69450.1, ALU68217.1	CAB16141.1, CAB14320.1
OG0000289	ALU72870.1, ALU69228.1	CAB15918.1, CAB14322.2
OG0000290	ALU69211.1	CAB15745.1
OG0000290	ALU71996.1	CAB14346.2
OG0000291	ALU71890.1, ALU73447.1, ALU70762.1	CAB14362.1
OG0000292	ALU67932.1, ALU70178.1, ALU68696.1	CAB14652.1
OG0000293	ALU69920.1	CAB14674.1
OG0000294	ALU72350.1	CAB14837.1
OG0000294	ALU70824.1, ALU72422.1	CAB15219.1
OG0000295	ALU68014.1, ALU73676.1	CAB14967.1
OG0000296	ALU70636.1, ALU71606.1	CAB14971.2
OG0000297	ALU72868.1, ALU69226.1	CAB15056.1
OG0000298	ALU71689.1, ALU69204.1	CAB15121.3
OG0000299	ALU73412.1, ALU73424.1, ALU73695.1	CAB15133.1
OG0000300	ALU70982.1, ALU68865.1	CAB15155.2
OG0000301	ALU68392.1, ALU68338.1	CAB15237.1
OG0000302	ALU70030.1, ALU68311.1	CAB15245.1, CAB15907.1
OG0000303	ALU69249.1, ALU68314.1, ALU70029.1	CAB15248.1
OG0000304	ALU72286.1, ALU68308.1, ALU71305.1	CAB15371.1, CAB15372.1
OG0000305	ALU69883.1, ALU72562.1, ALU72553.1	CAB15430.1
OG0000306	ALU72541.1, ALU72544.1, ALU72555.1	CAB15575.1, CAB15640.1
OG0000307	ALU72548.1, ALU72168.1	CAB15576.1
OG0000308	ALU70620.1, ALU70718.1, ALU70675.1	CAB15673.1
OG0000309	ALU67766.1, ALU73702.1	CAB15759.1
OG0000310	ALU72672.1, ALU72040.1, ALU68948.1	CAB15924.1
OG0000337	ALU68205.1	CAB11782.1, CAB13692.2
OG0000338	ALU71876.1	CAB14251.1, CAB14280.1, CAB11786.1
OG0000341	ALU73155.1	CAB11845.1
OG0000342	ALU70749.1	CAB14184.1, CAB11850.1
OG0000343	ALU68188.1, ALU68813.1	CAB11851.1
OG0000344	ALU73457.1, ALU73153.1	CAB11853.1
OG0000345	ALU69403.1	CAB12632.1, CAB11857.1
OG0000346	ALU72005.1, ALU71448.1	CAB11914.1
OG0000347	ALU70985.1	CAB12189.1, CAB11937.2, CAB15336.1
OG0000348	ALU68394.1	CAB12648.1
OG0000348	ALU72663.1	CAB11945.1
OG0000349	ALU71978.1	CAB11954.1, CAB11983.1
OG0000350	ALU68996.1	CAB12630.1, CAB11956.1
OG0000351	ALU72076.1	CAB11985.2, CAB15764.1
OG0000352	ALU68150.1, ALU73594.1, ALU69109.1	CAB11993.2
OG0000353	ALU69214.1	CAB12004.1
OG0000354	ALU70099.1	CAB12010.1
OG0000355	ALU70531.1	CAB15881.2, CAB12033.1
OG0000357	ALU70903.1	CAB12035.1, CAB12941.1
OG0000358	ALU70925.1	CAB12058.2, CAB12418.1
OG0000359	ALU73436.1, ALU68600.1	CAB12063.1
OG0000360	ALU71738.1	CAB12066.1, CAB15547.1
OG0000361	ALU69745.1	CAB12069.1, CAB12660.2
OG0000363	ALU71136.1, ALU71137.1	CAB12106.3
OG0000364	ALU69488.1	CAB12114.1, CAB15274.1
OG0000365	ALU71189.1	CAB16048.1, CAB15962.2, CAB12135.1
OG0000366	ALU67667.1, ALU68676.1	CAB12198.1
OG0000367	ALU69059.1	CAB12214.3, CAB12243.1
OG0000368	ALU69000.1, ALU73082.1	CAB12216.2
OG0000369	ALU73274.1	CAB12474.2, CAB12232.1
OG0000370	ALU67733.1	CAB12233.1, CAB13485.1
OG0000371	ALU72830.1	CAB15141.1, CAB12252.1, CAB12587.1
OG0000372	ALU71975.1	CAB12271.1, CAB13648.1
OG0000373	ALU69541.1	CAB12316.1, CAB12326.1
OG0000374	ALU71921.1	CAB12337.1, CAB15616.1, CAB14588.2
OG0000375	ALU69810.1	CAB12652.1, CAB12357.1
OG0000376	ALU72815.1	CAB13079.1, CAB13834.2, CAB12391.2
OG0000377	ALU71910.1	CAB12393.2, CAB12780.2
OG0000379	ALU70676.1	CAB13088.1, CAB12435.1, CAB13641.2
OG0000380	ALU71021.1	CAB12452.2
OG0000381	ALU69566.1	CAB12456.1, CAB14977.1
OG0000382	ALU72841.1, ALU68944.1	CAB12464.1
OG0000383	ALU72855.1	CAB12473.1, CAB15798.1
OG0000384	ALU71219.1	CAB12493.1, CAB12631.1
OG0000386	ALU70028.1, ALU68313.1	CAB12517.1
OG0000388	ALU68082.1, ALU73466.1	CAB12542.1
OG0000390	ALU70992.1, ALU70990.1, ALU71631.1	CAB12572.1
OG0000391	ALU69683.1, ALU69864.1, ALU68927.1	CAB12577.1
OG0000392	ALU72486.1	CAB14627.1, CAB15932.2, CAB12590.1
OG0000393	ALU69373.1	CAB12594.1
OG0000394	ALU68400.1	CAB14644.2, CAB12614.1
OG0000395	ALU71517.1	CAB13196.1, CAB13146.2, CAB12688.1
OG0000396	ALU72208.1	CAB14772.1, CAB12699.3
OG0000397	ALU67799.1	CAB15889.1, CAB12710.2
OG0000398	ALU67929.1	CAB12747.1
OG0000399	ALU70904.1	CAB12752.1
OG0000400	ALU69587.1, ALU71820.1	CAB12757.2
OG0000401	ALU71994.1, ALU71620.1	CAB12762.1
OG0000402	ALU71641.1, ALU71640.1	CAB12800.1
OG0000404	ALU70401.1	CAB12823.2, CAB14492.2
OG0000405	ALU71237.1	CAB12826.1, CAB14723.1
OG0000406	ALU73117.1	CAB12850.1
OG0000407	ALU71863.1, ALU73037.1	CAB12890.1
OG0000408	ALU73401.1, ALU71565.1	CAB12915.1
OG0000409	ALU70541.1	CAB15032.1, CAB12919.2, CAB16028.2
OG0000411	ALU70398.1	CAB12933.2, CAB13431.1
OG0000412	ALU70811.1	CAB16071.1, CAB12963.2
OG0000413	ALU71089.1	CAB12964.2, CAB13425.1
OG0000414	ALU71088.1	CAB13426.1, CAB12965.3
OG0000415	ALU72922.1	CAB12996.2
OG0000416	ALU67748.1	CAB13150.1, CAB13001.1
OG0000417	ALU72048.1	CAB13017.1, CAB15874.1
OG0000418	ALU72395.1	CAB15855.1, CAB13023.1
OG0000419	ALU71708.1	CAB13300.1, CAB13027.1
OG0000422	ALU70154.1	CAB14543.1, CAB13126.2
OG0000423	ALU70511.1, ALU72183.1	CAB13141.2
OG0000424	ALU70668.1, ALU72862.1	CAB16086.2, CAB13145.2
OG0000425	ALU68628.1	CAB13160.2
OG0000426	ALU70079.1, ALU72282.1, ALU67671.1	CAB13230.1
OG0000427	ALU69995.1	CAB15796.1, CAB13231.1
OG0000428	ALU71277.1, ALU70193.1	CAB13263.1, CAB15479.1
OG0000429	ALU70194.1, ALU71273.1	CAB13264.2
OG0000430	ALU70721.1, ALU70201.1	CAB13269.1
OG0000431	ALU71259.1, ALU70475.1	CAB13295.1
OG0000432	ALU71628.1, ALU69795.1	CAB13301.1
OG0000433	ALU71313.1	CAB13326.1, CAB13551.2
OG0000434	ALU70173.1, ALU68258.1	CAB13331.1
OG0000435	ALU69598.1	CAB14337.2, CAB13334.1
OG0000436	ALU71538.1, ALU69784.1	CAB13381.1
OG0000437	ALU70581.1	CAB15027.1, CAB13387.1
OG0000438	ALU70583.1	CAB13390.2, CAB13389.2
OG0000439	ALU70584.1, ALU67835.1	CAB13391.1
OG0000440	ALU70586.1, ALU70204.1	CAB13392.2
OG0000442	ALU69545.1, ALU71544.1	CAB13460.1
OG0000443	ALU70247.1	CAB15698.1, CAB13497.2
OG0000444	ALU70432.1, ALU69926.1	CAB13526.1
OG0000445	ALU71422.1, ALU73020.1	CAB13530.1
OG0000446	ALU71405.1, ALU70352.1	CAB13536.1
OG0000447	ALU71311.1	CAB13553.3, CAB14959.2
OG0000448	ALU70638.1	CAB13573.1, CAB15000.1
OG0000449	ALU71617.1	CAB13899.2, CAB13621.1
OG0000450	ALU71616.1	CAB13898.2, CAB13622.1
OG0000451	ALU71613.1	CAB13896.2, CAB13623.1
OG0000452	ALU73067.1, ALU71454.1	CAB13636.1
OG0000453	ALU69710.1	CAB13645.1, CAB16043.1, CAB13748.1
OG0000454	ALU68849.1, ALU71270.1	CAB13669.1
OG0000455	ALU70758.1, ALU68167.1	CAB13727.2
OG0000456	ALU68168.1, ALU70757.1	CAB13728.2
OG0000457	ALU72238.1	CAB13741.2, CAB14312.1
OG0000458	ALU67834.1	CAB15405.1, CAB13769.1
OG0000459	ALU72866.1	CAB13772.1
OG0000460	ALU70363.1	CAB14218.1, CAB13814.1
OG0000461	ALU72379.1	CAB13832.1
OG0000462	ALU69671.1, ALU73653.1, ALU69240.1	CAB13942.1
OG0000463	ALU71557.1	CAB14023.1, CAB14195.1
OG0000464	ALU70425.1	CAB14319.2, CAB14303.1, CAB14068.2
OG0000465	ALU72779.1, ALU70546.1	CAB14171.1
OG0000466	ALU71553.1, ALU68916.1	CAB14199.1
OG0000467	ALU72203.1	CAB14245.2, CAB14776.2
OG0000468	ALU70837.1	CAB14248.2, CAB14982.2
OG0000469	ALU70229.1, ALU70291.1	CAB14270.1
OG0000470	ALU70042.1, ALU73576.1	CAB14882.1, CAB14287.1
OG0000471	ALU70122.1, ALU69029.1	CAB14311.1
OG0000472	ALU71049.1, ALU73475.1	CAB14317.2
OG0000473	ALU72401.1	CAB14340.2, CAB15793.1
OG0000474	ALU70258.1, ALU72673.1	CAB14348.1
OG0000475	ALU73430.1, ALU69053.1, ALU69637.1	CAB14352.1
OG0000476	ALU72105.1, ALU72579.1	CAB14364.2
OG0000477	ALU71096.1	CAB14377.1
OG0000478	ALU71248.1, ALU71395.1	CAB14383.2
OG0000479	ALU69328.1, ALU68060.1	CAB14432.3
OG0000480	ALU71234.1, ALU71245.1	CAB14450.2
OG0000481	ALU72518.1, ALU70405.1	CAB14488.2
OG0000482	ALU69635.1	CAB14503.1
OG0000483	ALU69500.1, ALU70340.1	CAB14508.2
OG0000484	ALU72456.1, ALU68049.1	CAB14606.1
OG0000485	ALU69515.1, ALU70651.1	CAB14612.1
OG0000486	ALU69516.1	CAB14613.1, CAB15628.1
OG0000488	ALU70778.1, ALU71288.1	CAB14684.1
OG0000489	ALU70070.1, ALU73003.1	CAB14689.1
OG0000490	ALU71590.1	CAB14937.1, CAB14693.2
OG0000491	ALU71159.1	CAB14720.1
OG0000492	ALU70349.1	CAB14768.1
OG0000494	ALU71558.1	CAB14785.1
OG0000495	ALU68708.1, ALU71845.1	CAB14804.2
OG0000496	ALU68740.1, ALU68137.1	CAB14816.1
OG0000497	ALU70802.1	CAB14823.1, CAB14960.1
OG0000499	ALU71186.1	CAB15783.2, CAB14855.1
OG0000500	ALU70770.1, ALU68998.1	CAB14869.1
OG0000501	ALU69625.1, ALU68329.1	CAB14881.2
OG0000502	ALU70822.1	CAB15872.1, CAB14945.1
OG0000504	ALU71548.1, ALU72126.1	CAB15030.1
OG0000505	ALU68266.1, ALU73078.1	CAB15055.1
OG0000506	ALU70014.1	CAB15074.1, CAB15075.1
OG0000507	ALU67804.1	CAB15611.1, CAB15144.1
OG0000509	ALU70182.1	CAB15192.1
OG0000510	ALU71796.1	CAB15235.1
OG0000511	ALU71799.1, ALU70715.1	CAB15238.1
OG0000512	ALU72352.1, ALU72416.1	CAB15253.1
OG0000513	ALU69146.1	CAB15262.1
OG0000514	ALU68757.1	CAB15272.1
OG0000515	ALU68891.1	CAB15308.1
OG0000516	ALU70389.1, ALU69522.1	CAB15343.1
OG0000517	ALU70788.1, ALU68484.1	CAB15350.1
OG0000518	ALU68045.1	CAB15353.1
OG0000519	ALU67678.1, ALU72223.1	CAB15357.1
OG0000520	ALU69535.1, ALU68867.1	CAB15360.1
OG0000521	ALU69290.1	CAB15388.1, CAB15378.1
OG0000522	ALU71763.1	CAB15808.3, CAB15440.1
OG0000523	ALU70006.1, ALU70005.1	CAB15469.1
OG0000524	ALU70195.1, ALU72913.1	CAB15506.1
OG0000525	ALU68383.1	CAB16127.1, CAB15648.2
OG0000526	ALU67868.1, ALU71530.1	CAB15668.1
OG0000527	ALU72849.1, ALU68011.1	CAB15670.1
OG0000528	ALU69651.1	CAB15752.1, CAB15676.1, CAB15747.1
OG0000529	ALU69462.1, ALU71359.1	CAB15677.1
OG0000530	ALU69394.1, ALU67942.1	CAB15683.1
OG0000531	ALU70251.1	CAB15693.1, CAB15727.2
OG0000532	ALU68332.1, ALU71834.1	CAB15706.1
OG0000533	ALU69929.1, ALU70238.1	CAB15707.1
OG0000534	ALU72727.1, ALU70237.1	CAB15712.1
OG0000535	ALU72460.1	CAB16003.1, CAB15729.1
OG0000536	ALU68663.1, ALU68645.1	CAB15908.1
OG0000537	ALU69094.1	CAB16069.1, CAB15974.1
OG0000538	ALU73737.1, ALU71850.1, ALU71871.1	CAB16008.1
OG0000539	ALU69924.1	CAB16119.1, CAB16116.1
OG0000540	ALU72384.1, ALU71881.1	CAB16125.1
OG0000541	ALU69778.1, ALU68384.1	CAB16126.2
OG0000542	ALU68221.1, ALU70834.1	CAB16134.1
OG0000543	ALU72374.1	CAE01465.2
OG0000544	ALU68149.1, ALU70861.1, ALU70987.1	CAX52582.1
OG0000633	ALU68213.1	CAB11777.1
OG0000634	ALU68212.1	CAB11778.1
OG0000635	ALU68148.1	CAB11779.1
OG0000636	ALU68210.1	CAB11780.1
OG0000637	ALU68204.1	CAB11783.1
OG0000638	ALU71956.1	CAB11785.1
OG0000639	ALU71180.1	CAB11787.1
OG0000640	ALU71174.1	CAB11788.1
OG0000641	ALU68028.1	CAB11789.1
OG0000643	ALU70266.1	CAB11793.1, CAB15164.1
OG0000644	ALU67867.1	CAB11795.2
OG0000645	ALU67853.1	CAB11796.1
OG0000646	ALU67852.1	CAB11797.1
OG0000647	ALU68408.1	CAB13336.1, CAB11803.1
OG0000648	ALU71744.1	CAB11804.2
OG0000649	ALU69813.1	CAB11812.1
OG0000651	ALU69815.1	CAB11814.1
OG0000652	ALU69816.1	CAB11815.1
OG0000653	ALU69822.1	CAB11818.1
OG0000654	ALU69830.1	CAB11822.1
OG0000655	ALU69872.1	CAB11826.1
OG0000656	ALU69871.1	CAB11827.1
OG0000657	ALU69857.1	CAB11829.1
OG0000658	ALU69881.1	CAB11831.1
OG0000659	ALU69882.1	CAB11834.1
OG0000660	ALU73156.1	CAB11844.1
OG0000661	ALU73145.1	CAB11846.2
OG0000663	ALU72781.1	CAB11849.1
OG0000664	ALU69375.1	CAB11852.1, CAB12806.1
OG0000665	ALU73152.1	CAB11854.1
OG0000666	ALU73151.1	CAB11855.1
OG0000667	ALU73139.1	CAB11858.1
OG0000668	ALU73097.1	CAB11863.1
OG0000669	ALU73094.1	CAB11866.1
OG0000670	ALU73093.1	CAB11867.1
OG0000671	ALU71563.1	CAB11868.1
OG0000672	ALU73092.1	CAB11870.1
OG0000673	ALU73091.1	CAB11872.1
OG0000674	ALU72158.1	CAB11877.1
OG0000675	ALU72157.1	CAB11878.2
OG0000676	ALU72156.1	CAB11879.2
OG0000677	ALU72154.1	CAB11880.2
OG0000678	ALU72153.1	CAB11881.1
OG0000679	ALU72141.1	CAB11883.2
OG0000680	ALU72140.1	CAB11884.2
OG0000681	ALU72113.1	CAB11886.2
OG0000682	ALU72112.1	CAB11887.2
OG0000683	ALU72111.1	CAB11888.2
OG0000684	ALU72110.1	CAB11889.1
OG0000685	ALU72028.1	CAB11891.1
OG0000686	ALU72027.1	CAB11892.1
OG0000687	ALU72026.1	CAB11893.1
OG0000688	ALU72025.1	CAB11894.2
OG0000689	ALU72024.1	CAB11895.2
OG0000690	ALU72023.1	CAB11896.1
OG0000691	ALU72022.1	CAB11897.1
OG0000692	ALU72021.1	CAB11898.2
OG0000693	ALU72020.1	CAB11899.1
OG0000694	ALU72019.1	CAB11900.1
OG0000695	ALU72018.1	CAB11901.1
OG0000696	ALU72017.1	CAB11902.1
OG0000697	ALU72016.1	CAB11903.1
OG0000698	ALU72015.1	CAB11904.1
OG0000699	ALU72013.1	CAB11906.2
OG0000700	ALU72012.1	CAB11907.1
OG0000701	ALU72011.1	CAB11908.2
OG0000702	ALU72010.1	CAB11909.1
OG0000703	ALU72009.1	CAB11910.1
OG0000704	ALU72008.1	CAB11911.1
OG0000705	ALU72007.1	CAB11912.1
OG0000706	ALU72006.1	CAB11913.1
OG0000707	ALU72004.1	CAB11915.1
OG0000708	ALU72003.1	CAB11916.1
OG0000709	ALU72002.1	CAB11917.2
OG0000710	ALU72001.1	CAB11918.1
OG0000711	ALU71999.1	CAB11919.1
OG0000712	ALU71998.1	CAB11920.1
OG0000713	ALU71301.1	CAB11921.2
OG0000714	ALU71302.1	CAB11923.2
OG0000715	ALU71997.1	CAB11924.2
OG0000716	ALU71985.1	CAB11925.2
OG0000717	ALU71984.1	CAB11926.1
OG0000718	ALU70020.1	CAB11930.1
OG0000720	ALU72757.1	CAB11942.1
OG0000721	ALU70464.1	CAB11943.2
OG0000722	ALU72662.1	CAB11946.1
OG0000723	ALU71983.1	CAB11953.1
OG0000725	ALU68131.1	CAB12147.2, CAB12011.1
OG0000726	ALU69254.1	CAB12322.1, CAB12016.1
OG0000727	ALU69002.1	CAB12351.1, CAB12020.1
OG0000728	ALU70905.1	CAB12027.1
OG0000729	ALU71215.1	CAB13356.1, CAB12037.1
OG0000734	ALU68395.1	CAB12089.1
OG0000736	ALU69959.1	CAB12099.2
OG0000737	ALU71624.1	CAB12107.1
OG0000738	ALU71100.1	CAB12109.2
OG0000740	ALU71703.1	CAB12126.2, CAB12124.1
OG0000741	ALU71704.1	CAB15760.2, CAB12127.2
OG0000744	ALU73543.1	CAB12192.1, CAB12729.1
OG0000747	ALU68744.1	CAB12195.1
OG0000748	ALU68092.1	CAB12203.2
OG0000749	ALU70452.1	CAB13095.1, CAB12207.2
OG0000750	ALU73081.1	CAB12213.3
OG0000751	ALU70545.1	CAB12220.1
OG0000753	ALU72050.1	CAB12254.1
OG0000754	ALU71551.1	CAB12263.1
OG0000755	ALU70585.1	CAB12264.1
OG0000756	ALU69989.1, ALU69990.1	CAB12266.1
OG0000757	ALU70520.1	CAB12287.1, CAB13973.1
OG0000758	ALU70485.1	CAB15620.1, CAB12341.1
OG0000762	ALU69712.1	CAB12369.1, CAB14651.2
OG0000763	ALU68997.1, ALU70895.1	CAB12372.1
OG0000764	ALU72321.1, ALU72329.1	CAB12389.1
OG0000766	ALU71973.1	CAB12410.1
OG0000767	ALU71972.1	CAB12411.1
OG0000768	ALU71971.1	CAB12412.1
OG0000769	ALU71970.1	CAB12413.1
OG0000770	ALU71629.1	CAB12415.1
OG0000771	ALU72232.1	CAB12416.1
OG0000772	ALU71966.1	CAB12421.2
OG0000773	ALU72348.1	CAB12422.1
OG0000774	ALU70458.1	CAB12436.1
OG0000776	ALU67864.1, ALU67820.1	CAB12449.1
OG0000777	ALU71951.1	CAB12455.2
OG0000778	ALU71771.1	CAB12462.1
OG0000779	ALU71772.1	CAB12463.2
OG0000780	ALU72833.1	CAB12465.1
OG0000781	ALU72820.1	CAB12466.1
OG0000782	ALU72819.1	CAB12467.1
OG0000783	ALU69362.1	CAB12468.2
OG0000784	ALU69366.1	CAB12469.2
OG0000785	ALU69370.1	CAB12470.2
OG0000786	ALU69760.1	CAB12471.2
OG0000787	ALU69761.1	CAB12472.2
OG0000789	ALU69752.1	CAB12481.1
OG0000790	ALU71587.1	CAB12482.1
OG0000791	ALU67660.1	CAB12485.1
OG0000792	ALU71584.1	CAB12487.1
OG0000793	ALU71583.1	CAB12488.1
OG0000794	ALU71577.1	CAB12489.2
OG0000798	ALU69255.1	CAB15255.1, CAB12535.1
OG0000800	ALU72968.1	CAB12544.1, CAB14658.1
OG0000801	ALU71761.1	CAB12546.1
OG0000802	ALU68805.1	CAB12551.1
OG0000803	ALU70120.1	CAB12553.1, CAB12785.1
OG0000804	ALU68652.1	CAB12554.1, CAB15909.1
OG0000805	ALU72726.1	CAB12558.1
OG0000806	ALU72476.1	CAB12559.1
OG0000807	ALU72488.1, ALU72831.1	CAB12588.1
OG0000808	ALU72485.1	CAB12592.2
OG0000809	ALU71533.1	CAB12593.1
OG0000810	ALU70192.1	CAB12599.1, CAB12649.1
OG0000811	ALU67901.1, ALU72437.1	CAB12650.1
OG0000812	ALU72438.1, ALU67900.1	CAB12651.1
OG0000813	ALU71443.1	CAB12676.1
OG0000814	ALU71292.1	CAB12681.1
OG0000815	ALU73111.1	CAB12691.1
OG0000816	ALU70283.1	CAB12700.2
OG0000817	ALU72386.1	CAB12707.2
OG0000818	ALU71938.1	CAB15457.1, CAB12708.2
OG0000819	ALU69779.1	CAB12716.1
OG0000820	ALU71895.1	CAB12721.2
OG0000822	ALU69586.1	CAB12756.1
OG0000824	ALU70357.1	CAB12804.1
OG0000825	ALU71236.1	CAB12825.2
OG0000826	ALU71203.1	CAB12852.1
OG0000827	ALU71016.1	CAB12853.1
OG0000828	ALU71202.1	CAB12854.1
OG0000829	ALU69052.1	CAB12872.1
OG0000830	ALU71300.1	CAB12877.1
OG0000832	ALU67972.1	CAB12895.1, CAB15815.1
OG0000834	ALU69948.1	CAB12904.3
OG0000835	ALU69949.1	CAB12905.2
OG0000838	ALU70570.1	CAB12920.1
OG0000840	ALU71032.1	CAB12956.1
OG0000841	ALU67988.1, ALU67859.1	CAB12958.3
OG0000842	ALU70808.1	CAB12960.2
OG0000843	ALU70809.1	CAB12961.2
OG0000844	ALU70810.1	CAB12962.1
OG0000845	ALU70812.1	CAB12966.1
OG0000846	ALU70467.1	CAB12975.1
OG0000847	ALU71878.1	CAB12999.1
OG0000848	ALU67749.1	CAB13153.2, CAB13000.1
OG0000850	ALU70321.1	CAB13013.1
OG0000851	ALU70827.1	CAB14932.1, CAB13018.1
OG0000852	ALU71128.1	CAB13020.1
OG0000853	ALU72392.1	CAB13026.1
OG0000854	ALU72387.1	CAB13028.1
OG0000855	ALU71017.1	CAB13029.2
OG0000856	ALU69988.1, ALU71701.1	CAB13080.1
OG0000862	ALU72873.1	CAB13149.2
OG0000864	ALU68824.1	CAB13155.1
OG0000865	ALU68697.1	CAB13161.1
OG0000867	ALU73458.1	CAB13168.2
OG0000868	ALU70356.1	CAB13169.2
OG0000869	ALU70367.1	CAB13170.2
OG0000870	ALU72299.1, ALU69479.1	CAB13175.2
OG0000871	ALU69786.1	CAB13182.1
OG0000873	ALU72164.1	CAB13222.1, CAB15904.1
OG0000875	ALU71630.1	CAB13303.1
OG0000876	ALU71275.1	CAB13312.1
OG0000877	ALU71276.1	CAB13313.1
OG0000880	ALU68259.1	CAB13332.1
OG0000881	ALU71232.1	CAB13340.1
OG0000882	ALU69984.1	CAB13350.1
OG0000883	ALU70542.1	CAB13362.1, CAB15843.2
OG0000884	ALU70549.1	CAB15841.1, CAB13364.1
OG0000885	ALU71542.1	CAB13374.2
OG0000886	ALU71541.1	CAB13375.1
OG0000887	ALU69341.1, ALU68620.1	CAB13377.1
OG0000888	ALU70580.1	CAB13386.1
OG0000889	ALU70587.1	CAB13393.1
OG0000890	ALU70589.1	CAB13395.2
OG0000891	ALU72269.1	CAB13396.1
OG0000892	ALU68189.1, ALU70864.1	CAB13399.2
OG0000893	ALU70592.1	CAB13402.2
OG0000894	ALU70593.1	CAB13411.1
OG0000895	ALU70594.1	CAB13412.1
OG0000896	ALU70600.1	CAB13417.2
OG0000898	ALU70607.1	CAB13419.1
OG0000899	ALU71093.1	CAB13421.1
OG0000900	ALU71092.1	CAB13423.2
OG0000901	ALU71091.1	CAB13424.2
OG0000902	ALU70881.1	CAB13428.1
OG0000903	ALU72477.1	CAB13430.1
OG0000904	ALU70395.1, ALU71700.1	CAB13436.1
OG0000905	ALU71084.1	CAB13441.2
OG0000906	ALU71082.1	CAB13443.1
OG0000907	ALU71080.1	CAB13444.1
OG0000908	ALU72382.1	CAB13445.1
OG0000909	ALU71075.1	CAB13446.1
OG0000910	ALU71074.1	CAB13447.1
OG0000911	ALU71487.1	CAB13448.1
OG0000912	ALU68183.1	CAB13449.1
OG0000913	ALU71072.1	CAB13452.1
OG0000914	ALU71545.1	CAB13457.1
OG0000915	ALU71466.1	CAB13459.1
OG0000916	ALU70468.1	CAB13465.1
OG0000917	ALU71537.1	CAB13466.1
OG0000918	ALU71532.1	CAB13467.2
OG0000919	ALU71531.1	CAB13468.1
OG0000920	ALU71527.1	CAB13471.1
OG0000921	ALU71525.1	CAB13472.1
OG0000922	ALU71524.1	CAB13473.1
OG0000923	ALU71523.1	CAB13475.1
OG0000924	ALU71522.1	CAB13476.1
OG0000925	ALU71512.1	CAB13477.2
OG0000926	ALU71510.1	CAB13479.1
OG0000927	ALU69755.1	CAB13482.1
OG0000928	ALU69756.1	CAB13483.1
OG0000929	ALU71502.1	CAB13484.1
OG0000931	ALU71495.1	CAB13522.1
OG0000932	ALU71494.1	CAB13523.1
OG0000933	ALU71493.1	CAB13524.2
OG0000934	ALU71492.1	CAB13525.1
OG0000935	ALU71491.1	CAB13527.1
OG0000936	ALU71485.1	CAB13528.2
OG0000937	ALU71484.1	CAB13529.1
OG0000938	ALU71408.1	CAB13532.1
OG0000939	ALU71407.1	CAB13533.1
OG0000940	ALU71402.1	CAB13538.1
OG0000941	ALU71397.1	CAB13539.1
OG0000942	ALU71394.1	CAB13540.1
OG0000943	ALU71393.1	CAB13541.1
OG0000944	ALU71392.1	CAB13542.1
OG0000945	ALU67827.1	CAB13548.1
OG0000946	ALU70863.1, ALU71307.1	CAB13565.2
OG0000947	ALU71306.1	CAB13566.2
OG0000948	ALU71293.1	CAB13567.2
OG0000949	ALU71287.1	CAB13574.1
OG0000950	ALU69570.1	CAB13580.1
OG0000951	ALU71283.1	CAB13617.2
OG0000952	ALU71280.1	CAB13627.2
OG0000953	ALU70493.1	CAB13630.1
OG0000955	ALU73300.1	CAB14079.1, CAB13646.1
OG0000956	ALU71047.1	CAB13673.1
OG0000957	ALU72205.1	CAB13677.1
OG0000958	ALU71024.1	CAB13684.1
OG0000960	ALU71366.1, ALU68549.1	CAB13696.2
OG0000961	ALU70202.1	CAB13705.1
OG0000962	ALU67818.1, ALU70643.1	CAB13706.1
OG0000964	ALU73159.1	CAB13718.1
OG0000967	ALU68819.1	CAB13754.2
OG0000969	ALU70498.1	CAB15314.1, CAB13759.1
OG0000970	ALU70224.1	CAB15404.1, CAB13768.1
OG0000974	ALU72609.1	CAB13794.2
OG0000975	ALU72523.1	CAB15359.1, CAB13815.1
OG0000977	ALU70052.1	CAB13829.3
OG0000978	ALU70368.1, ALU72096.1	CAB13831.1
OG0000979	ALU71400.1	CAB13836.1
OG0000980	ALU68918.1	CAB13843.1, CAB16044.1
OG0000983	ALU68450.1	CAB13851.1
OG0000984	ALU71196.1	CAB14086.1
OG0000985	ALU68058.1	CAB14087.1
OG0000986	ALU69925.1	CAB14097.1
OG0000987	ALU69722.1	CAB14099.1
OG0000988	ALU69723.1	CAB14100.1
OG0000989	ALU71572.1	CAB14105.2
OG0000990	ALU67736.1	CAB14139.1
OG0000991	ALU67764.1	CAB14150.1
OG0000992	ALU73146.1	CAB14157.1
OG0000993	ALU73147.1	CAB14158.1
OG0000994	ALU70491.1	CAB14159.1
OG0000995	ALU71778.1	CAB14160.1
OG0000996	ALU68234.1	CAB14161.1
OG0000997	ALU71729.1	CAB14176.1
OG0000998	ALU67914.1	CAB14177.1
OG0000999	ALU70753.1	CAB14179.1
OG0001000	ALU70752.1	CAB14180.2
OG0001001	ALU69355.1	CAB14181.3
OG0001002	ALU70551.1	CAB14183.2
OG0001003	ALU71099.1	CAB14186.1
OG0001004	ALU71101.1	CAB14187.3
OG0001005	ALU70351.1	CAB14189.1
OG0001006	ALU72165.1	CAB14190.1
OG0001007	ALU73154.1	CAB14194.1
OG0001008	ALU70839.1	CAB14200.1
OG0001009	ALU72915.1	CAB14203.2
OG0001010	ALU70780.1	CAB14204.1
OG0001011	ALU70838.1	CAB14205.1
OG0001012	ALU71567.1	CAB14239.2
OG0001013	ALU70836.1	CAB14253.1
OG0001014	ALU71068.1	CAB14257.1
OG0001015	ALU71069.1	CAB14258.1
OG0001016	ALU71070.1	CAB14259.1
OG0001017	ALU71071.1	CAB14260.1
OG0001018	ALU70434.1	CAB14284.2
OG0001019	ALU70832.1	CAB14293.1
OG0001021	ALU70366.1	CAB14314.1
OG0001022	ALU71779.1	CAB14323.2
OG0001023	ALU70257.1	CAB14324.2
OG0001024	ALU70149.1	CAB14339.1
OG0001025	ALU69185.1, ALU72363.1	CAB14343.1
OG0001026	ALU69210.1	CAB14347.2
OG0001027	ALU70828.1	CAB14355.2
OG0001028	ALU70813.1	CAB14356.1
OG0001029	ALU71214.1	CAB14358.1
OG0001030	ALU71094.1	CAB14363.2
OG0001031	ALU71095.1	CAB14376.2
OG0001032	ALU70339.1	CAB14378.1
OG0001033	ALU70872.1	CAB14386.1
OG0001034	ALU69275.1, ALU72424.1	CAB14394.1
OG0001035	ALU71155.1	CAB14410.1
OG0001036	ALU69793.1	CAB14420.1
OG0001037	ALU69393.1	CAB14426.1
OG0001038	ALU69392.1	CAB14427.2
OG0001039	ALU69391.1	CAB14428.2
OG0001040	ALU69390.1	CAB14429.1
OG0001041	ALU71483.1	CAB14437.1
OG0001042	ALU69946.1	CAB14446.2
OG0001043	ALU70482.1	CAB14447.1
OG0001044	ALU70446.1	CAB14451.2
OG0001045	ALU70431.1	CAB14457.2
OG0001046	ALU70414.1	CAB14458.1
OG0001047	ALU71842.1	CAB14459.1
OG0001048	ALU70412.1	CAB14461.2
OG0001049	ALU70411.1	CAB14476.2
OG0001050	ALU70406.1	CAB14486.1
OG0001052	ALU72520.1	CAB14489.1
OG0001053	ALU72519.1	CAB14490.1
OG0001054	ALU70384.1	CAB14493.1
OG0001055	ALU70378.1	CAB14497.2
OG0001056	ALU70376.1	CAB14499.1
OG0001057	ALU70375.1	CAB14501.1
OG0001058	ALU70371.1	CAB14504.1
OG0001059	ALU68211.1	CAB14514.1
OG0001060	ALU70623.1	CAB14519.1
OG0001062	ALU72103.1	CAB14799.2, CAB14622.1
OG0001063	ALU69605.1	CAB14626.2
OG0001064	ALU72984.1	CAB15719.1, CAB14635.1
OG0001065	ALU72697.1	CAB14638.2
OG0001069	ALU71421.1, ALU70015.1	CAB14678.1
OG0001070	ALU71105.1	CAB14679.1
OG0001071	ALU71107.1	CAB14682.1
OG0001072	ALU71589.1	CAB14691.3
OG0001073	ALU67905.1	CAB14694.2
OG0001074	ALU71108.1	CAB14695.1
OG0001075	ALU71112.1	CAB14714.1
OG0001076	ALU71154.1	CAB14715.1
OG0001077	ALU71158.1	CAB14719.2
OG0001078	ALU71161.1	CAB14724.2
OG0001079	ALU67898.1	CAB14731.1
OG0001080	ALU71164.1	CAB14733.2
OG0001081	ALU71165.1	CAB14734.1
OG0001082	ALU71167.1	CAB14742.1
OG0001083	ALU68037.1	CAB14750.1
OG0001084	ALU70355.1	CAB14752.1
OG0001085	ALU70354.1	CAB14754.1
OG0001086	ALU70353.1	CAB14756.1
OG0001087	ALU71781.1	CAB14765.1
OG0001088	ALU70348.1	CAB14769.2
OG0001089	ALU72228.1	CAB14773.1
OG0001090	ALU72230.1	CAB14775.1
OG0001091	ALU72231.1	CAB14777.1
OG0001092	ALU70335.1	CAB14782.2
OG0001093	ALU70332.1	CAB14783.1
OG0001094	ALU71559.1	CAB14786.1
OG0001096	ALU71568.1	CAB14789.1
OG0001097	ALU71570.1	CAB14791.1
OG0001098	ALU70274.1	CAB14796.1
OG0001099	ALU70273.1	CAB14797.1
OG0001100	ALU70315.1	CAB14802.1
OG0001101	ALU71846.1	CAB14803.1
OG0001102	ALU71066.1	CAB14809.2
OG0001103	ALU68225.1	CAB14810.1
OG0001104	ALU71593.1	CAB14812.1
OG0001105	ALU71594.1	CAB14813.1
OG0001106	ALU68272.1	CAB14819.1
OG0001107	ALU70801.1	CAB14824.1
OG0001108	ALU70800.1	CAB14825.1
OG0001109	ALU68506.1	CAB14830.1
OG0001111	ALU70799.1	CAB14845.1
OG0001112	ALU70798.1	CAB14846.1
OG0001113	ALU70797.1	CAB14847.1
OG0001114	ALU71268.1	CAB14860.1
OG0001115	ALU71882.1, ALU73018.1	CAB14864.1
OG0001116	ALU69636.1	CAB14865.1, CAB15345.1
OG0001117	ALU70782.1	CAB14866.1
OG0001118	ALU71536.1	CAB14868.2
OG0001119	ALU69186.1	CAB14874.1
OG0001120	ALU70759.1	CAB14878.1
OG0001121	ALU71578.1	CAB14879.1
OG0001122	ALU70611.1	CAB14883.1
OG0001123	ALU70815.1	CAB14904.1
OG0001124	ALU70814.1	CAB14905.1
OG0001125	ALU69789.1	CAB14924.1
OG0001126	ALU72400.1	CAB14925.1
OG0001127	ALU72000.1	CAB14944.1
OG0001128	ALU71247.1	CAB14949.1
OG0001129	ALU70590.1	CAB14957.1
OG0001130	ALU72786.1	CAB14968.1
OG0001131	ALU70654.1	CAB14998.1, CAB15026.1
OG0001132	ALU68247.1	CAB15010.1
OG0001133	ALU68581.1	CAB15013.1
OG0001138	ALU71081.1	CAB15033.1
OG0001140	ALU68216.1	CAB15046.1
OG0001141	ALU69376.1	CAB15049.2, CAB15902.1
OG0001142	ALU68268.1	CAB15052.1
OG0001143	ALU68267.1	CAB15054.1
OG0001144	ALU70264.1	CAB15072.1
OG0001145	ALU70262.1	CAB15076.1
OG0001147	ALU70890.1	CAB15093.1
OG0001148	ALU69749.1	CAB15124.2
OG0001149	ALU72371.1	CAB15149.2
OG0001150	ALU72372.1	CAB15151.2
OG0001151	ALU72373.1	CAB15152.3
OG0001152	ALU72376.1	CAB15154.1
OG0001153	ALU70267.1	CAB15163.1
OG0001154	ALU72988.1	CAB15181.1
OG0001155	ALU72759.1, ALU71348.1	CAB15189.2
OG0001156	ALU70529.1	CAB15195.1
OG0001157	ALU70539.1	CAB15206.1
OG0001159	ALU70232.1	CAB15214.1
OG0001160	ALU70230.1	CAB15216.1
OG0001161	ALU70524.1	CAB15223.2
OG0001162	ALU72874.1	CAB15231.1
OG0001163	ALU68331.1, ALU68327.1	CAB15232.1
OG0001164	ALU71795.1	CAB15236.2
OG0001165	ALU68923.1	CAB15240.2
OG0001166	ALU68326.1	CAB15241.1
OG0001167	ALU71037.1	CAB15256.1
OG0001168	ALU71035.1	CAB15260.1
OG0001169	ALU69144.1	CAB15263.1
OG0001170	ALU69145.1	CAB15264.1
OG0001171	ALU70867.1	CAB15269.1
OG0001172	ALU71121.1	CAB15277.1
OG0001173	ALU69940.1	CAB15294.1
OG0001174	ALU71664.1	CAB15298.1
OG0001175	ALU70250.1	CAB15305.2
OG0001176	ALU71056.1	CAB15364.1, CAB15309.1
OG0001177	ALU69120.1	CAB15310.1
OG0001178	ALU69523.1	CAB15344.3
OG0001179	ALU70399.1	CAB15348.1
OG0001180	ALU69785.1	CAB15351.1
OG0001181	ALU69823.1	CAB15355.2
OG0001182	ALU69825.1	CAB15356.1
OG0001183	ALU71655.1	CAB15365.1
OG0001184	ALU68840.1, ALU69118.1	CAB15384.1
OG0001185	ALU70040.1	CAB15390.1
OG0001186	ALU71308.1	CAB15394.1
OG0001187	ALU69898.1	CAB15395.1
OG0001188	ALU71060.1	CAB15397.1
OG0001189	ALU71061.1	CAB15398.1
OG0001190	ALU71062.1	CAB15399.1
OG0001191	ALU68966.1	CAB15408.1
OG0001192	ALU68965.1	CAB15409.1
OG0001193	ALU68964.1	CAB15410.1
OG0001194	ALU69483.1	CAB15413.1
OG0001195	ALU69484.1	CAB15414.1
OG0001198	ALU68307.1	CAB15459.1
OG0001199	ALU71461.1, ALU68597.1	CAB15471.1
OG0001200	ALU71064.1	CAB15481.2
OG0001201	ALU71065.1	CAB15482.1
OG0001202	ALU68226.1	CAB15484.1
OG0001203	ALU70703.1	CAB15491.1
OG0001204	ALU70699.1	CAB15492.1
OG0001205	ALU70697.1	CAB15493.1
OG0001206	ALU70695.1	CAB15494.1
OG0001207	ALU70692.1	CAB15495.1
OG0001208	ALU70690.1	CAB15496.1
OG0001209	ALU70908.1	CAB15497.1
OG0001210	ALU69358.1, ALU72561.1	CAB15501.1
OG0001211	ALU70754.1	CAB15504.1
OG0001212	ALU70975.1	CAB15505.1
OG0001213	ALU70792.1	CAB15533.1
OG0001214	ALU70784.1	CAB15534.1
OG0001215	ALU69069.1	CAB15537.1
OG0001216	ALU69418.1	CAB15665.1, CAB15538.1
OG0001217	ALU71656.1	CAB15542.1
OG0001218	ALU71657.1	CAB15543.1
OG0001219	ALU71660.1	CAB15546.1
OG0001220	ALU71739.1	CAB15548.1
OG0001221	ALU71740.1	CAB15562.2
OG0001222	ALU69757.1	CAB15568.1
OG0001223	ALU70239.1	CAB15570.1
OG0001224	ALU72547.1	CAB15592.1
OG0001225	ALU72171.1	CAB15625.1
OG0001227	ALU73556.1, ALU69321.1	CAB15632.1
OG0001229	ALU69790.1	CAB15653.1
OG0001230	ALU70072.1	CAB15666.2
OG0001231	ALU71529.1	CAB15669.1
OG0001232	ALU69396.1	CAB15681.1
OG0001233	ALU71627.1	CAB15687.1
OG0001234	ALU73479.1, ALU70342.1	CAB15688.1
OG0001235	ALU67837.1	CAB15691.1, CAB15690.1
OG0001236	ALU70235.1	CAB15718.1
OG0001237	ALU70234.1	CAB15724.1
OG0001238	ALU70233.1	CAB15725.2
OG0001239	ALU69941.1	CAB15726.1
OG0001240	ALU71048.1	CAB15728.3
OG0001241	ALU70831.1	CAB15743.1
OG0001242	ALU72534.1	CAB15746.1
OG0001243	ALU71521.1	CAB15750.1
OG0001244	ALU70228.1	CAB15761.1
OG0001245	ALU67673.1	CAB15776.1
OG0001246	ALU69011.1	CAB15777.1
OG0001247	ALU72446.1	CAB15780.1
OG0001248	ALU68856.1	CAB15785.1
OG0001249	ALU71900.1, ALU67878.1	CAB15792.1
OG0001250	ALU71201.1	CAB15794.1
OG0001251	ALU71907.1, ALU70659.1	CAB15799.2
OG0001252	ALU67975.1	CAB15809.1
OG0001253	ALU67976.1	CAB15810.1
OG0001254	ALU69017.1	CAB16022.2, CAB15822.2
OG0001255	ALU71547.1	CAB15823.1
OG0001256	ALU72572.1	CAB15844.2
OG0001257	ALU69666.1	CAB15850.2
OG0001258	ALU73124.1	CAB15851.1
OG0001259	ALU72389.1	CAB15873.1
OG0001260	ALU67705.1, ALU73387.1	CAB15876.1
OG0001261	ALU71976.1	CAB15898.1
OG0001262	ALU68494.1	CAB15931.2
OG0001263	ALU69100.1	CAB15971.1
OG0001264	ALU69096.1	CAB15972.1
OG0001265	ALU69095.1	CAB15973.1
OG0001266	ALU71841.1	CAB15976.2
OG0001267	ALU72277.1	CAB15978.2
OG0001268	ALU69585.1	CAB15979.1
OG0001269	ALU72444.1	CAB16079.1
OG0001270	ALU68386.1	CAB16081.2
OG0001271	ALU71705.1	CAB16085.1
OG0001272	ALU68385.1	CAB16087.1
OG0001273	ALU69406.1	CAB16103.1
OG0001274	ALU71586.1	CAB16111.1
OG0001275	ALU68382.1	CAB16128.1
OG0001276	ALU69955.1	CAB16129.1
OG0001277	ALU68222.1	CAB16133.1
OG0001278	ALU68220.1	CAB16137.1
OG0001279	ALU68218.1	CAB16140.1
OG0001280	ALU68214.1	CAB16143.1
OG0001281	ALU73083.1, ALU68999.1	CAE01447.2
OG0001282	ALU69618.1, ALU68802.1	CAE01448.1
OG0001284	ALU69336.1	CAX52584.1
OG0001449	ALU67732.1	CAB11807.1
OG0001451	ALU69208.1	CAB11835.1
OG0001453	ALU73157.1	CAB11843.1
OG0001455	ALU73099.1	CAB11864.1
OG0001457	ALU72780.1	CAB11869.1
OG0001458	ALU72014.1	CAB11905.1
OG0001459	ALU72725.1	CAB11934.1
OG0001465	ALU72434.1	CAB12017.1
OG0001466	ALU72357.1	CAB12021.1
OG0001468	ALU68675.1	CAB12041.1
OG0001471	ALU69326.1	CAB12055.2
OG0001472	ALU69173.1	CAB12056.2
OG0001474	ALU73417.1	CAB12060.2
OG0001478	ALU68102.1	CAB12096.2
OG0001479	ALU69001.1	CAB12102.2
OG0001482	ALU68682.1	CAB12112.1
OG0001484	ALU68530.1	CAB12120.1
OG0001487	ALU73473.1	CAB12139.1
OG0001488	ALU73474.1	CAB12140.1
OG0001489	ALU72418.1	CAB12153.2
OG0001492	ALU72802.1	CAB12175.2
OG0001494	ALU68185.1	CAB12221.1
OG0001495	ALU72564.1	CAB12237.1
OG0001496	ALU71220.1	CAB12239.1
OG0001497	ALU70614.1	CAB12241.1
OG0001499	ALU71124.1	CAB12248.1
OG0001507	ALU69194.1	CAB12283.1
OG0001508	ALU69195.1	CAB12284.1
OG0001509	ALU71514.1	CAB12285.2
OG0001510	ALU73638.1	CAB12293.1
OG0001516	ALU73095.1	CAB12320.1
OG0001517	ALU69485.1	CAB12323.1
OG0001518	ALU68949.1	CAB12324.1
OG0001519	ALU71415.1	CAB12330.1
OG0001520	ALU69729.1	CAB12338.1
OG0001521	ALU68514.1	CAB12339.1
OG0001522	ALU67715.1	CAB12347.1
OG0001526	ALU71499.1	CAB12387.1
OG0001531	ALU71549.1	CAB12409.1
OG0001532	ALU70206.1	CAB12425.1
OG0001533	ALU67916.1	CAB12426.1
OG0001536	ALU70139.1	CAB12443.1
OG0001537	ALU68017.1	CAB12450.2
OG0001538	ALU71020.1	CAB12453.2
OG0001539	ALU69953.1	CAB12479.1
OG0001541	ALU73141.1	CAB12507.1
OG0001542	ALU70667.1	CAB12511.1
OG0001548	ALU69831.1	CAB12556.1
OG0001549	ALU69452.1	CAB12574.1
OG0001552	ALU68706.1	CAB12586.1
OG0001555	ALU70479.1	CAB12617.1
OG0001557	ALU69468.1	CAB12628.2
OG0001558	ALU69595.1	CAB12635.1
OG0001559	ALU69596.1	CAB12636.1
OG0001560	ALU69252.1	CAB12641.1
OG0001563	ALU72836.1	CAB12659.1
OG0001565	ALU70295.1	CAB12663.1
OG0001567	ALU72475.1	CAB12670.1
OG0001568	ALU67925.1	CAB12674.1
OG0001569	ALU70526.1	CAB12680.1
OG0001571	ALU68904.1	CAB12714.2
OG0001574	ALU70203.1	CAB12727.1
OG0001577	ALU71833.1	CAB12759.2
OG0001578	ALU68698.1	CAB12777.1
OG0001583	ALU69492.1	CAB12820.1
OG0001584	ALU69627.1	CAB12829.2
OG0001585	ALU69626.1	CAB12830.2
OG0001589	ALU70272.1	CAB12864.1
OG0001590	ALU69808.1	CAB12866.1
OG0001591	ALU67870.1	CAB12867.2
OG0001597	ALU68658.1	CAB12926.1
OG0001600	ALU72163.1	CAB12942.1
OG0001608	ALU67921.1	CAB13021.1
OG0001609	ALU70158.1	CAB13022.1
OG0001610	ALU72394.1	CAB13024.1
OG0001613	ALU69796.1	CAB13046.1
OG0001616	ALU70307.1	CAB13054.1
OG0001617	ALU69353.1	CAB13055.1
OG0001618	ALU71726.1	CAB13063.1
OG0001620	ALU69314.1	CAB13081.1
OG0001644	ALU69454.1	CAB13172.1
OG0001647	ALU70024.1	CAB13187.1
OG0001648	ALU69241.1	CAB13197.1
OG0001649	ALU71030.1	CAB13198.1
OG0001660	ALU69932.1	CAB13354.1
OG0001661	ALU71543.1	CAB13359.1
OG0001663	ALU71681.1	CAB13378.2
OG0001664	ALU71539.1	CAB13380.1
OG0001667	ALU70866.1	CAB13398.2
OG0001668	ALU70865.1	CAB13400.1
OG0001670	ALU71605.1	CAB13408.2
OG0001672	ALU70595.1	CAB13413.3
OG0001673	ALU70598.1	CAB13416.1
OG0001675	ALU71460.1	CAB13439.1
OG0001676	ALU71730.1	CAB13451.1
OG0001691	ALU69569.1	CAB13579.1
OG0001701	ALU67987.1	CAB13700.1
OG0001702	ALU72058.1	CAB13708.1
OG0001703	ALU72044.1	CAB13709.1
OG0001704	ALU69579.1	CAB13719.1
OG0001709	ALU72383.1	CAB13798.1
OG0001711	ALU70805.1	CAB13827.1
OG0001712	ALU70610.1	CAB13840.2
OG0001714	ALU69563.1	CAB13856.1
OG0001722	ALU72824.1	CAB14108.1
OG0001723	ALU67897.1	CAB14116.1
OG0001724	ALU70928.1	CAB14118.1
OG0001729	ALU70190.1	CAB14140.1
OG0001732	ALU71352.1	CAB14165.1
OG0001735	ALU70835.1	CAB14254.1
OG0001738	ALU71832.1	CAB14281.1
OG0001740	ALU68602.1	CAB14289.2
OG0001743	ALU69927.1	CAB14308.2
OG0001745	ALU70991.1	CAB14318.2
OG0001746	ALU69818.1	CAB14327.1
OG0001750	ALU69184.1	CAB14344.2
OG0001752	ALU70826.1	CAB14357.2
OG0001753	ALU69944.1	CAB14361.2
OG0001755	ALU71358.1	CAB14384.1
OG0001756	ALU70530.1	CAB14388.2
OG0001762	ALU67783.1	CAB14482.1
OG0001763	ALU70404.1	CAB14491.1
OG0001765	ALU70370.1	CAB14506.1
OG0001767	ALU70622.1	CAB14520.2
OG0001771	ALU72891.1	CAB14596.1
OG0001772	ALU69652.1	CAB14605.1
OG0001774	ALU69514.1	CAB14611.1
OG0001775	ALU68456.1	CAB14621.1
OG0001778	ALU72298.1	CAB14643.2
OG0001780	ALU68035.1	CAB14656.1
OG0001783	ALU71106.1	CAB14681.1
OG0001784	ALU72398.1	CAB14685.1
OG0001787	ALU71163.1	CAB14730.2
OG0001789	ALU70661.1	CAB14745.1
OG0001790	ALU70663.1	CAB14746.1
OG0001791	ALU70662.1	CAB14747.1
OG0001794	ALU71569.1	CAB14790.2
OG0001795	ALU69643.1	CAB14793.1
OG0001799	ALU69952.1	CAB14831.2
OG0001800	ALU69735.1	CAB14838.1
OG0001803	ALU69662.1	CAB14852.1
OG0001804	ALU71005.1	CAB14857.1
OG0001807	ALU70961.1	CAB14877.1
OG0001809	ALU71001.1	CAB14888.1
OG0001814	ALU68503.1	CAB14934.2
OG0001818	ALU69811.1	CAB14985.1
OG0001820	ALU70639.1	CAB14999.1
OG0001821	ALU70637.1	CAB15001.1
OG0001824	ALU68892.1	CAB15024.1
OG0001825	ALU72353.1	CAB15031.1
OG0001827	ALU68431.1	CAB15040.1
OG0001829	ALU69783.1	CAB15048.1
OG0001830	ALU72176.1	CAB15058.1
OG0001831	ALU73116.1	CAB15059.1
OG0001832	ALU72170.1	CAB15060.1
OG0001836	ALU67708.1	CAB15079.1
OG0001837	ALU72091.1	CAB15083.2
OG0001839	ALU73144.1	CAB15092.1
OG0001840	ALU71858.1	CAB15095.1
OG0001841	ALU73580.1	CAB15098.1
OG0001842	ALU73581.1	CAB15100.1
OG0001850	ALU71989.1	CAB15176.2
OG0001851	ALU71344.1	CAB15187.1
OG0001852	ALU71345.1	CAB15188.1
OG0001853	ALU71346.1	CAB15190.2
OG0001856	ALU71384.1	CAB15212.1
OG0001857	ALU70231.1	CAB15215.1
OG0001861	ALU71033.1	CAB15257.1
OG0001863	ALU69188.1	CAB15287.1
OG0001864	ALU72237.1	CAB15342.1
OG0001865	ALU68570.1	CAB15349.1
OG0001871	ALU68764.1	CAB15448.1
OG0001873	ALU71063.1	CAB15480.1
OG0001875	ALU70480.1	CAB15502.1
OG0001876	ALU72193.1	CAB15515.1
OG0001882	ALU67805.1	CAB15612.1
OG0001883	ALU68957.1	CAB15613.1
OG0001884	ALU69661.1	CAB15652.1
OG0001886	ALU70694.1	CAB15662.1
OG0001887	ALU69441.1	CAB15664.1
OG0001889	ALU68782.1	CAB15679.1
OG0001890	ALU67941.1	CAB15682.1
OG0001891	ALU70248.1	CAB15697.1
OG0001892	ALU70246.1	CAB15699.1
OG0001893	ALU70245.1	CAB15700.1
OG0001894	ALU70244.1	CAB15701.1
OG0001895	ALU70242.1	CAB15703.1
OG0001896	ALU70329.1	CAB15709.1
OG0001900	ALU67664.1	CAB15775.1
OG0001902	ALU70857.1	CAB15828.1
OG0001903	ALU68699.1	CAB15846.1
OG0001905	ALU69894.1	CAB15852.1
OG0001906	ALU69895.1	CAB15853.1
OG0001907	ALU69896.1	CAB15854.2
OG0001908	ALU70502.1	CAB15856.1
OG0001911	ALU69476.1	CAB15871.1
OG0001912	ALU72192.1	CAB15875.1
OG0001913	ALU68515.1	CAB15880.2
OG0001915	ALU69097.1	CAB15897.1
OG0001916	ALU69378.1	CAB15900.1
OG0001917	ALU69377.1	CAB15901.1
OG0001919	ALU71814.1	CAB15923.2
OG0001920	ALU70012.1	CAB15927.1
OG0001921	ALU70790.1	CAB15952.1
OG0001922	ALU69540.1	CAB15988.1
OG0001924	ALU70341.1	CAB16004.1
OG0001925	ALU71873.1	CAB16005.1
OG0001926	ALU71872.1	CAB16006.2
OG0001927	ALU71870.1	CAB16009.2
OG0001928	ALU71869.1	CAB16011.2
OG0001929	ALU71874.1	CAB16012.1
OG0001930	ALU69200.1	CAB16018.1
OG0001931	ALU69979.1	CAB16038.1
OG0001932	ALU70538.1	CAB16041.2
OG0001934	ALU69631.1	CAB16080.1
OG0001936	ALU72281.1	CAB16094.1
OG0001937	ALU67883.1	CAB16102.1
OG0001938	ALU69405.1	CAB16104.2
OG0001940	ALU70942.1	CAB16113.1
OG0001941	ALU68566.1	CAB16122.1
OG0001944	ALU68215.1	CAB16142.1
OG0001945	ALU72162.1	CAE01461.2
OG0001947	ALU69438.1	CAX52540.1
OG0001952	ALU72885.1	CAX52685.1
